index,value,timeSec
0,-0.008948530198349004,0.0
1,-0.008948758066888728,2.2675736961451248E-5
2,-0.008948617443118687,4.5351473922902495E-5
3,-0.008948108742123949,6.802721088435374E-5
4,-0.008947232393273068,9.070294784580499E-5
5,-0.008945988840198045,1.1337868480725624E-4
6,-0.008944378540773767,1.3605442176870748E-4
7,-0.008942401967096893,1.5873015873015873E-4
8,-0.008940059605464215,1.8140589569160998E-4
9,-0.008937351956350472,2.0408163265306123E-4
10,-0.008934279534385622,2.2675736961451248E-4
11,-0.008930842868331575,2.4943310657596373E-4
12,-0.008927042501058424,2.7210884353741496E-4
13,-0.008922878989520083,2.9478458049886624E-4
14,-0.00891835290472944,3.1746031746031746E-4
15,-0.008913464831732956,3.401360544217687E-4
16,-0.008908215369584742,3.6281179138321996E-4
17,-0.008902605131320072,3.854875283446712E-4
18,-0.008896634743928431,4.0816326530612246E-4
19,-0.008890304848325979,4.308390022675737E-4
20,-0.008883616099327484,4.5351473922902497E-4
21,-0.008876569165617788,4.761904761904762E-4
22,-0.008869164729722672,4.988662131519275E-4
23,-0.00886140348797925,5.215419501133786E-4
24,-0.008853286150505828,5.442176870748299E-4
25,-0.00884481344117121,5.668934240362812E-4
26,-0.008835986097563538,5.895691609977325E-4
27,-0.00882680487095856,6.122448979591836E-4
28,-0.008817270526287413,6.349206349206349E-4
29,-0.008807383842103873,6.575963718820862E-4
30,-0.008797145610551093,6.802721088435374E-4
31,-0.008786556637327837,7.029478458049886E-4
32,-0.008775617741654172,7.256235827664399E-4
33,-0.008764329756236679,7.482993197278912E-4
34,-0.008752693527233147,7.709750566893424E-4
35,-0.00874070991421673,7.936507936507937E-4
36,-0.008728379790139643,8.163265306122449E-4
37,-0.008715704041296297,8.390022675736961E-4
38,-0.008702683567285993,8.616780045351474E-4
39,-0.00868931928097504,8.843537414965987E-4
40,-0.008675612108458443,9.070294784580499E-4
41,-0.008661562989021028,9.297052154195011E-4
42,-0.008647172875098101,9.523809523809524E-4
43,-0.00863244273223562,9.750566893424037E-4
44,-0.008617373539049832,9.97732426303855E-4
45,-0.008601966287186453,0.0010204081632653062
46,-0.008586221981279328,0.0010430839002267573
47,-0.008570141638908622,0.0010657596371882086
48,-0.008553726290558505,0.0010884353741496598
49,-0.008536976979574343,0.0011111111111111111
50,-0.008519894762119435,0.0011337868480725624
51,-0.008502480707131228,0.0011564625850340137
52,-0.008484735896277074,0.001179138321995465
53,-0.008466661423909482,0.001201814058956916
54,-0.008448258397020916,0.0012244897959183673
55,-0.008429527935198106,0.0012471655328798186
56,-0.008410471170575865,0.0012698412698412698
57,-0.008391089247790456,0.0012925170068027211
58,-0.008371383323932478,0.0013151927437641724
59,-0.00835135456849928,0.0013378684807256237
60,-0.00833100416334689,0.0013605442176870747
61,-0.008310333302641512,0.001383219954648526
62,-0.008289343192810533,0.0014058956916099773
63,-0.008268035052493067,0.0014285714285714286
64,-0.008246410112490039,0.0014512471655328798
65,-0.008224469615713829,0.0014739229024943311
66,-0.008202214817137413,0.0014965986394557824
67,-0.00817964698374311,0.0015192743764172335
68,-0.008156767394470812,0.0015419501133786847
69,-0.008133577340165815,0.001564625850340136
70,-0.00811007812352616,0.0015873015873015873
71,-0.008086271059049556,0.0016099773242630386
72,-0.008062157472979843,0.0016326530612244899
73,-0.008037738703253005,0.0016553287981859411
74,-0.008013016099442752,0.0016780045351473922
75,-0.007987991022705672,0.0017006802721088435
76,-0.007962664845725918,0.0017233560090702948
77,-0.007937038952659485,0.001746031746031746
78,-0.007911114739078033,0.0017687074829931973
79,-0.007884893611912303,0.0017913832199546486
80,-0.007858376989395089,0.0018140589569160999
81,-0.007831566301003769,0.001836734693877551
82,-0.007804462987402451,0.0018594104308390022
83,-0.007777068500383661,0.0018820861678004535
84,-0.007749384302809629,0.0019047619047619048
85,-0.007721411868553138,0.001927437641723356
86,-0.0076931526824379915,0.0019501133786848073
87,-0.007664608240179036,0.0019727891156462586
88,-0.007635780048321787,0.00199546485260771
89,-0.007606669624181637,0.002018140589569161
90,-0.007577278495782679,0.0020408163265306124
91,-0.007547608201796092,0.0020634920634920637
92,-0.0075176602914781634,0.0020861678004535146
93,-0.007487436324607873,0.002108843537414966
94,-0.0074569378714241085,0.002131519274376417
95,-0.007426166512562487,0.0021541950113378684
96,-0.007395123838991759,0.0021768707482993197
97,-0.007363811451949849,0.002199546485260771
98,-0.0073322309628794935,0.0022222222222222222
99,-0.007300383993363504,0.0022448979591836735
100,-0.0072682721750596474,0.0022675736961451248
101,-0.007235897149635123,0.002290249433106576
102,-0.007203260568700714,0.0023129251700680273
103,-0.007170364093744501,0.0023356009070294786
104,-0.007137209396065259,0.00235827664399093
105,-0.007103798156705441,0.002380952380952381
106,-0.007070132066383831,0.002403628117913832
107,-0.007036212825427805,0.0024263038548752833
108,-0.007002042143705247,0.0024489795918367346
109,-0.006967621740556097,0.002471655328798186
110,-0.006932953344723532,0.002494331065759637
111,-0.006898038694284834,0.0025170068027210884
112,-0.006862879536581863,0.0025396825396825397
113,-0.006827477628151178,0.002562358276643991
114,-0.006791834734653866,0.0025850340136054422
115,-0.006755952630804969,0.0026077097505668935
116,-0.006719833100302604,0.002630385487528345
117,-0.0066834779357567205,0.002653061224489796
118,-0.006646888938617554,0.0026757369614512473
119,-0.006610067919103718,0.0026984126984126986
120,-0.006573016696129989,0.0027210884353741495
121,-0.006535737097234732,0.0027437641723356007
122,-0.006498230958507053,0.002766439909297052
123,-0.006460500124513575,0.0027891156462585033
124,-0.006422546448224935,0.0028117913832199546
125,-0.006384371790941937,0.002834467120181406
126,-0.006345978022221421,0.002857142857142857
127,-0.0063073670198018,0.0028798185941043084
128,-0.006268540669528277,0.0029024943310657597
129,-0.00622950086527784,0.002925170068027211
130,-0.006190249508883794,0.0029478458049886623
131,-0.00615078851006017,0.0029705215419501135
132,-0.00611111978632573,0.002993197278911565
133,-0.00607124526292771,0.003015873015873016
134,-0.006031166872765275,0.003038548752834467
135,-0.005990886556312683,0.003061224489795918
136,-0.00595040626154217,0.0030839002267573695
137,-0.005909727943846536,0.0031065759637188208
138,-0.005868853565961479,0.003129251700680272
139,-0.005827785097887634,0.0031519274376417233
140,-0.0057865245168123546,0.0031746031746031746
141,-0.005745073807031198,0.003197278911564626
142,-0.0057034349598691775,0.003219954648526077
143,-0.005661609973601732,0.0032426303854875284
144,-0.005619600853375444,0.0032653061224489797
145,-0.005577409611128477,0.003287981859410431
146,-0.005535038265510802,0.0033106575963718823
147,-0.005492488841804132,0.0033333333333333335
148,-0.005449763371841627,0.0033560090702947844
149,-0.005406863893927349,0.0033786848072562357
150,-0.005363792452755477,0.003401360544217687
151,-0.005320551099329291,0.0034240362811791382
152,-0.005277141890879897,0.0034467120181405895
153,-0.00523356689078474,0.0034693877551020408
154,-0.005189828168485883,0.003492063492063492
155,-0.005145927799408055,0.0035147392290249433
156,-0.005101867864876479,0.0035374149659863946
157,-0.005057650452034471,0.003560090702947846
158,-0.005013277653760835,0.003582766439909297
159,-0.004968751568587044,0.0036054421768707485
160,-0.00492407430061419,0.0036281179138321997
161,-0.004879247959429751,0.003650793650793651
162,-0.004834274660024128,0.003673469387755102
163,-0.0047891565227070184,0.003696145124716553
164,-0.004743895673023545,0.0037188208616780044
165,-0.004698494241670222,0.0037414965986394557
166,-0.004652954364410724,0.003764172335600907
167,-0.004607278181991452,0.0037868480725623582
168,-0.00456146784005693,0.0038095238095238095
169,-0.004515525489065014,0.003832199546485261
170,-0.004469453284201921,0.003854875283446712
171,-0.004423253385297077,0.0038775510204081634
172,-0.00437692795673781,0.0039002267573696146
173,-0.0043304791673838446,0.0039229024943310655
174,-0.004283909190481667,0.003945578231292517
175,-0.004237220203578692,0.003968253968253968
176,-0.004190414388437305,0.00399092970521542
177,-0.004143493930948701,0.004013605442176871
178,-0.004096461021046631,0.004036281179138322
179,-0.004049317852620945,0.004058956916099773
180,-0.004002066623431028,0.004081632653061225
181,-0.003954709535019046,0.004104308390022676
182,-0.003907248792623124,0.004126984126984127
183,-0.0038596866050903096,0.004149659863945578
184,-0.0038120251847894556,0.004172335600907029
185,-0.0037642667475239534,0.004195011337868481
186,-0.003716413512444348,0.004217687074829932
187,-0.0036684677019608153,0.004240362811791383
188,-0.0036204315416555354,0.004263038548752834
189,-0.0035723072601949444,0.004285714285714286
190,-0.0035240970892418647,0.004308390022675737
191,-0.003475803263367545,0.0043310657596371885
192,-0.003427428019963567,0.004353741496598639
193,-0.0033789735991536793,0.004376417233560091
194,-0.003330442243705499,0.004399092970521542
195,-0.0032818361989421473,0.004421768707482994
196,-0.003233157712653775,0.0044444444444444444
197,-0.0031844090350089923,0.004467120181405895
198,-0.0031355924184662412,0.004489795918367347
199,-0.0030867101176850487,0.004512471655328798
200,-0.003037764389437227,0.0045351473922902496
201,-0.002988757492517978,0.0045578231292517
202,-0.0029396916876569556,0.004580498866213152
203,-0.002890569237429212,0.004603174603174603
204,-0.002841392406166126,0.004625850340136055
205,-0.0027921634598662304,0.0046485260770975055
206,-0.0027428846661060125,0.004671201814058957
207,-0.00269355829395063,0.004693877551020408
208,-0.0026441866138645995,0.00471655328798186
209,-0.0025947718976224074,0.004739229024943311
210,-0.0025453164182191114,0.004761904761904762
211,-0.0024958224497808675,0.004784580498866213
212,-0.0024462922674754373,0.004807256235827664
213,-0.002396728147422645,0.004829931972789116
214,-0.0023471323666048234,0.004852607709750567
215,-0.0022975072027772124,0.004875283446712018
216,-0.0022478549343783348,0.004897959183673469
217,-0.002198177840440362,0.004920634920634921
218,-0.002148478200499456,0.004943310657596372
219,-0.002098758294506084,0.004965986394557823
220,-0.002049020402735336,0.004988662131519274
221,-0.0019992668056972385,0.005011337868480726
222,-0.0019494997840470377,0.005034013605442177
223,-0.0018997216184955246,0.0050566893424036285
224,-0.0018499345897193076,0.005079365079365079
225,-0.0018001409782711422,0.00510204081632653
226,-0.0017503430644902347,0.005124716553287982
227,-0.0017005431284125756,0.005147392290249433
228,-0.001650743449681288,0.0051700680272108845
229,-0.0016009463074569718,0.005192743764172335
230,-0.0015511539803281212,0.005215419501133787
231,-0.001501368746221508,0.005238095238095238
232,-0.0014515928823126414,0.00526077097505669
233,-0.001401828664936231,0.00528344671201814
234,-0.0013520783694967032,0.005306122448979592
235,-0.0013023442703787563,0.005328798185941043
236,-0.0012526286408579422,0.005351473922902495
237,-0.001202933753011312,0.0053741496598639455
238,-0.0011532618776281074,0.005396825396825397
239,-0.0011036152841205058,0.005419501133786848
240,-0.001053996240434413,0.005442176870748299
241,-0.0010044070129603243,0.005464852607709751
242,-9.548498664442512E-4,0.0054875283446712015
243,-9.053270638987136E-4,0.005510204081632653
244,-8.558408665137922E-4,0.005532879818594104
245,-8.063935335682602E-4,0.005555555555555556
246,-7.569873223408109E-4,0.005578231292517007
247,-7.076244880213334E-4,0.005600907029478458
248,-6.58307283622287E-4,0.005623582766439909
249,-6.090379598901702E-4,0.005646258503401361
250,-5.59818765217076E-4,0.005668934240362812
251,-5.106519455523257E-4,0.0056916099773242634
252,-4.6153974431422306E-4,0.005714285714285714
253,-4.124844023018913E-4,0.005736961451247165
254,-3.634881576072245E-4,0.005759637188208617
255,-3.1455324552694813E-4,0.005782312925170068
256,-2.656818984747714E-4,0.005804988662131519
257,-2.168763458936791E-4,0.00582766439909297
258,-1.6813881416831997E-4,0.005850340136054422
259,-1.1947152653753266E-4,0.005873015873015873
260,-7.087670300698302E-5,0.0058956916099773245
261,-2.2356560261922644E-5,0.005918367346938775
262,2.6086688419887753E-5,0.005941043083900227
263,7.44508332551669E-5,0.005963718820861678
264,1.2273366804193414E-4,0.00598639455782313
265,1.7093299024620008E-4,0.0060090702947845805
266,2.190466010885063E-4,0.006031746031746032
267,2.670723056303311E-4,0.006054421768707483
268,3.150079128603346E-4,0.006077097505668934
269,3.62851235780452E-4,0.006099773242630386
270,4.106000914918316E-4,0.006122448979591836
271,4.5825230128060694E-4,0.006145124716553288
272,5.058056907035193E-4,0.006167800453514739
273,5.532580896733569E-4,0.006190476190476191
274,6.00607332544236E-4,0.0062131519274376415
275,6.478512581967028E-4,0.006235827664399093
276,6.94987710122654E-4,0.006258503401360544
277,7.42014536510102E-4,0.006281179138321996
278,7.889295903277171E-4,0.006303854875283447
279,8.357307294092199E-4,0.006326530612244898
280,8.824158165375699E-4,0.006349206349206349
281,9.289827195289565E-4,0.0063718820861678
282,9.754293113165956E-4,0.006394557823129252
283,0.0010217534700343459,0.006417233560090703
284,0.001067953079100097,0.006439909297052154
285,0.0011140260272989645,0.006462585034013605
286,0.0011599702088662847,0.006485260770975057
287,0.0012057835235703683,0.006507936507936508
288,0.00125146387679509,0.006530612244897959
289,0.0012970091796222017,0.00655328798185941
290,0.0013424173489134722,0.006575963718820862
291,0.0013876863073925714,0.006598639455782313
292,0.001432813983726744,0.0066213151927437645
293,0.0014777983126082533,0.006643990929705215
294,0.0015226372348355762,0.006666666666666667
295,0.0015673286973943807,0.006689342403628118
296,0.0016118706535382483,0.006712018140589569
297,0.0016562610628691665,0.0067346938775510205
298,0.0017004978914177647,0.006757369614512471
299,0.0017445791117233038,0.006780045351473923
300,0.0017885027029134219,0.006802721088435374
301,0.0018322666507836205,0.006825396825396826
302,0.0018758689478764815,0.0068480725623582765
303,0.0019193075935606397,0.006870748299319728
304,0.0019625805941094884,0.006893424036281179
305,0.0020056859627796053,0.006916099773242631
306,0.002048621719888925,0.0069387755102040816
307,0.002091385892894625,0.006961451247165533
308,0.00213397651647075,0.006984126984126984
309,0.0021763916325855436,0.007006802721088435
310,0.002218629290578503,0.007029478458049887
311,0.0022606875472371514,0.0070521541950113375
312,0.0023025644668735303,0.007074829931972789
313,0.0023442581214003725,0.00709750566893424
314,0.002385766590407019,0.007120181405895692
315,0.002427087961235014,0.007142857142857143
316,0.0024682203290534144,0.007165532879818594
317,0.002509161796933781,0.007188208616780045
318,0.002549910475924891,0.007210884353741497
319,0.002590464485127106,0.007233560090702948
320,0.0026308219517664714,0.0072562358276643995
321,0.002670981011268475,0.00727891156462585
322,0.0027109398073314837,0.007301587301587302
323,0.0027506964919998883,0.007324263038548753
324,0.0027902492257369012,0.007346938775510204
325,0.0028295961774970554,0.007369614512471655
326,0.0028687355247983366,0.007392290249433106
327,0.002907665453794025,0.007414965986394558
328,0.0029463841593441943,0.007437641723356009
329,0.0029848898450868487,0.0074603174603174605
330,0.0030231807235087576,0.007482993197278911
331,0.003061255016015931,0.007505668934240363
332,0.0030991109530037536,0.007528344671201814
333,0.0031367467739267735,0.007551020408163266
334,0.003174160727368139,0.0075736961451247165
335,0.003211351071108686,0.007596371882086168
336,0.003248316072195683,0.007619047619047619
337,0.003285054007011185,0.00764172335600907
338,0.0033215631613400746,0.007664399092970522
339,0.003357841830437706,0.0076870748299319724
340,0.0033938883190971925,0.007709750566893424
341,0.0034297009417163437,0.007732426303854875
342,0.003465278022364197,0.007755102040816327
343,0.003500617894847216,0.0077777777777777776
344,0.0035357189027751005,0.007800453514739229
345,0.003570579399626198,0.007823129251700681
346,0.0036051977488125676,0.007845804988662131
347,0.0036395723237446402,0.007868480725623583
348,0.003673701507895511,0.007891156462585034
349,0.0037075836948648197,0.007913832199546486
350,0.0037412172884422703,0.007936507936507936
351,0.003774600702670728,0.007959183673469388
352,0.003807732361908965,0.00798185941043084
353,0.003840610700893956,0.00800453514739229
354,0.003873234164802813,0.008027210884353741
355,0.0039056012093143127,0.008049886621315193
356,0.003937710300669998,0.008072562358276645
357,0.003969559915734912,0.008095238095238095
358,0.004001148542057879,0.008117913832199546
359,0.0040324746779314075,0.008140589569160998
360,0.0040635368324511735,0.00816326530612245
361,0.0040943335255750665,0.0081859410430839
362,0.004124863288181862,0.008208616780045351
363,0.004155124662129424,0.008231292517006803
364,0.004185116200312516,0.008253968253968255
365,0.004214836466720192,0.008276643990929705
366,0.004244284036492732,0.008299319727891157
367,0.004273457495978177,0.008321995464852608
368,0.004302355442788423,0.008344671201814058
369,0.004330976485854871,0.00836734693877551
370,0.004359319245483672,0.008390022675736962
371,0.004387382353410494,0.008412698412698413
372,0.0044151644528548865,0.008435374149659863
373,0.0044426641985741856,0.008458049886621315
374,0.004469880256916966,0.008480725623582767
375,0.0044968113058760795,0.008503401360544218
376,0.004523456035141215,0.008526077097505668
377,0.004549813146151022,0.00854875283446712
378,0.004575881352144771,0.008571428571428572
379,0.004601659378213602,0.008594104308390022
380,0.004627145961351244,0.008616780045351474
381,0.004652339850504358,0.008639455782312925
382,0.004677239806622349,0.008662131519274377
383,0.00470184460270678,0.008684807256235827
384,0.004726153023860257,0.008707482993197279
385,0.004750163867334948,0.00873015873015873
386,0.004773875942580491,0.008752834467120182
387,0.004797288071291572,0.008775510204081632
388,0.004820399087454948,0.008798185941043084
389,0.004843207837396056,0.008820861678004535
390,0.0048657131798250704,0.008843537414965987
391,0.004887913985882571,0.008866213151927437
392,0.004909809139184686,0.008888888888888889
393,0.004931397535867748,0.00891156462585034
394,0.004952678084632498,0.00893424036281179
395,0.004973649706787788,0.008956916099773242
396,0.004994311336293813,0.008979591836734694
397,0.005014661919804842,0.009002267573696146
398,0.005034700416711465,0.009024943310657596
399,0.005054425799182366,0.009047619047619047
400,0.0050738370522055865,0.009070294784580499
401,0.005092933173629294,0.00909297052154195
402,0.005111713174202089,0.0091156462585034
403,0.0051301760776127775,0.009138321995464853
404,0.00514832092052966,0.009160997732426304
405,0.005166146752639343,0.009183673469387756
406,0.005183652636685011,0.009206349206349206
407,0.005200837648504233,0.009229024943310658
408,0.005217700877066247,0.00925170068027211
409,0.005234241424508749,0.00927437641723356
410,0.005250458406174158,0.009297052154195011
411,0.005266350950645408,0.009319727891156463
412,0.0052819181997812,0.009342403628117914
413,0.005297159308750751,0.009365079365079364
414,0.005312073446068061,0.009387755102040816
415,0.0053266597936255985,0.009410430839002268
416,0.005340917546727575,0.00943310657596372
417,0.005354845914122595,0.00945578231292517
418,0.0053684441180358675,0.009478458049886621
419,0.005381711394200872,0.009501133786848073
420,0.005394646991890498,0.009523809523809525
421,0.005407250173947682,0.009546485260770975
422,0.005419520216815517,0.009569160997732426
423,0.005431456410566829,0.009591836734693878
424,0.005443058058933244,0.009614512471655328
425,0.005454324479333731,0.00963718820861678
426,0.005465255002902611,0.009659863945578231
427,0.00547584897451703,0.009682539682539683
428,0.0054861057528239445,0.009705215419501133
429,0.005496024710266522,0.009727891156462585
430,0.0055056052331100575,0.009750566893424037
431,0.005514846721467335,0.009773242630385488
432,0.005523748589323467,0.009795918367346938
433,0.005532310264560199,0.00981859410430839
434,0.00554053118897967,0.009841269841269842
435,0.005548410818327671,0.009863945578231292
436,0.005555948622316321,0.009886621315192743
437,0.005563144084646245,0.009909297052154195
438,0.005569996703028193,0.009931972789115647
439,0.005576505989204134,0.009954648526077097
440,0.005582671468967811,0.009977324263038548
441,0.005588492682184741,0.01
442,0.005593969182811681,0.010022675736961452
443,0.005599100538915571,0.010045351473922902
444,0.005603886332691923,0.010068027210884354
445,0.0056083261604826466,0.010090702947845805
446,0.0056124196327933555,0.010113378684807257
447,0.005616166374310136,0.010136054421768707
448,0.005619566023915753,0.010158730158730159
449,0.005622618234705324,0.01018140589569161
450,0.005625322674001413,0.01020408163265306
451,0.0056276790233686395,0.010226757369614512
452,0.005629686978627686,0.010249433106575964
453,0.005631346249868788,0.010272108843537416
454,0.005632656561464661,0.010294784580498866
455,0.00563361765208288,0.010317460317460317
456,0.00563422927469773,0.010340136054421769
457,0.005634491196601467,0.01036281179138322
458,0.005634403199415077,0.01038548752834467
459,0.005633965079098441,0.010408163265306122
460,0.005633176645959982,0.010430839002267574
461,0.005632037724665744,0.010453514739229026
462,0.005630548154247915,0.010476190476190476
463,0.005628707788112818,0.010498866213151927
464,0.005626516494048336,0.01052154195011338
465,0.005623974154230766,0.01054421768707483
466,0.005621080665231177,0.01056689342403628
467,0.005617835938021148,0.010589569160997733
468,0.005614239897977993,0.010612244897959184
469,0.005610292484889437,0.010634920634920634
470,0.005605993652957686,0.010657596371882086
471,0.005601343370803029,0.010680272108843538
472,0.005596341621466809,0.01070294784580499
473,0.005590988402413864,0.01072562358276644
474,0.005585283725534446,0.010748299319727891
475,0.005579227617145527,0.010770975056689343
476,0.005572820117991608,0.010793650793650795
477,0.005566061283244936,0.010816326530612244
478,0.005558951182505173,0.010839002267573696
479,0.005551489899798522,0.010861678004535148
480,0.0055436775335763015,0.010884353741496598
481,0.005535514196712936,0.01090702947845805
482,0.005527000016503429,0.010929705215419501
483,0.005518135134660254,0.010952380952380953
484,0.005508919707309719,0.010975056689342403
485,0.005499353904987732,0.010997732426303855
486,0.005489437912635073,0.011020408163265306
487,0.005479171929592049,0.011043083900226758
488,0.005468556169592661,0.011065759637188208
489,0.005457590860758152,0.01108843537414966
490,0.005446276245590059,0.011111111111111112
491,0.005434612580962649,0.011133786848072562
492,0.005422600138114891,0.011156462585034013
493,0.005410239202641778,0.011179138321995465
494,0.0053975300744851795,0.011201814058956917
495,0.005384473067924069,0.011224489795918367
496,0.0053710685115642785,0.011247165532879818
497,0.00535731674832762,0.01126984126984127
498,0.005343218135440521,0.011292517006802722
499,0.005328773044422097,0.011315192743764172
500,0.0053139818610716295,0.011337868480725623
501,0.005298844985455556,0.011360544217687075
502,0.005283362831893871,0.011383219954648527
503,0.005267535828945993,0.011405895691609977
504,0.00525136441939609,0.011428571428571429
505,0.005234849060237841,0.01145124716553288
506,0.005217990222658659,0.01147392290249433
507,0.005200788392023383,0.011496598639455782
508,0.005183244067857386,0.011519274376417234
509,0.005165357763829187,0.011541950113378685
510,0.005147130007732475,0.011564625850340135
511,0.0051285613414676166,0.011587301587301587
512,0.020126871768246315,0.011609977324263039
513,0.020059334094014863,0.01163265306122449
514,0.019990942927742276,0.01165532879818594
515,0.019921701404973954,0.011678004535147392
516,0.01985161269388544,0.011700680272108844
517,0.019780679995157858,0.011723356009070296
518,0.019708906541852065,0.011746031746031746
519,0.0196362955992817,0.011768707482993197
520,0.019562850464884884,0.011791383219954649
521,0.019488574468094814,0.011814058956916099
522,0.019413470970209092,0.01183673469387755
523,0.01933754336425784,0.011859410430839002
524,0.019260795074870652,0.011882086167800454
525,0.01918322955814232,0.011904761904761904
526,0.019104850301497382,0.011927437641723356
527,0.01902566082355348,0.011950113378684808
528,0.01894566467398356,0.01197278911564626
529,0.01886486543337687,0.01199546485260771
530,0.018783266713098788,0.012018140589569161
531,0.01870087215514951,0.012040816326530613
532,0.01861768543202157,0.012063492063492064
533,0.0185337102465562,0.012086167800453514
534,0.018448950331798556,0.012108843537414966
535,0.018363409450851756,0.012131519274376418
536,0.018277091396729866,0.012154195011337868
537,0.01818999999220967,0.01217687074829932
538,0.018102139089681384,0.012199546485260771
539,0.01801351257099818,0.012222222222222223
540,0.01792412434732469,0.012244897959183673
541,0.017833978358984266,0.012267573696145125
542,0.017743078575305302,0.012290249433106576
543,0.01765142899446632,0.012312925170068028
544,0.017559033643340022,0.012335600907029478
545,0.01746589657733632,0.01235827664399093
546,0.017372021880244122,0.012380952380952381
547,0.01727741366407223,0.012403628117913831
548,0.017182076068889048,0.012426303854875283
549,0.01708601326266128,0.012448979591836735
550,0.016989229441091554,0.012471655328798186
551,0.01689172882745502,0.012494331065759636
552,0.016793515672434887,0.012517006802721088
553,0.016694594253956932,0.01253968253968254
554,0.016594968877022966,0.012562358276643992
555,0.01649464387354329,0.012585034013605442
556,0.01639362360216816,0.012607709750566893
557,0.016291912448118166,0.012630385487528345
558,0.01618951482301368,0.012653061224489797
559,0.0160864351647033,0.012675736961451247
560,0.015982677937091246,0.012698412698412698
561,0.01587824762996382,0.01272108843537415
562,0.015773148758814887,0.0127437641723356
563,0.015667385864670386,0.012766439909297052
564,0.015560963513911837,0.012789115646258504
565,0.01545388629809892,0.012811791383219955
566,0.015346158833791127,0.012834467120181405
567,0.015237785762368427,0.012857142857142857
568,0.015128771749850998,0.012879818594104309
569,0.015019121486718058,0.01290249433106576
570,0.014908839687725755,0.01292517006802721
571,0.01479793109172412,0.012947845804988662
572,0.014686400461473157,0.012970521541950114
573,0.014574252583457962,0.012993197278911565
574,0.01446149226770303,0.013015873015873015
575,0.014348124347585603,0.013038548752834467
576,0.014234153679648141,0.013061224489795919
577,0.014119585143410007,0.013083900226757369
578,0.01400442364117815,0.01310657596371882
579,0.013888674097857004,0.013129251700680272
580,0.013772341460757544,0.013151927437641724
581,0.013655430699405474,0.013174603174603174
582,0.013537946805348556,0.013197278911564626
583,0.013419894791963146,0.013219954648526077
584,0.01330127969425988,0.013242630385487529
585,0.013182106568688559,0.013265306122448979
586,0.013062380492942206,0.01328798185941043
587,0.01294210656576034,0.013310657596371882
588,0.012821289906731457,0.013333333333333334
589,0.012699935656094695,0.013356009070294784
590,0.01257804897454073,0.013378684807256236
591,0.012455635043011962,0.013401360544217688
592,0.01233269906250182,0.013424036281179138
593,0.012209246253853402,0.01344671201814059
594,0.012085281857557351,0.013469387755102041
595,0.011960811133548962,0.013492063492063493
596,0.011835839361004557,0.013514739229024943
597,0.011710371838137163,0.013537414965986394
598,0.011584413881991452,0.013560090702947846
599,0.011457970828237973,0.013582766439909298
600,0.011331048030966679,0.013605442176870748
601,0.011203650862479757,0.0136281179138322
602,0.011075784713083795,0.013650793650793651
603,0.010947454990881216,0.013673469387755101
604,0.010818667121561116,0.013696145124716553
605,0.010689426548189366,0.013718820861678005
606,0.01055973873099809,0.013741496598639456
607,0.01042960914717453,0.013764172335600906
608,0.010299043290649198,0.013786848072562358
609,0.010168046671883459,0.01380952380952381
610,0.010036624817656452,0.013832199546485261
611,0.009904783270851421,0.013854875283446711
612,0.009772527590241439,0.013877551020408163
613,0.009639863350274485,0.013900226757369615
614,0.009506796140858023,0.013922902494331067
615,0.009373331567142896,0.013945578231292517
616,0.009239475249306708,0.013968253968253968
617,0.009105232822336638,0.01399092970521542
618,0.008970609935811665,0.01401360544217687
619,0.008835612253684262,0.014036281179138322
620,0.008700245454061565,0.014058956916099773
621,0.008564515228985957,0.014081632653061225
622,0.008428427284215183,0.014104308390022675
623,0.008291987339001928,0.014126984126984127
624,0.008155201125872877,0.014149659863945578
625,0.008018074390407273,0.01417233560090703
626,0.00788061289101501,0.01419501133786848
627,0.0077428223987142195,0.014217687074829932
628,0.0076047086969083825,0.014240362811791384
629,0.007466277581162986,0.014263038548752835
630,0.0073275348589817105,0.014285714285714285
631,0.0071884863495821905,0.014308390022675737
632,0.0070491378836712955,0.014331065759637189
633,0.006909495303220015,0.014353741496598639
634,0.006769564461237913,0.01437641723356009
635,0.006629351221547137,0.014399092970521542
636,0.006488861458556064,0.014421768707482994
637,0.006348101057032514,0.014444444444444444
638,0.0062070759118766005,0.014467120181405895
639,0.0060657919278931756,0.014489795918367347
640,0.00592425501956391,0.014512471655328799
641,0.005782471110819054,0.014535147392290249
642,0.005640446134808749,0.0145578231292517
643,0.00549818603367406,0.014580498866213152
644,0.005355696758317686,0.014603174603174604
645,0.00521298426817428,0.014625850340136054
646,0.005070054530980506,0.014648526077097506
647,0.004926913522544744,0.014671201814058957
648,0.004783567226516506,0.014693877551020407
649,0.004640021634155572,0.014716553287981859
650,0.004496282744100823,0.01473922902494331
651,0.004352356562138792,0.014761904761904763
652,0.004208249100971985,0.014784580498866213
653,0.004063966379986878,0.014807256235827664
654,0.003919514425021726,0.014829931972789116
655,0.0037748992681341056,0.014852607709750568
656,0.003630126947368218,0.014875283446712018
657,0.003485203506521974,0.01489795918367347
658,0.0033401349949138694,0.014920634920634921
659,0.0031949274671496486,0.014943310657596371
660,0.0030495869828887773,0.014965986394557823
661,0.002904119606610698,0.014988662131519274
662,0.002758531407380961,0.015011337868480726
663,0.002612828458617141,0.015034013605442176
664,0.0024670168378545876,0.015056689342403628
665,0.0023211026265120543,0.01507936507936508
666,0.002175091909657173,0.015102040816326531
667,0.002028990775771765,0.015124716553287981
668,0.0018828053165170753,0.015147392290249433
669,0.0017365416264988334,0.015170068027210885
670,0.0015902058030322604,0.015192743764172336
671,0.0014438039459069294,0.015215419501133786
672,0.0012973421571515719,0.015238095238095238
673,0.0011508265407987688,0.01526077097505669
674,0.0010042632026495955,0.01528344671201814
675,8.576582500382057E-4,0.015306122448979591
676,7.110177915963165E-4,0.015328798185941043
677,5.643479370176974E-4,0.015351473922902495
678,4.176547968226011E-4,0.015374149659863945
679,2.7094448212216507E-4,0.015396825396825397
680,1.2422310438279355E-4,0.015419501133786848
681,-2.250322480947431E-5,0.0154421768707483
682,-1.6922839398457175E-4,0.01546485260770975
683,-3.159462920240602E-4,0.015487528344671202
684,-4.626508083966927E-4,0.015510204081632653
685,-6.093358333940377E-4,0.015532879818594105
686,-7.55995258365997E-4,0.015555555555555555
687,-9.026229759563147E-4,0.015578231292517007
688,-0.0010492128803380233,0.015600907029478459
689,-0.0011957588674488602,0.015623582766439909
690,-0.0013422548352265507,0.015646258503401362
691,-0.001488694683844071,0.015668934240362812
692,-0.0016350723159448144,0.015691609977324262
693,-0.0017813816368776351,0.015714285714285715
694,-0.001927616554931793,0.015736961451247165
695,-0.002073770981571808,0.015759637188208615
696,-0.002219838831672178,0.01578231292517007
697,-0.0023658140237519587,0.01580498866213152
698,-0.0025116904802091875,0.015827664399092972
699,-0.002657462127555216,0.015850340136054422
700,-0.0028031228966488107,0.015873015873015872
701,-0.0029486667229301437,0.015895691609977326
702,-0.003094087546654565,0.015918367346938776
703,-0.0032393793131262182,0.015941043083900226
704,-0.0033845359729314612,0.01596371882086168
705,-0.0035295514821720585,0.01598639455782313
706,-0.0036744198026981917,0.01600907029478458
707,-0.0038191349023412235,0.016031746031746032
708,-0.003963690755146255,0.016054421768707482
709,-0.0041080813416044535,0.016077097505668936
710,-0.00425230064888506,0.016099773242630386
711,-0.004396342671067259,0.016122448979591836
712,-0.004540201409371681,0.01614512471655329
713,-0.004683870872391693,0.01616780045351474
714,-0.0048273450763243585,0.01619047619047619
715,-0.0049706180452011774,0.016213151927437643
716,-0.005113683811118433,0.016235827664399093
717,-0.005256536414467321,0.016258503401360543
718,-0.005399169904163701,0.016281179138321996
719,-0.0055415783378775455,0.016303854875283446
720,-0.005683755782262054,0.0163265306122449
721,-0.00582569631318242,0.01634920634920635
722,-0.005967394015944244,0.0163718820861678
723,-0.006108842985521607,0.016394557823129253
724,-0.006250037326784722,0.016417233560090703
725,-0.006390971154727301,0.016439909297052153
726,-0.006531638594693422,0.016462585034013606
727,-0.00667203378260409,0.016485260770975056
728,-0.0068121508651833515,0.01650793650793651
729,-0.006951984000184017,0.01653061224489796
730,-0.007091527356612944,0.01655328798185941
731,-0.007230775114955908,0.016575963718820863
732,-0.0073697214674020295,0.016598639455782313
733,-0.007508360618067748,0.016621315192743763
734,-0.007646686783220362,0.016643990929705216
735,-0.007784694191501074,0.016666666666666666
736,-0.007922377084147591,0.016689342403628116
737,-0.008059729715216256,0.01671201814058957
738,-0.008196746351803634,0.01673469387755102
739,-0.008333421274267661,0.016757369614512473
740,-0.008469748776448266,0.016780045351473923
741,-0.008605723165887477,0.016802721088435373
742,-0.008741338764049013,0.016825396825396827
743,-0.008876589906537327,0.016848072562358277
744,-0.009011470943316134,0.016870748299319727
745,-0.00914597623892639,0.01689342403628118
746,-0.009280100172703698,0.01691609977324263
747,-0.009413837138995157,0.01693877551020408
748,-0.009547181547375659,0.016961451247165533
749,-0.00968012782286359,0.016984126984126983
750,-0.009812670406135936,0.017006802721088437
751,-0.009944803753742808,0.017029478458049887
752,-0.010076522338321361,0.017052154195011337
753,-0.01020782064880909,0.01707482993197279
754,-0.010338693190656514,0.01709750566893424
755,-0.010469134486039236,0.01712018140589569
756,-0.010599139074069366,0.017142857142857144
757,-0.010728701511006295,0.017165532879818594
758,-0.010857816370466799,0.017188208616780044
759,-0.010986478243634513,0.017210884353741497
760,-0.011114681739468746,0.017233560090702947
761,-0.01124242148491256,0.0172562358276644
762,-0.011369692125100235,0.01727891156462585
763,-0.011496488323564005,0.0173015873015873
764,-0.011622804762440077,0.017324263038548754
765,-0.011748636142674018,0.017346938775510204
766,-0.011873977184225313,0.017369614512471654
767,-0.011998822626271308,0.017392290249433107
768,-0.01212316722741039,0.017414965986394557
769,-0.012247005765864289,0.01743764172335601
770,-0.012370333039679968,0.01746031746031746
771,-0.012493143866930382,0.01748299319727891
772,-0.012615433085914722,0.017505668934240364
773,-0.01273719555535781,0.017528344671201814
774,-0.012858426154608683,0.017551020408163264
775,-0.012979119783838464,0.017573696145124718
776,-0.013099271364237398,0.017596371882086168
777,-0.013218875838211117,0.017619047619047618
778,-0.013337928169576036,0.01764172335600907
779,-0.013456423343754046,0.01766439909297052
780,-0.013574356367966257,0.017687074829931974
781,-0.01369172227142602,0.017709750566893424
782,-0.013808516105531046,0.017732426303854874
783,-0.013924732944054719,0.017755102040816328
784,-0.014040367883336529,0.017777777777777778
785,-0.014155416042471683,0.017800453514739228
786,-0.014269872563499809,0.01782312925170068
787,-0.01438373261159284,0.01784580498866213
788,-0.01449699137524195,0.01786848072562358
789,-0.014609644066443696,0.017891156462585035
790,-0.014721685920885165,0.017913832199546485
791,-0.014833112198128287,0.017936507936507938
792,-0.01494391818179324,0.017959183673469388
793,-0.01505409917974091,0.017981859410430838
794,-0.015163650524254437,0.01800453514739229
795,-0.01527256757221987,0.01802721088435374
796,-0.015380845705305825,0.01804988662131519
797,-0.015488480330142267,0.018072562358276645
798,-0.015595466878498273,0.018095238095238095
799,-0.01570180080745892,0.018117913832199545
800,-0.015807477599601147,0.018140589569160998
801,-0.01591249276316868,0.018163265306122448
802,-0.016016841832245964,0.0181859410430839
803,-0.016120520366931124,0.01820861678004535
804,-0.016223523953507936,0.0182312925170068
805,-0.01632584820461683,0.018253968253968255
806,-0.016427488759424826,0.018276643990929705
807,-0.01652844128379452,0.018299319727891155
808,-0.016628701470452048,0.01832199546485261
809,-0.016728265039153995,0.01834467120181406
810,-0.01682712773685334,0.018367346938775512
811,-0.016925285337864283,0.018390022675736962
812,-0.01702273364402611,0.018412698412698412
813,-0.017119468484865973,0.018435374149659865
814,-0.017215485717760624,0.018458049886621315
815,-0.017310781228097115,0.018480725623582765
816,-0.017405350929432385,0.01850340136054422
817,-0.01749919076365182,0.01852607709750567
818,-0.017592296701126713,0.01854875283446712
819,-0.01768466474087066,0.018571428571428572
820,-0.017776290910694867,0.018594104308390022
821,-0.017867171267362352,0.018616780045351475
822,-0.017957301896741037,0.018639455782312925
823,-0.018046678913955748,0.018662131519274375
824,-0.018135298463539132,0.01868480725623583
825,-0.018223156719581413,0.01870748299319728
826,-0.01831024988587902,0.01873015873015873
827,-0.01839657419608215,0.018752834467120182
828,-0.018482125913841144,0.018775510204081632
829,-0.018566901332951698,0.018798185941043082
830,-0.01865089677749903,0.018820861678004536
831,-0.018734108602000775,0.018843537414965986
832,-0.018816533191548808,0.01886621315192744
833,-0.018898166961949913,0.01888888888888889
834,-0.01897900635986519,0.01891156462585034
835,-0.019059047862948375,0.018934240362811793
836,-0.01913828797998298,0.018956916099773242
837,-0.019216723251018246,0.018979591836734692
838,-0.019294350247503818,0.019002267573696146
839,-0.019371165572423386,0.019024943310657596
840,-0.01944716586042701,0.01904761904761905
841,-0.019522347777962277,0.0190702947845805
842,-0.01959670802340426,0.01909297052154195
843,-0.01967024332718425,0.019115646258503403
844,-0.019742950451917284,0.019138321995464853
845,-0.01981482619252844,0.019160997732426303
846,-0.019885867376377896,0.019183673469387756
847,-0.019956070863384797,0.019206349206349206
848,-0.020025433546149846,0.019229024943310656
849,-0.020093952350076636,0.01925170068027211
850,-0.02016162423349181,0.01927437641723356
851,-0.020228446187763906,0.019297052154195013
852,-0.020294415237420968,0.019319727891156463
853,-0.020359528440266915,0.019342403628117913
854,-0.02042378288749659,0.019365079365079366
855,-0.02048717570380961,0.019387755102040816
856,-0.020549704047522918,0.019410430839002266
857,-0.02061136511068202,0.01943310657596372
858,-0.02067215611917101,0.01945578231292517
859,-0.020732074332821253,0.01947845804988662
860,-0.020791117045518816,0.019501133786848073
861,-0.020849281585310568,0.019523809523809523
862,-0.020906565314509015,0.019546485260770977
863,-0.020962965629795834,0.019569160997732427
864,-0.021018479962324046,0.019591836734693877
865,-0.021073105777819012,0.01961451247165533
866,-0.02112684057667794,0.01963718820861678
867,-0.02117968189406818,0.01965986394557823
868,-0.021231627300024217,0.019682539682539683
869,-0.021282674399543303,0.019705215419501133
870,-0.021332820832679705,0.019727891156462583
871,-0.021382064274637756,0.019750566893424037
872,-0.02143040243586342,0.019773242630385487
873,-0.02147783306213464,0.01979591836734694
874,-0.02152435393465029,0.01981859410430839
875,-0.02156996287011778,0.01984126984126984
876,-0.021614657720839314,0.019863945578231294
877,-0.021658436374796815,0.019886621315192744
878,-0.021701296755735476,0.019909297052154194
879,-0.021743236823245964,0.019931972789115647
880,-0.02178425457284523,0.019954648526077097
881,-0.021824348036056027,0.01997732426303855
882,-0.021863515280484982,0.02
883,-0.02190175440989933,0.02002267573696145
884,-0.021939063564302298,0.020045351473922904
885,-0.021975440920007056,0.020068027210884354
886,-0.022010884689709364,0.020090702947845804
887,-0.022045393122558744,0.020113378684807257
888,-0.022078964504228367,0.020136054421768707
889,-0.022111597156983465,0.020158730158730157
890,-0.0221432894397484,0.02018140589569161
891,-0.022174039748172364,0.02020408163265306
892,-0.022203846514693613,0.020226757369614514
893,-0.02223270820860236,0.020249433106575964
894,-0.022260623336102243,0.020272108843537414
895,-0.0222875904403704,0.020294784580498867
896,-0.02231360810161609,0.020317460317460317
897,-0.02233867493713816,0.020340136054421767
898,-0.0223627896013806,0.02036281179138322
899,-0.02238595078598714,0.02038548752834467
900,-0.02240815721985429,0.02040816326530612
901,-0.022429407669182944,0.020430839002267574
902,-0.02244970093752852,0.020453514739229024
903,-0.022469035865849793,0.020476190476190478
904,-0.022487411332556228,0.020498866213151928
905,-0.022504826253553937,0.020521541950113378
906,-0.022521279582290114,0.02054421768707483
907,-0.022536770309796235,0.02056689342403628
908,-0.022551297464729572,0.02058956916099773
909,-0.022564860113413562,0.020612244897959184
910,-0.022577457359876475,0.020634920634920634
911,-0.022589088345888846,0.020657596371882084
912,-0.02259975225099938,0.020680272108843538
913,-0.02260944829256942,0.020702947845804988
914,-0.022618175725806055,0.02072562358276644
915,-0.022625933843793685,0.02074829931972789
916,-0.022632721977524212,0.02077097505668934
917,-0.0226385394959258,0.020793650793650795
918,-0.02264338580589012,0.020816326530612245
919,-0.02264726035229825,0.020839002267573695
920,-0.02265016261804504,0.020861678004535148
921,-0.022652092124062124,0.020884353741496598
922,-0.02265304842933938,0.02090702947845805
923,-0.022653031130945044,0.0209297052154195
924,-0.022652039864044324,0.02095238095238095
925,-0.02265007430191657,0.020975056689342405
926,-0.022647134155970992,0.020997732426303855
927,-0.022643219175760978,0.021020408163265305
928,-0.02263832914899684,0.02104308390022676
929,-0.022632463901557317,0.02106575963718821
930,-0.022625623297499377,0.02108843537414966
931,-0.022617807239066777,0.021111111111111112
932,-0.022609015666697027,0.02113378684807256
933,-0.02259924855902703,0.021156462585034015
934,-0.022588505932897143,0.021179138321995465
935,-0.022576787843353884,0.021201814058956915
936,-0.02256409438365111,0.02122448979591837
937,-0.022550425685249842,0.02124716553287982
938,-0.022535781917816508,0.02126984126984127
939,-0.022520163289219852,0.021292517006802722
940,-0.02250357004552631,0.021315192743764172
941,-0.022486002470993974,0.021337868480725622
942,-0.022467460888065102,0.021360544217687075
943,-0.02244794565735718,0.021383219954648525
944,-0.02242745717765248,0.02140589569160998
945,-0.02240599588588623,0.02142857142857143
946,-0.02238356225713335,0.02145124716553288
947,-0.022360156804593613,0.021473922902494332
948,-0.022335780079575537,0.021496598639455782
949,-0.02231043267147867,0.021519274376417232
950,-0.02228411520777452,0.021541950113378686
951,-0.022256828353985993,0.021564625850340136
952,-0.022228572813665377,0.02158730158730159
953,-0.022199349328370983,0.02160997732426304
954,-0.022169158677642156,0.02163265306122449
955,-0.022138001678973018,0.021655328798185942
956,-0.022105879187784644,0.021678004535147392
957,-0.022072792097395898,0.021700680272108842
958,-0.022038741338992723,0.021723356009070296
959,-0.022003727881596078,0.021746031746031746
960,-0.02196775273202837,0.021768707482993196
961,-0.021930816934878528,0.02179138321995465
962,-0.02189292157246556,0.0218140589569161
963,-0.02185406776480067,0.021836734693877553
964,-0.02181425666954803,0.021859410430839003
965,-0.021773489481984078,0.021882086167800453
966,-0.021731767434955314,0.021904761904761906
967,-0.02168909179883477,0.021927437641723356
968,-0.021645463881477006,0.021950113378684806
969,-0.021600885028171667,0.02197278911564626
970,-0.021555356621595655,0.02199546485260771
971,-0.02150888008176381,0.02201814058956916
972,-0.021461456865978272,0.022040816326530613
973,-0.021413088468776344,0.022063492063492063
974,-0.021363776421876937,0.022086167800453516
975,-0.02131352229412567,0.022108843537414966
976,-0.021262327691438494,0.022131519274376416
977,-0.021210194256743867,0.02215419501133787
978,-0.0211571236699237,0.02217687074829932
979,-0.021103117647752648,0.02219954648526077
980,-0.021048177943836198,0.022222222222222223
981,-0.02099230634854727,0.022244897959183673
982,-0.020935504688961378,0.022267573696145123
983,-0.020877774828790517,0.022290249433106576
984,-0.020819118668315525,0.022312925170068026
985,-0.020759538144317122,0.02233560090702948
986,-0.020699035230005606,0.02235827664399093
987,-0.02063761193494898,0.02238095238095238
988,-0.02057527030499996,0.022403628117913833
989,-0.02051201242222135,0.022426303854875283
990,-0.020447840404810215,0.022448979591836733
991,-0.020382756407020572,0.022471655328798187
992,-0.02031676261908476,0.022494331065759637
993,-0.020249861267133473,0.02251700680272109
994,-0.020182054613114283,0.02253968253968254
995,-0.020113344954708973,0.02256235827664399
996,-0.02004373462524944,0.022585034013605444
997,-0.019973225993632143,0.022607709750566893
998,-0.019901821464231417,0.022630385487528343
999,-0.019829523476811182,0.022653061224489797
1000,-0.01975633450643551,0.022675736961451247
1001,-0.019682257063377707,0.022698412698412697
1002,-0.019607293693028195,0.02272108843537415
1003,-0.01953144697580085,0.0227437641723356
1004,-0.019454719527038228,0.022766439909297054
1005,-0.019377113996915336,0.022789115646258504
1006,-0.01929863307034206,0.022811791383219954
1007,-0.019219279466864365,0.022834467120181407
1008,-0.019139055940564087,0.022857142857142857
1009,-0.019057965279957432,0.022879818594104307
1010,-0.018976010307892217,0.02290249433106576
1011,-0.01889319388144371,0.02292517006802721
1012,-0.018809518891809235,0.02294784580498866
1013,-0.018724988264201464,0.022970521541950114
1014,-0.01863960495774039,0.022993197278911564
1015,-0.018553371965344,0.023015873015873017
1016,-0.01846629231361773,0.023038548752834467
1017,-0.018378369062742546,0.023061224489795917
1018,-0.0182896053063618,0.02308390022675737
1019,-0.018200004171466787,0.02310657596371882
1020,-0.01810956881828106,0.02312925170068027
1021,-0.018018302440143415,0.023151927437641724
1022,-0.017926208263389705,0.023174603174603174
1023,-0.0178332895472333,0.023197278911564624
1024,-0.010458074549947991,0.023219954648526078
1025,-0.010225955613368833,0.023242630385487528
1026,-0.009993646333237174,0.02326530612244898
1027,-0.009761155051892536,0.02328798185941043
1028,-0.009528490116891738,0.02331065759637188
1029,-0.009295659880698434,0.023333333333333334
1030,-0.009062672700372426,0.023356009070294784
1031,-0.008829536937258974,0.023378684807256234
1032,-0.008596260956677745,0.023401360544217688
1033,-0.008362853127611829,0.023424036281179138
1034,-0.008129321822396495,0.02344671201814059
1035,-0.007895675416407937,0.02346938775510204
1036,-0.0076619222877518135,0.02349206349206349
1037,-0.007428070816951786,0.023514739229024945
1038,-0.007194129386637946,0.023537414965986395
1039,-0.006960106381235185,0.023560090702947845
1040,-0.006726010186651534,0.023582766439909298
1041,-0.006491849189966379,0.023605442176870748
1042,-0.006257631779118759,0.023628117913832198
1043,-0.006023366342595583,0.02365079365079365
1044,-0.005789061269119825,0.0236734693877551
1045,-0.005554724947338812,0.023696145124716555
1046,-0.005320365765512388,0.023718820861678005
1047,-0.005085992111201266,0.023741496598639455
1048,-0.004851612370955299,0.023764172335600908
1049,-0.004617234930001853,0.023786848072562358
1050,-0.004382868171934267,0.023809523809523808
1051,-0.004148520478400324,0.02383219954648526
1052,-0.003914200228790899,0.02385487528344671
1053,-0.0036799157999286014,0.02387755102040816
1054,-0.0034456755657565757,0.023900226757369615
1055,-0.0032114878970275398,0.023922902494331065
1056,-0.00297736116099271,0.02394557823129252
1057,-0.0027433037210911095,0.02396825396825397
1058,-0.0025093239366388628,0.02399092970521542
1059,-0.0022754301625188197,0.024013605442176872
1060,-0.002041630748870215,0.024036281179138322
1061,-0.0018079340407785843,0.024058956916099772
1062,-0.0015743483779658875,0.024081632653061225
1063,-0.001340882094480876,0.024104308390022675
1064,-0.0011075435183895976,0.02412698412698413
1065,-8.743409714662455E-4,0.02414965986394558
1066,-6.412827688841369E-4,0.02417233560090703
1067,-4.083772189071456E-4,0.024195011337868482
1068,-1.7563262258116046E-4,0.024217687074829932
1069,5.6942726573942434E-5,0.024240362811791382
1070,2.893405428722306E-4,0.024263038548752835
1071,5.215525487691133E-4,0.024285714285714285
1072,7.535704751686313E-4,0.024308390022675735
1073,9.85386061730321E-4,0.02433106575963719
1074,0.0012169910571756988,0.02435374149659864
1075,0.0014483772195944666,0.024376417233560092
1076,0.0016795363167502924,0.024399092970521542
1077,0.0019104601263862852,0.024421768707482992
1078,0.0021411404365299603,0.024444444444444446
1079,0.002371569045797937,0.024467120181405896
1080,0.0026017377637001394,0.024489795918367346
1081,0.0028316384109436004,0.0245124716553288
1082,0.0030612628197358533,0.02453514739229025
1083,0.0032906028340877963,0.0245578231292517
1084,0.0035196503101161966,0.024580498866213153
1085,0.003748397116345708,0.024603174603174603
1086,0.0039768351340103425,0.024625850340136056
1087,0.004204956257354481,0.024648526077097506
1088,0.004432752393933449,0.024671201814058956
1089,0.004660215464913492,0.02469387755102041
1090,0.004887337405371236,0.02471655328798186
1091,0.005114110164592659,0.02473922902494331
1092,0.005340525706371484,0.024761904761904763
1093,0.005566576009307008,0.024784580498866213
1094,0.0057922530671013885,0.024807256235827663
1095,0.006017548888856255,0.024829931972789116
1096,0.006242455499368933,0.024852607709750566
1097,0.006466964939427808,0.02487528344671202
1098,0.0066910692661072664,0.02489795918367347
1099,0.006914760553061932,0.02492063492063492
1100,0.00713803089082026,0.024943310657596373
1101,0.007360872387077533,0.024965986394557823
1102,0.00758327716698815,0.024988662131519273
1103,0.007805237373457253,0.025011337868480726
1104,0.008026745167431688,0.025034013605442176
1105,0.00824779272819029,0.02505668934240363
1106,0.008468372253633415,0.02507936507936508
1107,0.008688475960571797,0.02510204081632653
1108,0.00890809608501467,0.025124716553287983
1109,0.009127224882457199,0.025147392290249433
1110,0.00934585462816704,0.025170068027210883
1111,0.009563977617470314,0.025192743764172337
1112,0.009781586166036653,0.025215419501133787
1113,0.009998672610163595,0.025238095238095237
1114,0.010215229307060121,0.02526077097505669
1115,0.010431248635129392,0.02528344671201814
1116,0.01064672299425072,0.025306122448979593
1117,0.010861644806060684,0.025328798185941043
1118,0.011076006514233426,0.025351473922902493
1119,0.011289800584760066,0.025374149659863947
1120,0.011503019506227369,0.025396825396825397
1121,0.011715655790095448,0.025419501133786847
1122,0.01192770197097462,0.0254421768707483
1123,0.012139150606901418,0.02546485260770975
1124,0.012349994279613618,0.0254875283446712
1125,0.012560225594824512,0.025510204081632654
1126,0.012769837182496135,0.025532879818594104
1127,0.012978821697111599,0.025555555555555557
1128,0.013187171817946519,0.025578231292517007
1129,0.013394880249339488,0.025600907029478457
1130,0.013601939720961609,0.02562358276643991
1131,0.01380834298808498,0.02564625850340136
1132,0.01401408283185034,0.02566893424036281
1133,0.01421915205953363,0.025691609977324264
1134,0.014423543504811573,0.025714285714285714
1135,0.01462725002802628,0.025736961451247164
1136,0.014830264516448822,0.025759637188208617
1137,0.015032579884541791,0.025782312925170067
1138,0.015234189074220781,0.02580498866213152
1139,0.015435085055114895,0.02582766439909297
1140,0.015635260824826157,0.02585034013605442
1141,0.015834709409187863,0.025873015873015874
1142,0.016033423862521844,0.025895691609977324
1143,0.016231397267894687,0.025918367346938774
1144,0.01642862273737282,0.025941043083900227
1145,0.016625093412276536,0.025963718820861677
1146,0.016820802463432878,0.02598639455782313
1147,0.017015743091427386,0.02600907029478458
1148,0.01720990852685477,0.02603174603174603
1149,0.017403292030568392,0.026054421768707484
1150,0.017595886893928613,0.026077097505668934
1151,0.017787686439049988,0.026099773242630384
1152,0.017978684019047213,0.026122448979591838
1153,0.018168873018280275,0.026145124716553288
1154,0.01835824685259765,0.026167800453514738
1155,0.01854679896957912,0.02619047619047619
1156,0.01873452284877685,0.02621315192743764
1157,0.018921412001955563,0.026235827664399095
1158,0.019107459973331284,0.026258503401360545
1159,0.019292660339808917,0.026281179138321994
1160,0.019477006711218672,0.026303854875283448
1161,0.01966049273055112,0.026326530612244898
1162,0.019843112074191035,0.026349206349206348
1163,0.02002485845215001,0.0263718820861678
1164,0.02020572560829768,0.02639455782312925
1165,0.02038570732059186,0.0264172335600907
1166,0.020564797401307174,0.026439909297052155
1167,0.020742989697262522,0.026462585034013605
1168,0.02092027809004718,0.026485260770975058
1169,0.021096656496245602,0.026507936507936508
1170,0.0212721188676609,0.026530612244897958
1171,0.021446659191536988,0.02655328798185941
1172,0.021620271490779323,0.02657596371882086
1173,0.021792949824174426,0.02659863945578231
1174,0.0219646882866079,0.026621315192743765
1175,0.022135481009281147,0.026643990929705215
1176,0.02230532215992674,0.02666666666666667
1177,0.022474205943022362,0.02668934240362812
1178,0.022642126600003365,0.02671201814058957
1179,0.022809078409473885,0.026734693877551022
1180,0.022975055687416687,0.026757369614512472
1181,0.023140052787401437,0.02678004535147392
1182,0.023304064100791635,0.026802721088435375
1183,0.023467084056950097,0.026825396825396825
1184,0.023629107123442974,0.026848072562358275
1185,0.023790127806242414,0.02687074829931973
1186,0.023950140649927645,0.02689342403628118
1187,0.02410914023788464,0.026916099773242632
1188,0.024267121192504397,0.026938775510204082
1189,0.024424078175379647,0.026961451247165532
1190,0.02458000588750007,0.026984126984126985
1191,0.0247348990694461,0.027006802721088435
1192,0.024888752501581145,0.027029478458049885
1193,0.0250415610042424,0.02705215419501134
1194,0.02519331943793005,0.02707482993197279
1195,0.02534402270349498,0.02709750566893424
1196,0.025493665742325002,0.027120181405895692
1197,0.025642243536529503,0.027142857142857142
1198,0.025789751109122613,0.027165532879818596
1199,0.025936183524204674,0.027188208616780046
1200,0.026081535887142373,0.027210884353741496
1201,0.026225803344747126,0.02723356009070295
1202,0.026368981085451982,0.0272562358276644
1203,0.026511064339487002,0.02727891156462585
1204,0.026652048379052898,0.027301587301587302
1205,0.026791928518493262,0.027324263038548752
1206,0.02693070011446507,0.027346938775510202
1207,0.027068358566107665,0.027369614512471656
1208,0.02720489931521007,0.027392290249433106
1209,0.027340317846376794,0.02741496598639456
1210,0.027474609687191877,0.02743764172335601
1211,0.027607770408381402,0.02746031746031746
1212,0.02773979562397438,0.027482993197278913
1213,0.027870680991461942,0.027505668934240363
1214,0.028000422211954944,0.027528344671201813
1215,0.028129015030339866,0.027551020408163266
1216,0.02825645523543311,0.027573696145124716
1217,0.02838273866013369,0.02759637188208617
1218,0.02850786118157402,0.02761904761904762
1219,0.028631818721269308,0.02764172335600907
1220,0.028754607245265122,0.027664399092970523
1221,0.02887622276428337,0.027687074829931973
1222,0.02899666133386641,0.027709750566893423
1223,0.029115919054519677,0.027732426303854876
1224,0.029233992071852503,0.027755102040816326
1225,0.029350876576717245,0.027777777777777776
1226,0.029466568805346708,0.02780045351473923
1227,0.029581065039489846,0.02782312925170068
1228,0.02969436160654575,0.027845804988662133
1229,0.02980645487969595,0.027868480725623583
1230,0.029917341278034894,0.027891156462585033
1231,0.03002701726669881,0.027913832199546487
1232,0.03013547935699272,0.027936507936507936
1233,0.030242724106515746,0.027959183673469386
1234,0.030348748119284764,0.02798185941043084
1235,0.030453548045856142,0.02800453514739229
1236,0.0305571205834458,0.02802721088435374
1237,0.030659462476047568,0.028049886621315193
1238,0.03076057051454965,0.028072562358276643
1239,0.030860441536849435,0.028095238095238097
1240,0.03095907242796644,0.028117913832199547
1241,0.031056460120153534,0.028140589569160997
1242,0.031152601593006375,0.02816326530612245
1243,0.03124749387357101,0.0281859410430839
1244,0.03134113403644975,0.02820861678004535
1245,0.031433519203905205,0.028231292517006804
1246,0.03152464654596253,0.028253968253968254
1247,0.03161451328050985,0.028276643990929703
1248,0.03170311667339694,0.028299319727891157
1249,0.03179045403853206,0.028321995464852607
1250,0.03187652273797689,0.02834467120181406
1251,0.031961320182039815,0.02836734693877551
1252,0.03204484382936723,0.02839002267573696
1253,0.032127091187033156,0.028412698412698414
1254,0.032208059810626924,0.028435374149659864
1255,0.03228774730433908,0.028458049886621314
1256,0.03236615132104541,0.028480725623582767
1257,0.0324432695623892,0.028503401360544217
1258,0.03251909977886166,0.02852607709750567
1259,0.03259363976988032,0.02854875283446712
1260,0.03266688738386587,0.02857142857142857
1261,0.03273884051831692,0.028594104308390024
1262,0.03280949711988301,0.028616780045351474
1263,0.03287885518443577,0.028639455782312924
1264,0.03294691275713815,0.028662131519274377
1265,0.0330136679325119,0.028684807256235827
1266,0.03307911885450304,0.028707482993197277
1267,0.033143263716545655,0.02873015873015873
1268,0.03320610076162365,0.02875283446712018
1269,0.03326762828233078,0.028775510204081634
1270,0.03332784462092863,0.028798185941043084
1271,0.03338674816940292,0.028820861678004534
1272,0.033444337369517775,0.028843537414965988
1273,0.033500610712868244,0.028866213151927438
1274,0.03355556674093086,0.028888888888888888
1275,0.033609204045112306,0.02891156462585034
1276,0.03366152126679629,0.02893424036281179
1277,0.03371251709738843,0.02895691609977324
1278,0.03376219027835928,0.028979591836734694
1279,0.03381053960128558,0.029002267573696144
1280,0.033857563907889535,0.029024943310657598
1281,0.0339032620900758,0.029047619047619048
1282,0.03394763308996765,0.029070294784580498
1283,0.03399067589994004,0.02909297052154195
1284,0.03403238956265149,0.0291156462585034
1285,0.034072773171073906,0.02913832199546485
1286,0.0341118258685204,0.029160997732426305
1287,0.03414954684867136,0.029183673469387755
1288,0.034185935355598523,0.029206349206349208
1289,0.03422099068378721,0.029229024943310658
1290,0.03425471217815663,0.029251700680272108
1291,0.03428709923407827,0.02927437641723356
1292,0.03431815129739241,0.02929705215419501
1293,0.03434786786442273,0.02931972789115646
1294,0.034376248481989,0.029342403628117915
1295,0.03440329274741788,0.029365079365079365
1296,0.03442900030855183,0.029387755102040815
1297,0.03445337086375605,0.029410430839002268
1298,0.03447640416192364,0.029433106575963718
1299,0.03449810000247873,0.02945578231292517
1300,0.03451845823537773,0.02947845804988662
1301,0.034537478761108825,0.02950113378684807
1302,0.03455516153068928,0.029523809523809525
1303,0.03457150654566112,0.029546485260770975
1304,0.034586513858084755,0.029569160997732425
1305,0.034600183570530726,0.02959183673469388
1306,0.034612515836069606,0.02961451247165533
1307,0.034623510858259876,0.02963718820861678
1308,0.034633168891134034,0.029659863945578232
1309,0.03464149023918275,0.029682539682539682
1310,0.034648475257337066,0.029705215419501135
1311,0.03465412435094876,0.029727891156462585
1312,0.03465843797576882,0.029750566893424035
1313,0.03466141663792399,0.02977324263038549
1314,0.034663060893891415,0.02979591836734694
1315,0.03466337135047132,0.02981859410430839
1316,0.034662348664757994,0.029841269841269842
1317,0.03465999354410872,0.029863945578231292
1318,0.034656306746110796,0.029886621315192742
1319,0.034651289078546754,0.029909297052154196
1320,0.03464494139935765,0.029931972789115645
1321,0.03463726461660447,0.0299546485260771
1322,0.034628259688427636,0.02997732426303855
1323,0.03461792762300463,0.03
1324,0.034606269478505744,0.030022675736961452
1325,0.034593286363047954,0.030045351473922902
1326,0.03457897943464686,0.030068027210884352
1327,0.03456334990116686,0.030090702947845806
1328,0.034546399020269306,0.030113378684807256
1329,0.03452812809935889,0.03013605442176871
1330,0.034508538495528096,0.03015873015873016
1331,0.03448763161549986,0.03018140589569161
1332,0.034465408915568256,0.030204081632653063
1333,0.034441871901537385,0.030226757369614513
1334,0.03441702212865841,0.030249433106575963
1335,0.034390861201564656,0.030272108843537416
1336,0.034363390774204916,0.030294784580498866
1337,0.03433461254977493,0.030317460317460316
1338,0.03430452828064688,0.03034013605442177
1339,0.03427313976829721,0.03036281179138322
1340,0.03424044886323244,0.030385487528344673
1341,0.0342064574649132,0.030408163265306123
1342,0.034171167521676496,0.030430839002267573
1343,0.03413458103065597,0.030453514739229026
1344,0.034096700037700434,0.030476190476190476
1345,0.034057526637290676,0.030498866213151926
1346,0.03401706297245414,0.03052154195011338
1347,0.03397531123467802,0.03054421768707483
1348,0.03393227366382052,0.03056689342403628
1349,0.03388795254802016,0.030589569160997733
1350,0.03384235022360339,0.030612244897959183
1351,0.03379546907499032,0.030634920634920636
1352,0.03374731153459869,0.030657596371882086
1353,0.03369788008274595,0.030680272108843536
1354,0.03364717724754968,0.03070294784580499
1355,0.033595205604826095,0.03072562358276644
1356,0.03354196777798677,0.03074829931972789
1357,0.0334874664379336,0.030770975056689343
1358,0.033431704302951976,0.030793650793650793
1359,0.03337468413860221,0.030816326530612243
1360,0.03331640875760907,0.030839002267573697
1361,0.03325688101974966,0.030861678004535147
1362,0.03319610383173947,0.0308843537414966
1363,0.03313408014711669,0.03090702947845805
1364,0.03307081296612474,0.0309297052154195
1365,0.033006305335593074,0.030952380952380953
1366,0.032940560348816136,0.030975056689342403
1367,0.032873581145430736,0.030997732426303853
1368,0.032805370911291536,0.031020408163265307
1369,0.03273593287834487,0.031043083900226757
1370,0.03266527032450084,0.03106575963718821
1371,0.03259338657350358,0.03108843537414966
1372,0.03252028499479999,0.03111111111111111
1373,0.03244596900340653,0.031133786848072564
1374,0.03237044205977445,0.031156462585034014
1375,0.032293707669653324,0.031179138321995464
1376,0.03221576938395268,0.031201814058956917
1377,0.032136630798602295,0.031224489795918367
1378,0.03205629555441039,0.031247165532879817
1379,0.031974767336920416,0.03126984126984127
1380,0.031892049876266065,0.031292517006802724
1381,0.03180814694702464,0.031315192743764174
1382,0.031723062368068676,0.031337868480725624
1383,0.031636800002415984,0.031360544217687074
1384,0.03154936375707799,0.031383219954648524
1385,0.03146075758290643,0.03140589569160998
1386,0.03137098547443844,0.03142857142857143
1387,0.03128005146973989,0.03145124716553288
1388,0.03118795965024725,0.03147392290249433
1389,0.03109471414060764,0.03149659863945578
1390,0.031000319108517416,0.03151927437641723
1391,0.03090477876455906,0.03154195011337869
1392,0.030808097362036463,0.03156462585034014
1393,0.03071027919680861,0.03158730158730159
1394,0.0306113286071217,0.03160997732426304
1395,0.03051124997343959,0.03163265306122449
1396,0.03041004771827277,0.031655328798185944
1397,0.030307726306005662,0.031678004535147394
1398,0.03020429024272238,0.031700680272108844
1399,0.030099744076030933,0.031723356009070294
1400,0.029994092394885857,0.031746031746031744
1401,0.029887339829409297,0.031768707482993194
1402,0.029779491050710566,0.03179138321995465
1403,0.029670550770704112,0.0318140589569161
1404,0.029560523741926,0.03183673469387755
1405,0.029449414757348875,0.031859410430839
1406,0.029337228650195335,0.03188208616780045
1407,0.029223970293749894,0.03190476190476191
1408,0.029109644601169306,0.03192743764172336
1409,0.028994256525291733,0.03195011337868481
1410,0.028877811058443816,0.03197278911564626
1411,0.028760313232246804,0.03199546485260771
1412,0.028641768117421022,0.03201814058956916
1413,0.028522180823588865,0.032040816326530615
1414,0.028401556499076296,0.032063492063492065
1415,0.028279900330712985,0.032086167800453515
1416,0.028157217543630916,0.032108843537414965
1417,0.02803351340106162,0.032131519274376415
1418,0.027908793204131924,0.03215419501133787
1419,0.02778306229165837,0.03217687074829932
1420,0.027656326039940043,0.03219954648526077
1421,0.027528589862550246,0.03222222222222222
1422,0.027399859210126533,0.03224489795918367
1423,0.0272701395701595,0.03226757369614512
1424,0.027139436466780173,0.03229024943310658
1425,0.027007755460545933,0.03231292517006803
1426,0.02687510214822522,0.03233560090702948
1427,0.026741482162580772,0.03235827664399093
1428,0.02660690117215152,0.03238095238095238
1429,0.026471364881033223,0.032403628117913835
1430,0.026334879028657637,0.032426303854875285
1431,0.02619744938957053,0.032448979591836735
1432,0.026059081773208218,0.032471655328798185
1433,0.02591978202367287,0.032494331065759635
1434,0.025779556019506548,0.032517006802721085
1435,0.025638409673463876,0.03253968253968254
1436,0.025496348932283506,0.03256235827664399
1437,0.025353379776458216,0.03258503401360544
1438,0.025209508220003833,0.03260770975056689
1439,0.02506474031022691,0.03263038548752834
1440,0.024919082127490992,0.0326530612244898
1441,0.024772539784981916,0.03267573696145125
1442,0.024625119428471606,0.0326984126984127
1443,0.024476827236080842,0.03272108843537415
1444,0.024327669418040702,0.0327437641723356
1445,0.024177652216452912,0.03276643990929705
1446,0.02402678190504886,0.032789115646258506
1447,0.02387506478894756,0.032811791383219956
1448,0.02372250720441236,0.032834467120181406
1449,0.02356911551860654,0.032857142857142856
1450,0.023414896129347683,0.032879818594104306
1451,0.023259855464860965,0.03290249433106576
1452,0.02310399998353128,0.03292517006802721
1453,0.022947336173654225,0.03294784580498866
1454,0.02278987055318598,0.03297052154195011
1455,0.022631609669492125,0.03299319727891156
1456,0.022472560099095252,0.03301587301587302
1457,0.02231272844742154,0.03303854875283447
1458,0.02215212134854632,0.03306122448979592
1459,0.021990745464938444,0.03308390022675737
1460,0.021828607487203666,0.03310657596371882
1461,0.021665714133826976,0.03312925170068027
1462,0.021502072150913848,0.033151927437641726
1463,0.021337688311930506,0.033174603174603176
1464,0.021172569417443086,0.033197278911564626
1465,0.021006722294855937,0.033219954648526076
1466,0.02084015379814873,0.033242630385487526
1467,0.020672870807612743,0.03326530612244898
1468,0.02050488022958602,0.03328798185941043
1469,0.020336188996187686,0.03331065759637188
1470,0.0201668040650512,0.03333333333333333
1471,0.01999673241905673,0.03335600907029478
1472,0.019825981066062495,0.03337868480725623
1473,0.01965455703863532,0.03340136054421769
1474,0.0194824673937801,0.03342403628117914
1475,0.01930971921266844,0.03344671201814059
1476,0.01913631960036644,0.03346938775510204
1477,0.018962275685561487,0.03349206349206349
1478,0.018787594620288214,0.03351473922902495
1479,0.018612283579653614,0.0335374149659864
1480,0.018436349761561263,0.033560090702947847
1481,0.01825980038643468,0.033582766439909296
1482,0.018082642696939877,0.033605442176870746
1483,0.017904883957707077,0.033628117913832196
1484,0.017726531455051597,0.03365079365079365
1485,0.017547592496693947,0.0336734693877551
1486,0.017368074411479077,0.03369614512471655
1487,0.017187984549094953,0.033718820861678
1488,0.017007330279790223,0.03374149659863945
1489,0.016826118994091168,0.03376417233560091
1490,0.016644358102517985,0.03378684807256236
1491,0.016462055035300172,0.03380952380952381
1492,0.01627921724209129,0.03383219954648526
1493,0.016095852191682993,0.03385487528344671
1494,0.015911967371718266,0.03387755102040816
1495,0.0157275702884041,0.03390022675736962
1496,0.015542668466223333,0.03392290249433107
1497,0.015357269447645896,0.03394557823129252
1498,0.015171380792839424,0.03396825396825397
1499,0.014985010079379068,0.03399092970521542
1500,0.014798164901956862,0.034013605442176874
1501,0.014610852872090248,0.034036281179138324
1502,0.014423081617830135,0.034058956916099774
1503,0.014234858783468281,0.034081632653061224
1504,0.01404619202924405,0.034104308390022674
1505,0.013857089031050665,0.034126984126984124
1506,0.013667557480140752,0.03414965986394558
1507,0.01347760508283143,0.03417233560090703
1508,0.013287239560208827,0.03419501133786848
1509,0.013096468647831948,0.03421768707482993
1510,0.01290530009543617,0.03424036281179138
1511,0.012713741666636075,0.03426303854875284
1512,0.012521801138627851,0.03428571428571429
1513,0.012329486301891138,0.03430839002267574
1514,0.01213680495989045,0.03433106575963719
1515,0.011943764928776053,0.03435374149659864
1516,0.01175037403708441,0.03437641723356009
1517,0.011556640125438174,0.034399092970521544
1518,0.011362571046245678,0.034421768707482994
1519,0.011168174663400147,0.034444444444444444
1520,0.010973458851978254,0.034467120181405894
1521,0.010778431497938466,0.034489795918367344
1522,0.010583100497818932,0.0345124716553288
1523,0.010387473758434908,0.03453514739229025
1524,0.010191559196575916,0.0345578231292517
1525,0.009995364738702479,0.03458049886621315
1526,0.009798898320642499,0.0346031746031746
1527,0.009602167887287329,0.03462585034013605
1528,0.009405181392287479,0.03464852607709751
1529,0.009207946797748017,0.03467120181405896
1530,0.009010472073923694,0.03469387755102041
1531,0.008812765198913684,0.03471655328798186
1532,0.00861483415835618,0.03473922902494331
1533,0.008416686945122551,0.034761904761904765
1534,0.008218331559011381,0.034784580498866215
1535,0.008019776006442193,0.034807256235827665
1536,0.035926185143935314,0.034829931972789115
1537,0.035530040752656825,0.034852607709750565
1538,0.035132198234856984,0.03487528344671202
1539,0.03473267584182682,0.03489795918367347
1540,0.03433149189036037,0.03492063492063492
1541,0.03392866476203405,0.03494331065759637
1542,0.03352421290248403,0.03496598639455782
1543,0.03311815482068069,0.03498866213151927
1544,0.032710509088200924,0.03501133786848073
1545,0.03230129433849805,0.03503401360544218
1546,0.03189052926616934,0.03505668934240363
1547,0.031478232626221236,0.03507936507936508
1548,0.031064423233332247,0.03510204081632653
1549,0.030649119961113615,0.035124716553287985
1550,0.030232341741367724,0.035147392290249435
1551,0.029814107563344305,0.035170068027210885
1552,0.029394436472994494,0.035192743764172335
1553,0.02897334757222265,0.035215419501133785
1554,0.02855086001813615,0.035238095238095235
1555,0.02812699302229299,0.03526077097505669
1556,0.02770176584994748,0.03528344671201814
1557,0.02727519781929364,0.03530612244897959
1558,0.026847308300706866,0.03532879818594104
1559,0.026418116715983424,0.03535147392290249
1560,0.025987642537578078,0.03537414965986395
1561,0.025555905287839718,0.0353968253968254
1562,0.025122924538245293,0.03541950113378685
1563,0.024688719908631567,0.0354421768707483
1564,0.024253311066425337,0.03546485260770975
1565,0.02381671772587164,0.0354875283446712
1566,0.023378959647260264,0.035510204081632656
1567,0.022940056636150584,0.035532879818594106
1568,0.022500028542594523,0.035555555555555556
1569,0.02205889526035798,0.035578231292517006
1570,0.021616676726140416,0.035600907029478455
1571,0.021173392918793027,0.03562358276643991
1572,0.02072906385853523,0.03564625850340136
1573,0.020283709606169372,0.03566893424036281
1574,0.019837350262294356,0.03569160997732426
1575,0.019390005966517278,0.03571428571428571
1576,0.018941696896663945,0.03573696145124716
1577,0.018492443267987668,0.03575963718820862
1578,0.01804226533237686,0.03578231292517007
1579,0.01759118337756109,0.03580498866213152
1580,0.017139217726315884,0.03582766439909297
1581,0.016686388735666132,0.03585034013605442
1582,0.01623271679608812,0.035873015873015876
1583,0.015778222330710585,0.035895691609977326
1584,0.015322925794514178,0.035918367346938776
1585,0.01486684767352984,0.035941043083900226
1586,0.014410008484036214,0.035963718820861676
1587,0.013952428771755565,0.035986394557823126
1588,0.013494129111048907,0.03600907029478458
1589,0.013035130104109633,0.03603174603174603
1590,0.012575452380156699,0.03605442176870748
1591,0.012115116594626113,0.03607709750566893
1592,0.011654143428361949,0.03609977324263038
1593,0.011192553586806072,0.03612244897959184
1594,0.010730367799187172,0.03614512471655329
1595,0.010267606817708715,0.03616780045351474
1596,0.0098042914167361,0.03619047619047619
1597,0.009340442391982933,0.03621315192743764
1598,0.008876080559696617,0.03623582766439909
1599,0.008411226755842978,0.036258503401360546
1600,0.007945901835290384,0.036281179138321996
1601,0.007480126670992803,0.036303854875283446
1602,0.007013922153172564,0.036326530612244896
1603,0.006547309188502184,0.036349206349206346
1604,0.0060803086992857296,0.0363718820861678
1605,0.005612941622639429,0.03639455782312925
1606,0.005145228909671978,0.0364172335600907
1607,0.00467719152466404,0.03643990929705215
1608,0.00420885044424742,0.0364625850340136
1609,0.0037402266565837,0.03648526077097506
1610,0.003271341160542507,0.03650793650793651
1611,0.0028022149648792988,0.03653061224489796
1612,0.0023328690874128612,0.03655328798185941
1613,0.0018633245542023173,0.03657596371882086
1614,0.001393602398723999,0.03659863945578231
1615,9.237236610480024E-4,0.03662131519274377
1616,4.5370938701437893E-4,0.03664399092970522
1617,-1.641937259077783E-5,0.03666666666666667
1618,-4.8664156285945295E-4,0.03668934240362812
1619,-9.569361255860123E-4,0.03671201814058957
1620,-0.0014272820000915155,0.036734693877551024
1621,-0.001897658124048426,0.036757369614512474
1622,-0.002368043434304915,0.036780045351473924
1623,-0.002838416867709616,0.036802721088435374
1624,-0.0033087573619361016,0.036825396825396824
1625,-0.0037790438563075034,0.036848072562358274
1626,-0.004249255292620952,0.03687074829931973
1627,-0.004719370615971958,0.03689342403628118
1628,-0.00518936877557866,0.03691609977324263
1629,-0.005659228725605977,0.03693877551020408
1630,-0.0061289294259894295,0.03696145124716553
1631,-0.006598449843258834,0.03698412698412699
1632,-0.0070677689513617675,0.03700680272108844
1633,-0.0075368657324866965,0.03702947845804989
1634,-0.008005719177885782,0.03705215419501134
1635,-0.008474308288697368,0.03707482993197279
1636,-0.008942612076768008,0.03709750566893424
1637,-0.009410609565474334,0.037120181405895694
1638,-0.009878279790544075,0.037142857142857144
1639,-0.010345601800877017,0.037165532879818594
1640,-0.010812554659365141,0.037188208616780044
1641,-0.011279117443712423,0.037210884353741494
1642,-0.011745269247253992,0.03723356009070295
1643,-0.012210989179774671,0.0372562358276644
1644,-0.012676256368326925,0.03727891156462585
1645,-0.013141049958048224,0.0373015873015873
1646,-0.013605349112977533,0.03732426303854875
1647,-0.014069133016871162,0.0373469387755102
1648,-0.014532380874017987,0.03736961451247166
1649,-0.014995071910053746,0.03739229024943311
1650,-0.015457185372774476,0.03741496598639456
1651,-0.01591870053294928,0.03743764172335601
1652,-0.016379596685132097,0.03746031746031746
1653,-0.01683985314847261,0.037482993197278915
1654,-0.017299449267526117,0.037505668934240365
1655,-0.017758364413062618,0.037528344671201815
1656,-0.018216577982874682,0.037551020408163265
1657,-0.01867406940258453,0.037573696145124715
1658,-0.019130818126449806,0.037596371882086164
1659,-0.019586803638168455,0.03761904761904762
1660,-0.020042005451682336,0.03764172335600907
1661,-0.020496403111979835,0.03766439909297052
1662,-0.02094997619589711,0.03768707482993197
1663,-0.02140270431291825,0.03770975056689342
1664,-0.021854567105974086,0.03773242630385488
1665,-0.022305544252240125,0.03775510204081633
1666,-0.022755615463932344,0.03777777777777778
1667,-0.023204760489102545,0.03780045351473923
1668,-0.02365295911243172,0.03782312925170068
1669,-0.02410019115602247,0.03784580498866213
1670,-0.02454643648018965,0.037868480725623585
1671,-0.024991674984249673,0.037891156462585035
1672,-0.025435886607308427,0.037913832199546485
1673,-0.02587905132904758,0.037936507936507935
1674,-0.02632114917050933,0.037959183673469385
1675,-0.026762160194879613,0.03798185941043084
1676,-0.027202064508269678,0.03800453514739229
1677,-0.027640842260496144,0.03802721088435374
1678,-0.02807847364585919,0.03804988662131519
1679,-0.028514938903919176,0.03807256235827664
1680,-0.02895021832027158,0.0380952380952381
1681,-0.02938429222732007,0.03811791383219955
1682,-0.0298171410050478,0.038140589569161
1683,-0.030248745081787105,0.03816326530612245
1684,-0.030679084934986996,0.0381859410430839
1685,-0.031108141091979145,0.03820861678004535
1686,-0.031535894130741676,0.038231292517006805
1687,-0.03196232468066121,0.038253968253968255
1688,-0.032387413423292905,0.038276643990929705
1689,-0.032811141093118494,0.038299319727891155
1690,-0.033233488478302334,0.038321995464852605
1691,-0.03365443642144534,0.03834467120181406
1692,-0.03407396582033692,0.03836734693877551
1693,-0.03449205762870487,0.03839002267573696
1694,-0.03490869285696295,0.03841269841269841
1695,-0.03532385257295642,0.03843537414965986
1696,-0.035737517902705435,0.03845804988662131
1697,-0.03614967003114614,0.03848072562358277
1698,-0.036560290202869584,0.03850340136054422
1699,-0.036969359722858225,0.03852607709750567
1700,-0.0373768599572203,0.03854875283446712
1701,-0.037782772333921924,0.03857142857142857
1702,-0.03818707834351652,0.038594104308390026
1703,-0.038589759539872176,0.038616780045351476
1704,-0.038990797540896426,0.038639455782312926
1705,-0.03939017402925874,0.038662131519274376
1706,-0.03978787075311037,0.038684807256235826
1707,-0.040183869526801766,0.038707482993197276
1708,-0.04057815223159758,0.03873015873015873
1709,-0.040970700816388976,0.03875283446712018
1710,-0.04136149729840348,0.03877551020408163
1711,-0.04175052376391207,0.03879818594104308
1712,-0.04213776236893387,0.03882086167800453
1713,-0.042523195339937966,0.03884353741496599
1714,-0.04290680497454265,0.03886621315192744
1715,-0.04328857364221202,0.03888888888888889
1716,-0.04366848378494964,0.03891156462585034
1717,-0.044046517917989664,0.03893424036281179
1718,-0.04442265863048503,0.03895691609977324
1719,-0.04479688858619288,0.038979591836734696
1720,-0.04516919052415709,0.039002267573696146
1721,-0.04553954725938817,0.039024943310657596
1722,-0.04590794168353987,0.039047619047619046
1723,-0.04627435676558318,0.039070294784580496
1724,-0.04663877555247732,0.03909297052154195
1725,-0.04700118116983769,0.0391156462585034
1726,-0.047361556822600896,0.03913832199546485
1727,-0.04771988579568669,0.0391609977324263
1728,-0.04807615145465692,0.03918367346938775
1729,-0.04843033724637153,0.0392063492063492
1730,-0.04878242669964108,0.03922902494331066
1731,-0.04913240342587658,0.03925170068027211
1732,-0.04948025111973589,0.03927437641723356
1733,-0.04982595355976719,0.03929705215419501
1734,-0.050169494609048994,0.03931972789115646
1735,-0.050510858215827174,0.03934240362811792
1736,-0.0508500284141485,0.03936507936507937
1737,-0.05118698932449127,0.03938775510204082
1738,-0.051521725154392274,0.03941043083900227
1739,-0.05185422019907061,0.03943310657596372
1740,-0.05218445884204825,0.03945578231292517
1741,-0.05251242555576712,0.039478458049886624
1742,-0.05283810490220278,0.039501133786848074
1743,-0.05316148153347478,0.039523809523809524
1744,-0.05348254019245362,0.039546485260770974
1745,-0.053801265713363945,0.039569160997732424
1746,-0.0541176430223848,0.03959183673469388
1747,-0.05443165713824595,0.03961451247165533
1748,-0.054743293172820735,0.03963718820861678
1749,-0.055052536331715585,0.03965986394557823
1750,-0.05535937191485575,0.03968253968253968
1751,-0.055663785317067574,0.03970521541950114
1752,-0.055965762028657065,0.03972789115646259
1753,-0.05626528763598493,0.03975056689342404
1754,-0.05656234782203784,0.03977324263038549
1755,-0.0568569283669961,0.03979591836734694
1756,-0.05714901514879757,0.03981859410430839
1757,-0.05743859414369793,0.039841269841269844
1758,-0.0577256514268271,0.039863945578231294
1759,-0.05801017317274196,0.039886621315192744
1760,-0.05829214565597529,0.039909297052154194
1761,-0.05857155525158095,0.039931972789115644
1762,-0.05884838843567506,0.0399546485260771
1763,-0.0591226317859735,0.03997732426303855
1764,-0.059394271982325476,0.04
1765,-0.05966329580724322,0.04002267573696145
1766,-0.05992969014642777,0.0400453514739229
1767,-0.0601934419892908,0.04006802721088435
1768,-0.060454538429472515,0.04009070294784581
1769,-0.06071296666535559,0.04011337868480726
1770,-0.06096871400057516,0.04013605442176871
1771,-0.06122176784452464,0.04015873015873016
1772,-0.06147211571285778,0.04018140589569161
1773,-0.06171974522798641,0.040204081632653065
1774,-0.06196464411957426,0.040226757369614514
1775,-0.062206800225026705,0.040249433106575964
1776,-0.0624462014899764,0.040272108843537414
1777,-0.06268283596876463,0.040294784580498864
1778,-0.06291669182491881,0.040317460317460314
1779,-0.0631477573316256,0.04034013605442177
1780,-0.06337602087219994,0.04036281179138322
1781,-0.06360147094054987,0.04038548752834467
1782,-0.06382409614163713,0.04040816326530612
1783,-0.06404388519193353,0.04043083900226757
1784,-0.06426082691987306,0.04045351473922903
1785,-0.06447491026629983,0.04047619047619048
1786,-0.0646861242849116,0.04049886621315193
1787,-0.06489445814269913,0.04052154195011338
1788,-0.065099901120381,0.04054421768707483
1789,-0.06530244261283441,0.04056689342403628
1790,-0.06550207212952149,0.040589569160997735
1791,-0.06569877929491104,0.040612244897959185
1792,-0.06589255384889643,0.040634920634920635
1793,-0.06608338564720799,0.040657596371882085
1794,-0.06627126466182283,0.040680272108843535
1795,-0.06645618098136835,0.04070294784580499
1796,-0.06663812481152241,0.04072562358276644
1797,-0.0668170864754087,0.04074829931972789
1798,-0.06699305641398766,0.04077097505668934
1799,-0.06716602518644292,0.04079365079365079
1800,-0.06733598347056323,0.04081632653061224
1801,-0.06750292206311995,0.0408390022675737
1802,-0.06766683188023986,0.04086167800453515
1803,-0.06782770395777361,0.0408843537414966
1804,-0.06798552945165938,0.04090702947845805
1805,-0.06814029963828216,0.0409297052154195
1806,-0.06829200591482841,0.040952380952380955
1807,-0.06844063979963597,0.040975056689342405
1808,-0.06858619293253958,0.040997732426303855
1809,-0.06872865707521153,0.041020408163265305
1810,-0.06886802411149784,0.041043083900226755
1811,-0.06900428604774991,0.041065759637188205
1812,-0.06913743501315096,0.04108843537414966
1813,-0.06926746326003849,0.04111111111111111
1814,-0.06939436316422161,0.04113378684807256
1815,-0.06951812722529366,0.04115646258503401
1816,-0.06963874806694034,0.04117913832199546
1817,-0.06975621843724304,0.04120181405895692
1818,-0.06987053120897722,0.04122448979591837
1819,-0.06998167937990639,0.04124716553287982
1820,-0.07008965607307095,0.04126984126984127
1821,-0.0701944545370726,0.04129251700680272
1822,-0.07029606814635374,0.04131519274376417
1823,-0.07039449040147211,0.041337868480725626
1824,-0.07048971492937071,0.041360544217687076
1825,-0.07058173548364292,0.041383219954648526
1826,-0.07067054594479256,0.041405895691609976
1827,-0.07075614032048937,0.041428571428571426
1828,-0.07083851274581951,0.04145124716553288
1829,-0.0709176574835313,0.04147392290249433
1830,-0.07099356892427602,0.04149659863945578
1831,-0.07106624158684373,0.04151927437641723
1832,-0.07113567011839456,0.04154195011337868
1833,-0.07120184929468465,0.04156462585034014
1834,-0.07126477402028747,0.04158730158730159
1835,-0.0713244393288103,0.04160997732426304
1836,-0.07138084038310545,0.04163265306122449
1837,-0.07143397247547689,0.04165532879818594
1838,-0.07148383102788179,0.04167800453514739
1839,-0.07153041159212717,0.041700680272108846
1840,-0.07157370985006156,0.041723356009070296
1841,-0.07161372161376159,0.041746031746031746
1842,-0.07165044282571392,0.041768707482993196
1843,-0.07168386955899195,0.041791383219954646
1844,-0.07171399801742757,0.0418140589569161
1845,-0.071740824535778,0.04183673469387755
1846,-0.07176434557988763,0.041859410430839
1847,-0.07178455774684486,0.04188208616780045
1848,-0.07180145776513375,0.0419047619047619
1849,-0.07181504249478105,0.04192743764172335
1850,-0.07182530892749778,0.04195011337868481
1851,-0.0718322541868162,0.04197278911564626
1852,-0.07183587552822132,0.04199546485260771
1853,-0.07183617033927778,0.04201814058956916
1854,-0.07183313613975141,0.04204081632653061
1855,-0.07182677058172586,0.04206349206349207
1856,-0.07181707144971422,0.04208616780045352
1857,-0.07180403666076553,0.04210884353741497
1858,-0.07178766426456629,0.04213151927437642
1859,-0.07176795244353665,0.04215419501133787
1860,-0.07174489951292198,0.04217687074829932
1861,-0.07171850392087906,0.042199546485260774
1862,-0.07168876424855733,0.042222222222222223
1863,-0.07165567921017496,0.04224489795918367
1864,-0.07161924765308987,0.04226757369614512
1865,-0.07157946855786577,0.04229024943310657
1866,-0.07153634103833305,0.04231292517006803
1867,-0.07148986434164453,0.04233560090702948
1868,-0.07144003784832623,0.04235827664399093
1869,-0.07138686107232288,0.04238095238095238
1870,-0.07133033366103864,0.04240362811791383
1871,-0.07127045539537234,0.04242630385487528
1872,-0.07120722618974802,0.04244897959183674
1873,-0.07114064609213991,0.04247165532879819
1874,-0.07107071528409288,0.04249433106575964
1875,-0.07099743408073732,0.04251700680272109
1876,-0.07092080293079908,0.04253968253968254
1877,-0.07084082241660439,0.042562358276643994
1878,-0.07075749325407957,0.042585034013605444
1879,-0.07067081629274574,0.042607709750566894
1880,-0.07058079251570826,0.042630385487528344
1881,-0.07048742303964121,0.042653061224489794
1882,-0.07039070911476687,0.042675736961451244
1883,-0.07029065212482985,0.0426984126984127
1884,-0.07018725358706616,0.04272108843537415
1885,-0.07008051515216748,0.0427437641723356
1886,-0.06997043860423995,0.04276643990929705
1887,-0.06985702586075807,0.0427891156462585
1888,-0.06974027897251352,0.04281179138321996
1889,-0.06962020012355873,0.04283446712018141
1890,-0.06949679163114562,0.04285714285714286
1891,-0.06937005594565898,0.04287981859410431
1892,-0.06923999565054485,0.04290249433106576
1893,-0.069106613462234,0.04292517006802721
1894,-0.06896991223006006,0.042947845804988664
1895,-0.06882989493617273,0.042970521541950114
1896,-0.06868656469544582,0.042993197278911564
1897,-0.06853992475538041,0.043015873015873014
1898,-0.06838997849600267,0.043038548752834464
1899,-0.06823672942975685,0.04306122448979592
1900,-0.06808018120139309,0.04308390022675737
1901,-0.06792033758785011,0.04310657596371882
1902,-0.06775720249813308,0.04312925170068027
1903,-0.0675907799731862,0.04315192743764172
1904,-0.06742107418576045,0.04317460317460318
1905,-0.0672480894402759,0.04319727891156463
1906,-0.06707183017267972,0.04321995464852608
1907,-0.0668923009502983,0.04324263038548753
1908,-0.0667095064716851,0.04326530612244898
1909,-0.0665234515664628,0.04328798185941043
1910,-0.06633414119516112,0.043310657596371885
1911,-0.06614158044904916,0.043333333333333335
1912,-0.06594577454996277,0.043356009070294785
1913,-0.06574672885012721,0.043378684807256235
1914,-0.0655444488319746,0.043401360544217685
1915,-0.06533894010795648,0.04342403628117914
1916,-0.06513020842035114,0.04344671201814059
1917,-0.06491825964106658,0.04346938775510204
1918,-0.06470309977143777,0.04349206349206349
1919,-0.06448473494201959,0.04351473922902494
1920,-0.06426317141237432,0.04353741496598639
1921,-0.06403841557085489,0.04356009070294785
1922,-0.0638104739343821,0.0435827664399093
1923,-0.06357935314821807,0.04360544217687075
1924,-0.06334505998573402,0.0436281179138322
1925,-0.06310760134817349,0.04365079365079365
1926,-0.06286698426441072,0.043673469387755105
1927,-0.06262321589070369,0.043696145124716555
1928,-0.06237630351044298,0.043718820861678005
1929,-0.06212625453389498,0.043741496598639455
1930,-0.06187307649794104,0.043764172335600905
1931,-0.06161677706581102,0.043786848072562355
1932,-0.06135736402681277,0.04380952380952381
1933,-0.061094845296055925,0.04383219954648526
1934,-0.060829228914171654,0.04385487528344671
1935,-0.060560523047027165,0.04387755102040816
1936,-0.06028873598543561,0.04390022675736961
1937,-0.06001387614486097,0.04392290249433107
1938,-0.059735952065118454,0.04394557823129252
1939,-0.05945497241007001,0.04396825396825397
1940,-0.059170945967314995,0.04399092970521542
1941,-0.058883881647876175,0.04401360544217687
1942,-0.058593788485881135,0.04403628117913832
1943,-0.058300675638238694,0.044058956916099776
1944,-0.058004552384310945,0.044081632653061226
1945,-0.05770542812558012,0.044104308390022676
1946,-0.057403312385311475,0.044126984126984126
1947,-0.05709821480821075,0.044149659863945576
1948,-0.05679014516007755,0.04417233560090703
1949,-0.056479113327453784,0.04419501133786848
1950,-0.05616512931726759,0.04421768707482993
1951,-0.05584820325647258,0.04424036281179138
1952,-0.05552834539168251,0.04426303854875283
1953,-0.055205566088801394,0.04428571428571428
1954,-0.054879875832649055,0.04430839002267574
1955,-0.054551285226581966,0.04433106575963719
1956,-0.05421980499210972,0.04435374149659864
1957,-0.05388544596850684,0.04437641723356009
1958,-0.05354821911242031,0.04439909297052154
1959,-0.05320813549747214,0.044421768707482996
1960,-0.05286520631385797,0.044444444444444446
1961,-0.052519442867940844,0.044467120181405896
1962,-0.05217085658184058,0.044489795918367346
1963,-0.05181945899301894,0.044512471655328796
1964,-0.05146526175385997,0.044535147392290246
1965,-0.05110827663124634,0.0445578231292517
1966,-0.05074851550613084,0.04458049886621315
1967,-0.05038599037310409,0.0446031746031746
1968,-0.05002071333995722,0.04462585034013605
1969,-0.049652696627240644,0.0446485260770975
1970,-0.04928195256781846,0.04467120181405896
1971,-0.04890849360641839,0.04469387755102041
1972,-0.04853233229917746,0.04471655328798186
1973,-0.04815348131318339,0.04473922902494331
1974,-0.04777195342601191,0.04476190476190476
1975,-0.047387761525259635,0.04478458049886622
1976,-0.04700091860807259,0.04480725623582767
1977,-0.04661143778067088,0.04482993197278912
1978,-0.046219332257868936,0.04485260770975057
1979,-0.0458246153625915,0.044875283446712017
1980,-0.04542730052538576,0.044897959183673466
1981,-0.04502740128392893,0.04492063492063492
1982,-0.044624931282532185,0.04494331065759637
1983,-0.04421990427164013,0.04496598639455782
1984,-0.04381233410732625,0.04498866213151927
1985,-0.04340223475078445,0.04501133786848072
1986,-0.042989620267816414,0.04503401360544218
1987,-0.042574504828314916,0.04505668934240363
1988,-0.042156902705743224,0.04507936507936508
1989,-0.041736828276610474,0.04510204081632653
1990,-0.0413142960199431,0.04512471655328798
1991,-0.04088932051675222,0.04514739229024943
1992,-0.04046191644949717,0.04517006802721089
1993,-0.04003209860154513,0.04519274376417234
1994,-0.03959988185662694,0.04521541950113379
1995,-0.039165281198288826,0.04523809523809524
1996,-0.038728311709340484,0.04526077097505669
1997,-0.03828898857129921,0.045283446712018144
1998,-0.03784732706383037,0.045306122448979594
1999,-0.037403342564183886,0.045328798185941044
2000,-0.036957050546627186,0.045351473922902494
2001,-0.03650846658187418,0.045374149659863944
2002,-0.036057606336510714,0.045396825396825394
2003,-0.03560448557241614,0.04541950113378685
2004,-0.03514912014618152,0.0454421768707483
2005,-0.03469152600852351,0.04546485260770975
2006,-0.034231719203695665,0.0454875283446712
2007,-0.03376971586889502,0.04551020408163265
2008,-0.03330553223366586,0.04553287981859411
2009,-0.03283918461929951,0.04555555555555556
2010,-0.03237068943823081,0.04557823129251701
2011,-0.031900063193430965,0.04560090702947846
2012,-0.031427322477796844,0.04562358276643991
2013,-0.03095248397353688,0.04564625850340136
2014,-0.030475564451553624,0.045668934240362814
2015,-0.02999658077082249,0.045691609977324264
2016,-0.02951554987776766,0.045714285714285714
2017,-0.029032488805634023,0.045736961451247164
2018,-0.028547414673856193,0.045759637188208614
2019,-0.028060344687423924,0.04578231292517007
2020,-0.027571296136244414,0.04580498866213152
2021,-0.027080286394501028,0.04582766439909297
2022,-0.026587332920009137,0.04585034013605442
2023,-0.026092453253568463,0.04587301587301587
2024,-0.025595665018312203,0.04589569160997732
2025,-0.02509698591905301,0.04591836734693878
2026,-0.024596433741626005,0.04594104308390023
2027,-0.024094026352228244,0.04596371882086168
2028,-0.02358978169675542,0.04598639455782313
2029,-0.02308371780013523,0.04600907029478458
2030,-0.022575852765657857,0.046031746031746035
2031,-0.0220662047743033,0.046054421768707485
2032,-0.021554792084065806,0.046077097505668935
2033,-0.02104163302927497,0.046099773242630385
2034,-0.02052674601991445,0.046122448979591835
2035,-0.02001014954093714,0.046145124716553285
2036,-0.019491862151577888,0.04616780045351474
2037,-0.018971902484662947,0.04619047619047619
2038,-0.0184502892459169,0.04621315192743764
2039,-0.017927041213266538,0.04623582766439909
2040,-0.017402177236141958,0.04625850340136054
2041,-0.01687571623477493,0.046281179138322
2042,-0.01634767719949443,0.04630385487528345
2043,-0.015818079190019617,0.0463265306122449
2044,-0.015286941334749761,0.04634920634920635
2045,-0.014754282830051813,0.0463718820861678
2046,-0.01422012293954526,0.04639455782312925
2047,-0.013684480993384242,0.046417233560090705
2048,-0.03604966687517861,0.046439909297052155
2049,-0.03603059350656997,0.046462585034013605
2050,-0.03600987443927717,0.046485260770975055
2051,-0.0359875063765315,0.046507936507936505
2052,-0.03596348608755849,0.04653061224489796
2053,-0.03593781040773768,0.04655328798185941
2054,-0.035910476238760355,0.04657596371882086
2055,-0.0358814805487843,0.04659863945578231
2056,-0.03585082037258614,0.04662131519274376
2057,-0.03581849281171124,0.04664399092970522
2058,-0.03578449503462094,0.04666666666666667
2059,-0.035748824276837295,0.04668934240362812
2060,-0.035711477841085214,0.04671201814058957
2061,-0.035672453097432014,0.04673469387755102
2062,-0.03563174748342444,0.04675736961451247
2063,-0.03558935850422308,0.046780045351473926
2064,-0.03554528373273428,0.046802721088435376
2065,-0.035499520809739234,0.046825396825396826
2066,-0.03545206744402077,0.046848072562358276
2067,-0.035402921412487284,0.046870748299319726
2068,-0.035352080560294374,0.04689342403628118
2069,-0.035299542800963375,0.04691609977324263
2070,-0.03524530611649783,0.04693877551020408
2071,-0.03518936855749691,0.04696145124716553
2072,-0.03513172824326654,0.04698412698412698
2073,-0.03507238336192747,0.04700680272108843
2074,-0.03501133217052129,0.04702947845804989
2075,-0.03494857299511325,0.04705215419501134
2076,-0.03488410423089278,0.04707482993197279
2077,-0.03481792434227122,0.04709750566893424
2078,-0.034750031862976906,0.04712018140589569
2079,-0.034680425396147734,0.047142857142857146
2080,-0.0346091036144208,0.047165532879818596
2081,-0.03453606526001975,0.047188208616780046
2082,-0.034461309144839,0.047210884353741496
2083,-0.03438483415052567,0.047233560090702946
2084,-0.0343066392285588,0.047256235827664396
2085,-0.03422672340032551,0.04727891156462585
2086,-0.03414508575719508,0.0473015873015873
2087,-0.0340617254605898,0.04732426303854875
2088,-0.03397664174205358,0.0473469387755102
2089,-0.03388983390331737,0.04736961451247165
2090,-0.033801301316362484,0.04739229024943311
2091,-0.033711043423480656,0.04741496598639456
2092,-0.03361905973733184,0.04743764172335601
2093,-0.0335253498409991,0.04746031746031746
2094,-0.03342991338804067,0.04748299319727891
2095,-0.03333275010253967,0.04750566893424036
2096,-0.033233859779150866,0.047528344671201816
2097,-0.0331332422831446,0.047551020408163266
2098,-0.03303089755044844,0.047573696145124716
2099,-0.032926825587685574,0.047596371882086166
2100,-0.032821026472211114,0.047619047619047616
2101,-0.032713500352144875,0.04764172335600907
2102,-0.032604247446402335,0.04766439909297052
2103,-0.03249326804472219,0.04768707482993197
2104,-0.03238056250769146,0.04770975056689342
2105,-0.032266131266767924,0.04773242630385487
2106,-0.03214997482429971,0.04775510204081632
2107,-0.03203209375354221,0.04777777777777778
2108,-0.03191248869867225,0.04780045351473923
2109,-0.031791160374799544,0.04782312925170068
2110,-0.031668109567975486,0.04784580498866213
2111,-0.03154333713519898,0.04786848072562358
2112,-0.03141684400442005,0.04789115646258504
2113,-0.03128863117453999,0.04791383219954649
2114,-0.031158699715409462,0.04793650793650794
2115,-0.031027050767823403,0.04795918367346939
2116,-0.030893685543513568,0.04798185941043084
2117,-0.030758605325137908,0.04800453514739229
2118,-0.03062181146626774,0.048027210884353744
2119,-0.030483305391371722,0.048049886621315194
2120,-0.030343088595797336,0.048072562358276644
2121,-0.030201162645749624,0.048095238095238094
2122,-0.030057529178267164,0.048117913832199544
2123,-0.029912189901195332,0.048140589569161
2124,-0.02976514659315677,0.04816326530612245
2125,-0.02961640110351925,0.0481859410430839
2126,-0.029465955352360674,0.04820861678004535
2127,-0.029313811330431525,0.0482312925170068
2128,-0.02915997109911444,0.04825396825396826
2129,-0.02900443679038105,0.04827664399092971
2130,-0.02884721060674626,0.04829931972789116
2131,-0.02868829482121967,0.04832199546485261
2132,-0.028527691777254366,0.04834467120181406
2133,-0.028365403888692815,0.04836734693877551
2134,-0.0282014336397103,0.048390022675736964
2135,-0.028035783584755527,0.048412698412698414
2136,-0.02786845634848846,0.048435374149659864
2137,-0.027699454625715467,0.048458049886621314
2138,-0.02752878118132192,0.048480725623582764
2139,-0.02735643885020182,0.04850340136054422
2140,-0.027182430537184995,0.04852607709750567
2141,-0.02700675921696133,0.04854875283446712
2142,-0.02682942793400254,0.04857142857142857
2143,-0.026650439802481125,0.04859410430839002
2144,-0.02646979800618663,0.04861678004535147
2145,-0.026287505798439234,0.04863945578231293
2146,-0.026103566502000707,0.04866213151927438
2147,-0.025917983508982542,0.04868480725623583
2148,-0.02573076028075166,0.04870748299319728
2149,-0.02554190034783298,0.04873015873015873
2150,-0.025351407309810017,0.048752834467120185
2151,-0.02515928483522205,0.048775510204081635
2152,-0.024965536661459193,0.048798185941043085
2153,-0.024770166594654464,0.048820861678004535
2154,-0.024573178509573444,0.048843537414965985
2155,-0.024374576349501006,0.048866213151927435
2156,-0.0241743641261257,0.04888888888888889
2157,-0.023972545919421225,0.04891156462585034
2158,-0.023769125877525353,0.04893424036281179
2159,-0.023564108216616347,0.04895691609977324
2160,-0.023357497220786595,0.04897959183673469
2161,-0.02314929724191344,0.04900226757369615
2162,-0.022939512699527924,0.0490249433106576
2163,-0.022728148080680324,0.04904761904761905
2164,-0.022515207939803477,0.0490702947845805
2165,-0.022300696898573155,0.04909297052154195
2166,-0.022084619645766256,0.0491156462585034
2167,-0.021866980937115997,0.049138321995464855
2168,-0.021647785595164698,0.049160997732426305
2169,-0.021427038509114,0.049183673469387755
2170,-0.02120474463467239,0.049206349206349205
2171,-0.02098090899390029,0.049229024943310655
2172,-0.020755536675052314,0.04925170068027211
2173,-0.0205286328324173,0.04927437641723356
2174,-0.020300202686155563,0.04929705215419501
2175,-0.020070251522133514,0.04931972789115646
2176,-0.019838784691756033,0.04934240362811791
2177,-0.01960580761179602,0.04936507936507936
2178,-0.019371325764221424,0.04938775510204082
2179,-0.019135344696019928,0.04941043083900227
2180,-0.01889787001902096,0.04943310657596372
2181,-0.018658907409715153,0.04945578231292517
2182,-0.01841846260907145,0.04947845804988662
2183,-0.01817654142235154,0.049501133786848076
2184,-0.017933149718921872,0.049523809523809526
2185,-0.01768829343206312,0.049546485260770975
2186,-0.01744197855877734,0.049569160997732425
2187,-0.017194211159592375,0.049591836734693875
2188,-0.016944997358363925,0.049614512471655325
2189,-0.016694343342075275,0.04963718820861678
2190,-0.016442255360634248,0.04965986394557823
2191,-0.016188739726668053,0.04968253968253968
2192,-0.015933802815315548,0.04970521541950113
2193,-0.015677451064016863,0.04972789115646258
2194,-0.015419690972300983,0.04975056689342404
2195,-0.015160529101570647,0.04977324263038549
2196,-0.014899972074884867,0.04979591836734694
2197,-0.014638026576739085,0.04981859410430839
2198,-0.014374699352842947,0.04984126984126984
2199,-0.014109997209895656,0.049863945578231296
2200,-0.013843927015358977,0.049886621315192746
2201,-0.013576495697227735,0.049909297052154196
2202,-0.013307710243798204,0.049931972789115646
2203,-0.01303757770343393,0.049954648526077096
2204,-0.012766105184329246,0.049977324263038546
2205,-0.012493299854270508,0.05
2206,-0.012219168940394924,0.05002267573696145
2207,-0.011943719728947207,0.0500453514739229
2208,-0.011666959565033712,0.05006802721088435
2209,-0.01138889585237441,0.0500907029478458
2210,-0.011109536053052552,0.05011337868480726
2211,-0.010828887687261979,0.05013605442176871
2212,-0.010546958333052268,0.05015873015873016
2213,-0.010263755626071472,0.05018140589569161
2214,-0.00997928725930676,0.05020408163265306
2215,-0.00969356098282266,0.05022675736961451
2216,-0.009406584603497227,0.050249433106575966
2217,-0.009118365984755739,0.050272108843537416
2218,-0.00882891304630249,0.050294784580498866
2219,-0.008538233763850107,0.050317460317460316
2220,-0.008246336168846798,0.050340136054421766
2221,-0.007953228348201419,0.05036281179138322
2222,-0.00765891844400627,0.05038548752834467
2223,-0.007363414653257801,0.05040816326530612
2224,-0.007066725227575198,0.05043083900226757
2225,-0.006768858472916667,0.05045351473922902
2226,-0.0064698227492938215,0.05047619047619047
2227,-0.006169626470483615,0.05049886621315193
2228,-0.005868278103738467,0.05052154195011338
2229,-0.00556578616949413,0.05054421768707483
2230,-0.005262159241075502,0.05056689342403628
2231,-0.004957405944400348,0.05058956916099773
2232,-0.004651534957680913,0.05061224489795919
2233,-0.004344555011123505,0.05063492063492064
2234,-0.00403647488662609,0.05065759637188209
2235,-0.0037273034174737235,0.05068027210884354
2236,-0.003417049488032016,0.05070294784580499
2237,-0.0031057220334385835,0.05072562358276644
2238,-0.0027933300392925797,0.050748299319727894
2239,-0.0024798825413419393,0.050770975056689344
2240,-0.0021653886251690874,0.050793650793650794
2241,-0.0018498574258742906,0.050816326530612244
2242,-0.0015332981277571059,0.050839002267573694
2243,-0.0012157199639962132,0.05086167800453515
2244,-8.971322163268403E-4,0.0508843537414966
2245,-5.775442147165633E-4,0.05090702947845805
2246,-2.569653370392E-4,0.0509297052154195
2247,6.459499125344853E-5,0.05095238095238095
2248,3.8712729746136904E-4,0.0509750566893424
2249,7.106220619684384E-4,0.05099773242630386
2250,0.0010350697185758304,0.05102040816326531
2251,0.0013604606548378029,0.05104308390022676
2252,0.0016867852123990945,0.05106575963718821
2253,0.002014033687334063,0.05108843537414966
2254,0.002342196330487774,0.051111111111111114
2255,0.0026712633478188294,0.051133786848072564
2256,0.0030012249007440317,0.051156462585034014
2257,0.0033320711064847713,0.051179138321995464
2258,0.0036637920384151937,0.051201814058956914
2259,0.003996377726412155,0.051224489795918364
2260,0.004329818157206872,0.05124716553287982
2261,0.004664103274738263,0.05126984126984127
2262,0.004999222980508075,0.05129251700680272
2263,0.005335167133937682,0.05131519274376417
2264,0.005671925552726567,0.05133786848072562
2265,0.006009488013212466,0.05136054421768708
2266,0.006347844250733134,0.05138321995464853
2267,0.006686983959989859,0.05140589569160998
2268,0.007026896795412532,0.05142857142857143
2269,0.007367572371526285,0.05145124716553288
2270,0.007709000263319901,0.05147392290249433
2271,0.00805117000661558,0.051496598639455785
2272,0.008394071098440481,0.051519274376417235
2273,0.00873769299739989,0.051541950113378684
2274,0.009082025124051485,0.051564625850340134
2275,0.009427056861281743,0.051587301587301584
2276,0.00977277755468342,0.05160997732426304
2277,0.010119176512934855,0.05163265306122449
2278,0.010466243008180345,0.05165532879818594
2279,0.01081396627641254,0.05167800453514739
2280,0.011162335517855851,0.05170068027210884
2281,0.011511339897351647,0.0517233560090703
2282,0.011860968544744444,0.05174603174603175
2283,0.012211210555270136,0.0517687074829932
2284,0.012562054989945032,0.05179138321995465
2285,0.012913490875956737,0.0518140589569161
2286,0.013265507207056063,0.05183673469387755
2287,0.013618092943950583,0.051859410430839005
2288,0.013971237014699323,0.051882086167800455
2289,0.014324928315109023,0.051904761904761905
2290,0.014679155709131406,0.051927437641723355
2291,0.015033908029261966,0.051950113378684805
2292,0.01538917407694014,0.05197278911564626
2293,0.015744942622950453,0.05199546485260771
2294,0.016101202407825185,0.05201814058956916
2295,0.016457942142248105,0.05204081632653061
2296,0.016815150507459617,0.05206349206349206
2297,0.01717281615566295,0.05208616780045351
2298,0.017530927710431674,0.05210884353741497
2299,0.017889473767118275,0.05213151927437642
2300,0.018248442893264077,0.05215419501133787
2301,0.018607823629010173,0.05217687074829932
2302,0.01896760448750938,0.05219954648526077
2303,0.0193277739553398,0.052222222222222225
2304,0.019688320492918993,0.052244897959183675
2305,0.020049232534919192,0.052267573696145125
2306,0.02041049849068427,0.052290249433106575
2307,0.02077210674464698,0.052312925170068025
2308,0.02113404565674777,0.052335600907029475
2309,0.021496303562854313,0.05235827664399093
2310,0.021858868775182227,0.05238095238095238
2311,0.022221729582716815,0.05240362811791383
2312,0.022584874251635634,0.05242630385487528
2313,0.022948291025732204,0.05244897959183673
2314,0.023311968126840388,0.05247165532879819
2315,0.023675893755260247,0.05249433106575964
2316,0.024040056090184198,0.05251700680272109
2317,0.024404443290124506,0.05253968253968254
2318,0.024769043493341386,0.05256235827664399
2319,0.025133844818272286,0.05258503401360544
2320,0.025498835363961775,0.052607709750566896
2321,0.025864003210492162,0.052630385487528346
2322,0.02622933641941541,0.052653061224489796
2323,0.02659482303418549,0.052675736961451246
2324,0.02696045108059153,0.052698412698412696
2325,0.027326208567191868,0.05272108843537415
2326,0.027692083485748906,0.0527437641723356
2327,0.028058063811664494,0.05276643990929705
2328,0.028424137504416205,0.0527891156462585
2329,0.028790292507994433,0.05281179138321995
2330,0.02915651675133983,0.0528344671201814
2331,0.02952279814878174,0.05285714285714286
2332,0.029889124600477296,0.05287981859410431
2333,0.030255483992850857,0.05290249433106576
2334,0.030621864199034426,0.05292517006802721
2335,0.030988253079308498,0.05294784580498866
2336,0.031354638481543434,0.052970521541950116
2337,0.031721008241641827,0.052993197278911566
2338,0.03208735018398072,0.053015873015873016
2339,0.032453652121855164,0.053038548752834466
2340,0.03281990185792158,0.053061224489795916
2341,0.03318608718464231,0.053083900226757366
2342,0.0335521958847301,0.05310657596371882
2343,0.03391821573159337,0.05312925170068027
2344,0.03428413448978198,0.05315192743764172
2345,0.034649939915433206,0.05317460317460317
2346,0.0350156197567183,0.05319727891156462
2347,0.035381161754289556,0.05321995464852608
2348,0.0357465536417276,0.05324263038548753
2349,0.03611178314598915,0.05326530612244898
2350,0.036476837987855115,0.05328798185941043
2351,0.03684170588237898,0.05331065759637188
2352,0.037206374539335826,0.05333333333333334
2353,0.037570831663671096,0.05335600907029479
2354,0.037935064955950296,0.05337868480725624
2355,0.03829906211280841,0.05340136054421769
2356,0.038662810827400175,0.05342403628117914
2357,0.039026298789849916,0.05344671201814059
2358,0.03938951368770222,0.053469387755102044
2359,0.03975244320637253,0.053492063492063494
2360,0.040115075029597755,0.053514739229024944
2361,0.0404773968398877,0.053537414965986393
2362,0.040839396318975804,0.05356009070294784
2363,0.04120106114827085,0.0535827664399093
2364,0.041562379009308106,0.05360544217687075
2365,0.041923337584201116,0.0536281179138322
2366,0.04228392455609317,0.05365079365079365
2367,0.04264412760960923,0.0536734693877551
2368,0.04300393443130758,0.05369614512471655
2369,0.04336333271013178,0.05371882086167801
2370,0.04372231013786256,0.05374149659863946
2371,0.04408085440956953,0.05376417233560091
2372,0.044438953224063216,0.05378684807256236
2373,0.044796594284346916,0.05380952380952381
2374,0.045153765298068436,0.053832199546485264
2375,0.045510453977971946,0.053854875283446714
2376,0.04586664804234964,0.053877551020408164
2377,0.04622233521549326,0.053900226757369614
2378,0.04657750322814567,0.053922902494331064
2379,0.046932139817952176,0.053945578231292514
2380,0.0472862327299119,0.05396825396825397
2381,0.04763976971682854,0.05399092970521542
2382,0.04799273853976169,0.05401360544217687
2383,0.048345126968477065,0.05403628117913832
2384,0.04869692278189747,0.05405895691609977
2385,0.04904811376855257,0.05408163265306123
2386,0.0493986877270295,0.05410430839002268
2387,0.04974863246642207,0.05412698412698413
2388,0.05009793580678064,0.05414965986394558
2389,0.05044658557956118,0.05417233560090703
2390,0.05079456962807406,0.05419501133786848
2391,0.05114187580793291,0.054217687074829934
2392,0.05148849198750251,0.054240362811791384
2393,0.05183440604834689,0.054263038548752834
2394,0.05217960588567665,0.054285714285714284
2395,0.052524079408796116,0.054308390022675734
2396,0.05286781454155014,0.05433106575963719
2397,0.05321079922277016,0.05435374149659864
2398,0.05355302140672011,0.05437641723356009
2399,0.05389446906354173,0.05439909297052154
2400,0.054235130179699526,0.05442176870748299
2401,0.054574992758425034,0.05444444444444444
2402,0.054914044820160816,0.0544671201814059
2403,0.05525227440300365,0.05448979591836735
2404,0.055589669563147405,0.0545124716553288
2405,0.05592621837532542,0.05453514739229025
2406,0.05626190893325182,0.0545578231292517
2407,0.056596729350063,0.054580498866213155
2408,0.05693066775875772,0.054603174603174605
2409,0.057263712312637216,0.054625850340136055
2410,0.05759585118574415,0.054648526077097505
2411,0.05792707257330132,0.054671201814058955
2412,0.05825736469214948,0.054693877551020405
2413,0.05858671578118446,0.05471655328798186
2414,0.058915114101793606,0.05473922902494331
2415,0.05924254793829151,0.05476190476190476
2416,0.05956900559835513,0.05478458049886621
2417,0.05989447541345771,0.05480725623582766
2418,0.06021894573930267,0.05482993197278912
2419,0.06054240495625584,0.05485260770975057
2420,0.06086484146977767,0.05487528344671202
2421,0.06118624371085403,0.05489795918367347
2422,0.06150660013642644,0.05492063492063492
2423,0.061825899229821575,0.054943310657596375
2424,0.062144129501179535,0.054965986394557825
2425,0.06246127948788148,0.054988662131519275
2426,0.06277733775497647,0.055011337868480725
2427,0.063092292895607,0.055034013605442175
2428,0.06340613353143393,0.055056689342403625
2429,0.06371884831306038,0.05507936507936508
2430,0.06403042592045459,0.05510204081632653
2431,0.06434085506337187,0.05512471655328798
2432,0.06465012448177539,0.05514739229024943
2433,0.06495822294625662,0.05517006802721088
2434,0.06526513925845344,0.05519274376417234
2435,0.06557086225146844,0.05521541950113379
2436,0.0658753807902856,0.05523809523809524
2437,0.06617868377218597,0.05526077097505669
2438,0.06648076012716232,0.05528344671201814
2439,0.06678159881833252,0.05530612244897959
2440,0.06708118884235216,0.055328798185941046
2441,0.06737951922982542,0.055351473922902496
2442,0.06767657904571539,0.055374149659863946
2443,0.06797235738975282,0.055396825396825396
2444,0.06826684339684426,0.055419501133786846
2445,0.06856002623747784,0.0554421768707483
2446,0.06885189511812914,0.05546485260770975
2447,0.06914243928166514,0.0554875283446712
2448,0.06943164800774698,0.05551020408163265
2449,0.06971951061323141,0.0555328798185941
2450,0.07000601645257129,0.05555555555555555
2451,0.07029115491821447,0.05557823129251701
2452,0.07057491544100152,0.05560090702947846
2453,0.07085728749056194,0.05562358276643991
2454,0.07113826057570935,0.05564625850340136
2455,0.07141782424483512,0.05566893424036281
2456,0.07169596808630063,0.055691609977324266
2457,0.07197268172882824,0.055714285714285716
2458,0.07224795484189078,0.055736961451247166
2459,0.0725217771360996,0.055759637188208616
2460,0.07279413836359147,0.055782312925170066
2461,0.0730650283184136,0.055804988662131516
2462,0.07333443683690752,0.05582766439909297
2463,0.0736023537980915,0.05585034013605442
2464,0.07386876912404114,0.05587301587301587
2465,0.07413367278026908,0.05589569160997732
2466,0.07439705477610249,0.05591836734693877
2467,0.0746589051650595,0.05594104308390023
2468,0.07491921404522404,0.05596371882086168
2469,0.07517797155961899,0.05598639455782313
2470,0.0754351678965778,0.05600907029478458
2471,0.07569079329011448,0.05603174603174603
2472,0.07594483802029227,0.05605442176870748
2473,0.07619729241359037,0.05607709750566894
2474,0.07644814684326903,0.05609977324263039
2475,0.07669739172973342,0.05612244897959184
2476,0.07694501754089535,0.05614512471655329
2477,0.07719101479253368,0.05616780045351474
2478,0.07743537404865278,0.05619047619047619
2479,0.07767808592183953,0.05621315192743764
2480,0.07791914107361855,0.05623582766439909
2481,0.07815853021480543,0.05625850340136054
2482,0.07839624410585885,0.05628117913832199
2483,0.07863227355723028,0.05630385487528344
2484,0.07886660942971235,0.0563265306122449
2485,0.07909924263478528,0.05634920634920635
2486,0.07933016413496154,0.0563718820861678
2487,0.07955936494412881,0.05639455782312925
2488,0.07978683612789089,0.0564172335600907
2489,0.08001256880390727,0.05643990929705216
2490,0.08023655414223008,0.05646258503401361
2491,0.08045878336564007,0.05648526077097506
2492,0.08067924774998003,0.05650793650793651
2493,0.08089793862448677,0.05653061224489796
2494,0.08111484737212094,0.05655328798185941
2495,0.08132996542989526,0.056575963718820864
2496,0.08154328428920032,0.056598639455782314
2497,0.08175479549612918,0.056621315192743764
2498,0.08196449065179934,0.056643990929705214
2499,0.08217236141267306,0.056666666666666664
2500,0.0823783994908758,0.05668934240362812
2501,0.0825825966545127,0.05671201814058957
2502,0.08278494472798281,0.05673469387755102
2503,0.08298543559229146,0.05675736961451247
2504,0.08318406118536086,0.05678004535147392
2505,0.08338081350233822,0.05680272108843538
2506,0.08357568459590226,0.05682539682539683
2507,0.08376866657656745,0.05684807256235828
2508,0.0839597516129862,0.05687074829931973
2509,0.08414893193224912,0.05689342403628118
2510,0.08433619982018299,0.05691609977324263
2511,0.0845215476216469,0.056938775510204084
2512,0.0847049677408261,0.056961451247165534
2513,0.08488645264152367,0.056984126984126984
2514,0.08506599484745045,0.057006802721088434
2515,0.08524358694251227,0.057029478458049884
2516,0.08541922157109569,0.05705215419501134
2517,0.08559289143835078,0.05707482993197279
2518,0.08576458931047265,0.05709750566893424
2519,0.08593430801498005,0.05712018140589569
2520,0.0861020404409922,0.05714285714285714
2521,0.08626777953950329,0.05716553287981859
2522,0.08643151832365462,0.05718820861678005
2523,0.08659324986900496,0.0572108843537415
2524,0.0867529673137982,0.05723356009070295
2525,0.08691066385922899,0.0572562358276644
2526,0.08706633276970617,0.05727891156462585
2527,0.0872199673731138,0.057301587301587305
2528,0.0873715610610701,0.057324263038548755
2529,0.08752110728918391,0.057346938775510205
2530,0.08766859957730903,0.057369614512471655
2531,0.08781403150979608,0.057392290249433105
2532,0.08795739673574232,0.057414965986394555
2533,0.08809868896923892,0.05743764172335601
2534,0.08823790198961588,0.05746031746031746
2535,0.08837502964168498,0.05748299319727891
2536,0.08851006583597988,0.05750566893424036
2537,0.08864300454899411,0.05752834467120181
2538,0.08877383982341697,0.05755102040816327
2539,0.08890256576836639,0.05757369614512472
2540,0.08902917655962012,0.05759637188208617
2541,0.08915366643984403,0.05761904761904762
2542,0.08927602971881828,0.05764172335600907
2543,0.08939626077366092,0.05766439909297052
2544,0.08951435404904935,0.057687074829931975
2545,0.08963030405743877,0.057709750566893425
2546,0.08974410537927906,0.057732426303854875
2547,0.08985575266322827,0.057755102040816325
2548,0.0899652406263646,0.057777777777777775
2549,0.09007256405439508,0.05780045351473923
2550,0.0901777178018624,0.05782312925170068
2551,0.0902806967923489,0.05784580498866213
2552,0.09038149601867826,0.05786848072562358
2553,0.0904801105431147,0.05789115646258503
2554,0.09057653549755953,0.05791383219954648
2555,0.0906707660837455,0.05793650793650794
2556,0.09076279757342812,0.05795918367346939
2557,0.0908526253085751,0.05798185941043084
2558,0.09094024470155283,0.05800453514739229
2559,0.09102565123531046,0.05802721088435374
2560,0.02697507197929217,0.058049886621315196
2561,0.027244596469575437,0.058072562358276646
2562,0.02751353986507154,0.058095238095238096
2563,0.02778189710539282,0.058117913832199546
2564,0.028049663147208807,0.058140589569160996
2565,0.02831683296438828,0.058163265306122446
2566,0.028583401548140965,0.0581859410430839
2567,0.028849363907158698,0.05820861678004535
2568,0.029114715067755745,0.0582312925170068
2569,0.029379450074008627,0.05825396825396825
2570,0.02964356398789536,0.0582766439909297
2571,0.029907051889434023,0.05829931972789116
2572,0.03016990887682075,0.05832199546485261
2573,0.030432130066566962,0.05834467120181406
2574,0.03069371059363603,0.05836734693877551
2575,0.030954645611579446,0.05839002267573696
2576,0.031214930292672152,0.058412698412698416
2577,0.03147455982804711,0.058435374149659866
2578,0.03173352942782962,0.058458049886621316
2579,0.03199183432127063,0.058480725623582766
2580,0.03224946975687945,0.058503401360544216
2581,0.03250643100255588,0.058526077097505666
2582,0.03276271334572159,0.05854875283446712
2583,0.033018312093450866,0.05857142857142857
2584,0.03327322257260064,0.05859410430839002
2585,0.03352744012993982,0.05861678004535147
2586,0.03378096013227794,0.05863945578231292
2587,0.034033777966593154,0.05866213151927438
2588,0.03428588904015953,0.05868480725623583
2589,0.0345372887806735,0.05870748299319728
2590,0.0347879726363797,0.05873015873015873
2591,0.03503793607619624,0.05875283446712018
2592,0.03528717458983897,0.05877551020408163
2593,0.03553568368794522,0.05879818594104309
2594,0.03578345890219675,0.058820861678004537
2595,0.03603049578544191,0.058843537414965986
2596,0.03627678991181722,0.058866213151927436
2597,0.036522336876868136,0.058888888888888886
2598,0.03676713229766886,0.05891156462585034
2599,0.03701117181294185,0.05893424036281179
2600,0.037254451083176154,0.05895691609977324
2601,0.037496965790745164,0.05897959183673469
2602,0.03773871164002368,0.05900226757369614
2603,0.03797968435750409,0.05902494331065759
2604,0.03821987969191179,0.05904761904761905
2605,0.03845929341431993,0.0590702947845805
2606,0.038697921318263225,0.05909297052154195
2607,0.03893575921985113,0.0591156462585034
2608,0.03917280295788029,0.05913832199546485
2609,0.03940904839394581,0.05916099773242631
2610,0.039644491412552295,0.05918367346938776
2611,0.03987912792122364,0.05920634920634921
2612,0.04011295385061236,0.05922902494331066
2613,0.04034596515460775,0.05925170068027211
2614,0.040578157810443556,0.05927437641723356
2615,0.04080952781880475,0.059297052154195014
2616,0.041040071203933395,0.059319727891156464
2617,0.04126978401373379,0.059342403628117914
2618,0.04149866231987672,0.059365079365079364
2619,0.04172670221790306,0.059387755102040814
2620,0.041953899827326224,0.05941043083900227
2621,0.04218025129173417,0.05943310657596372
2622,0.04240575277889021,0.05945578231292517
2623,0.04263040048083323,0.05947845804988662
2624,0.04285419061397705,0.05950113378684807
2625,0.043077119419208804,0.05952380952380952
2626,0.043299183161986485,0.05954648526077098
2627,0.04352037813243582,0.05956916099773243
2628,0.04374070064544608,0.05959183673469388
2629,0.0439601470407652,0.05961451247165533
2630,0.04417871368309392,0.05963718820861678
2631,0.04439639696217911,0.059659863945578234
2632,0.044613193292906195,0.059682539682539684
2633,0.04482909911539076,0.059705215419501134
2634,0.04504411089506929,0.059727891156462584
2635,0.04525822512278894,0.059750566893424034
2636,0.04547143831489652,0.059773242630385484
2637,0.04568374701332661,0.05979591836734694
2638,0.0458951477856886,0.05981859410430839
2639,0.04610563722535323,0.05984126984126984
2640,0.04631521195153776,0.05986394557823129
2641,0.046523868609390576,0.05988662131519274
2642,0.04673160387007485,0.0599092970521542
2643,0.046938414430851234,0.05993197278911565
2644,0.04714429701515964,0.0599546485260771
2645,0.0473492483727002,0.05997732426303855
2646,0.047553265279513215,0.06
2647,0.04775634453805835,0.060022675736961455
2648,0.04795848297729269,0.060045351473922905
2649,0.04815967745274813,0.060068027210884355
2650,0.04835992484660767,0.060090702947845805
2651,0.0485592220677808,0.060113378684807255
2652,0.04875756605197812,0.060136054421768705
2653,0.04895495376178488,0.06015873015873016
2654,0.049151382186733567,0.06018140589569161
2655,0.04934684834337569,0.06020408163265306
2656,0.04954134927535266,0.06022675736961451
2657,0.04973488205346554,0.06024943310657596
2658,0.04992744377574401,0.06027210884353742
2659,0.05011903156751432,0.06029478458049887
2660,0.050309642581466446,0.06031746031746032
2661,0.050499273997720084,0.06034013605442177
2662,0.05068792302388986,0.06036281179138322
2663,0.050875586895149504,0.06038548752834467
2664,0.05106226287429523,0.060408163265306125
2665,0.0512479482518079,0.060430839002267575
2666,0.051432640345914535,0.060453514739229025
2667,0.05161633650264853,0.060476190476190475
2668,0.05179903409590933,0.060498866213151925
2669,0.05198073052752081,0.06052154195011338
2670,0.052161423227288714,0.06054421768707483
2671,0.052341109653057355,0.06056689342403628
2672,0.05251978729076537,0.06058956916099773
2673,0.05269745365449987,0.06061224489795918
2674,0.052874106286550614,0.06063492063492063
2675,0.05304974275746249,0.06065759637188209
2676,0.05322436066608735,0.06068027210884354
2677,0.05339795763963454,0.06070294784580499
2678,0.053570531333721,0.06072562358276644
2679,0.05374207943241984,0.06074829931972789
2680,0.05391259964830826,0.060770975056689346
2681,0.05408208972251455,0.060793650793650796
2682,0.05425054742476363,0.060816326530612246
2683,0.05441797055342232,0.060839002267573696
2684,0.05458435693554298,0.060861678004535145
2685,0.05474970442690663,0.060884353741496595
2686,0.05491401091206479,0.06090702947845805
2687,0.055077274304380384,0.0609297052154195
2688,0.05523949254606783,0.06095238095238095
2689,0.055400663608232315,0.0609750566893424
2690,0.055560785490907046,0.06099773242630385
2691,0.055719856223090905,0.06102040816326531
2692,0.055877873862784165,0.06104308390022676
2693,0.05603483649702368,0.06106575963718821
2694,0.05619074224191673,0.06108843537414966
2695,0.056345589242674333,0.06111111111111111
2696,0.056499375673642944,0.06113378684807256
2697,0.05665209973833576,0.061156462585034016
2698,0.05680375966946266,0.061179138321995466
2699,0.05695435372895926,0.061201814058956916
2700,0.05710388020801503,0.061224489795918366
2701,0.057252337427100314,0.061247165532879816
2702,0.05739972373599224,0.06126984126984127
2703,0.05754603751380005,0.06129251700680272
2704,0.057691277168988954,0.06131519274376417
2705,0.0578354411394032,0.06133786848072562
2706,0.057978527892288155,0.06136054421768707
2707,0.058120535924311476,0.06138321995464852
2708,0.05826146376158285,0.06140589569160998
2709,0.05840130995967337,0.06142857142857143
2710,0.0585400731036333,0.06145124716553288
2711,0.05867775180800928,0.06147392290249433
2712,0.05881434471686035,0.06149659863945578
2713,0.05894985050377283,0.061519274376417236
2714,0.05908426787187446,0.061541950113378686
2715,0.05921759555384741,0.061564625850340136
2716,0.059349832311940236,0.061587301587301586
2717,0.05948097693797898,0.061609977324263036
2718,0.05961102825337696,0.061632653061224486
2719,0.059739985109144064,0.06165532879818594
2720,0.05986784638589442,0.06167800453514739
2721,0.05999461099385371,0.06170068027210884
2722,0.06012027787286486,0.06172335600907029
2723,0.0602448459923931,0.06174603174603174
2724,0.06036831435152998,0.0617687074829932
2725,0.06049068197899635,0.06179138321995465
2726,0.060611947933144186,0.0618140589569161
2727,0.060732111301957686,0.06183673469387755
2728,0.06085117120305314,0.061859410430839
2729,0.060969126783677906,0.06188208616780046
2730,0.061085977220708326,0.06190476190476191
2731,0.06120172172064661,0.06192743764172336
2732,0.06131635951961694,0.06195011337868481
2733,0.06142988988336027,0.06197278911564626
2734,0.06154231210722824,0.06199546485260771
2735,0.06165362551617616,0.062018140589569164
2736,0.061763829464755005,0.062040816326530614
2737,0.06187292333710217,0.062063492063492064
2738,0.06198090654693156,0.062086167800453514
2739,0.062087778537522446,0.062108843537414964
2740,0.062193538781707414,0.06213151927437642
2741,0.062298186781859326,0.06215419501133787
2742,0.06240172206987724,0.06217687074829932
2743,0.06250414420717129,0.06219954648526077
2744,0.06260545278464678,0.06222222222222222
2745,0.06270564742268706,0.06224489795918367
2746,0.06280472777113544,0.06226757369614513
2747,0.06290269350927626,0.06229024943310658
2748,0.06299954434581477,0.06231292517006803
2749,0.06309528001885628,0.06233560090702948
2750,0.06318990029588405,0.06235827664399093
2751,0.06328340497373618,0.062380952380952384
2752,0.06337579387858189,0.062403628117913834
2753,0.06346706686589658,0.062426303854875284
2754,0.06355722382043558,0.062448979591836734
2755,0.06364626465620749,0.062471655328798184
2756,0.06373418931644623,0.062494331065759634
2757,0.06382099777358202,0.06251700680272108
2758,0.06390669002921182,0.06253968253968253
2759,0.06399126611406822,0.062562358276644
2760,0.0640747260879876,0.06258503401360545
2761,0.06415707003987768,0.0626077097505669
2762,0.06423829808768336,0.06263038548752835
2763,0.06431841037835224,0.0626530612244898
2764,0.06439740708779887,0.06267573696145125
2765,0.06447528842086793,0.0626984126984127
2766,0.0645520546112969,0.06272108843537415
2767,0.06462770592167717,0.0627437641723356
2768,0.06470224264341462,0.06276643990929705
2769,0.06477566509668906,0.0627891156462585
2770,0.06484797363041278,0.06281179138321996
2771,0.06491916862218804,0.06283446712018141
2772,0.06498925047826379,0.06285714285714286
2773,0.0650582196334912,0.06287981859410431
2774,0.06512607655127847,0.06290249433106576
2775,0.06519282172354447,0.06292517006802721
2776,0.06525845567067165,0.06294784580498866
2777,0.06532297894145778,0.06297052154195011
2778,0.06538639211306702,0.06299319727891156
2779,0.0654486957909797,0.06301587301587301
2780,0.06550989060894151,0.06303854875283446
2781,0.06556997722891159,0.06306122448979593
2782,0.06562895634100957,0.06308390022675738
2783,0.06568682866346187,0.06310657596371883
2784,0.06574359494254703,0.06312925170068028
2785,0.06579925595254008,0.06315192743764173
2786,0.0658538124956559,0.06317460317460317
2787,0.06590726540199182,0.06319727891156462
2788,0.06595961552946923,0.06321995464852607
2789,0.06601086376377412,0.06324263038548752
2790,0.06606101101829713,0.06326530612244897
2791,0.06611005823407207,0.06328798185941042
2792,0.06615800637971411,0.06331065759637189
2793,0.06620485645135675,0.06333333333333334
2794,0.06625060947258786,0.06335600907029479
2795,0.06629526649438496,0.06337868480725624
2796,0.0663388285950496,0.06340136054421769
2797,0.06638129688014079,0.06342403628117914
2798,0.06642267248240741,0.06344671201814059
2799,0.06646295656171994,0.06346938775510204
2800,0.06650215030500131,0.06349206349206349
2801,0.06654025492615646,0.06351473922902494
2802,0.06657727166600168,0.06353741496598639
2803,0.06661320179219252,0.06356009070294785
2804,0.066648046599151,0.0635827664399093
2805,0.066681807407992,0.06360544217687075
2806,0.0667144855664489,0.0636281179138322
2807,0.06674608244879784,0.06365079365079365
2808,0.06677659945578168,0.0636734693877551
2809,0.06680603801453301,0.06369614512471655
2810,0.06683439957849585,0.063718820861678
2811,0.06686168562734711,0.06374149659863945
2812,0.06688789766691665,0.0637641723356009
2813,0.06691303722910702,0.06378684807256235
2814,0.06693710587181187,0.06380952380952382
2815,0.0669601051788337,0.06383219954648527
2816,0.06698203675980124,0.06385487528344672
2817,0.06700290225008446,0.06387755102040817
2818,0.06702270331071117,0.06390022675736962
2819,0.06704144162828075,0.06392290249433107
2820,0.0670591189148777,0.06394557823129252
2821,0.06707573690798477,0.06396825396825397
2822,0.06709129737039458,0.06399092970521542
2823,0.06710580209012097,0.06401360544217687
2824,0.06711925288030932,0.06403628117913832
2825,0.067131651579146,0.06405895691609978
2826,0.06714300004976725,0.06408163265306123
2827,0.06715330018016696,0.06410430839002268
2828,0.06716255388310381,0.06412698412698413
2829,0.06717076309600761,0.06414965986394558
2830,0.06717792978088505,0.06417233560090703
2831,0.06718405592422397,0.06419501133786848
2832,0.06718914353689787,0.06421768707482993
2833,0.06719319465406881,0.06424036281179138
2834,0.06719621133508982,0.06426303854875283
2835,0.06719819566340673,0.06428571428571428
2836,0.0671991497464588,0.06430839002267574
2837,0.06719907571557902,0.0643310657596372
2838,0.06719797572589353,0.06435374149659864
2839,0.06719585195621995,0.0643764172335601
2840,0.06719270660896548,0.06439909297052154
2841,0.06718854191002382,0.064421768707483
2842,0.06718336010867175,0.06444444444444444
2843,0.06717716347746458,0.0644671201814059
2844,0.067169954312131,0.06448979591836734
2845,0.06716173493146745,0.06451247165532879
2846,0.0671525076772313,0.06453514739229024
2847,0.06714227491403374,0.0645578231292517
2848,0.06713103902923162,0.06458049886621316
2849,0.06711880243281891,0.0646031746031746
2850,0.06710556755731709,0.06462585034013606
2851,0.06709133685766502,0.0646485260770975
2852,0.06707611281110826,0.06467120181405896
2853,0.06705989791708722,0.0646938775510204
2854,0.06704269469712537,0.06471655328798186
2855,0.06702450569471592,0.0647392290249433
2856,0.06700533347520832,0.06476190476190476
2857,0.0669851806256942,0.0647845804988662
2858,0.06696404975489205,0.06480725623582767
2859,0.06694194349303184,0.06482993197278912
2860,0.0669188644917387,0.06485260770975057
2861,0.06689481542391587,0.06487528344671202
2862,0.0668697989836271,0.06489795918367347
2863,0.06684381788597851,0.06492063492063492
2864,0.06681687486699955,0.06494331065759637
2865,0.06678897268352348,0.06496598639455782
2866,0.06676011411306715,0.06498866213151927
2867,0.06673030195371021,0.06501133786848072
2868,0.06669953902397371,0.06503401360544217
2869,0.0666678281626979,0.06505668934240363
2870,0.06663517222891963,0.06507936507936508
2871,0.06660157410174891,0.06510204081632653
2872,0.0665670366802451,0.06512471655328798
2873,0.06653156288329244,0.06514739229024943
2874,0.06649515564947472,0.06517006802721088
2875,0.06645781793694973,0.06519274376417233
2876,0.06641955272332281,0.06521541950113378
2877,0.06638036300552008,0.06523809523809523
2878,0.06634025179966094,0.06526077097505668
2879,0.0662992221409299,0.06528344671201813
2880,0.06625727708344795,0.0653061224489796
2881,0.06621441970014369,0.06532879818594105
2882,0.06617065308262315,0.0653514739229025
2883,0.06612598034103973,0.06537414965986395
2884,0.06608040460396317,0.0653968253968254
2885,0.06603392901824834,0.06541950113378685
2886,0.06598655674890319,0.0654421768707483
2887,0.06593829097895629,0.06546485260770975
2888,0.06588913490932372,0.0654875283446712
2889,0.06583909175867578,0.06551020408163265
2890,0.06578816476330257,0.0655328798185941
2891,0.06573635717697993,0.06555555555555556
2892,0.06568367227083362,0.06557823129251701
2893,0.06563011333320455,0.06560090702947846
2894,0.06557568366951208,0.06562358276643991
2895,0.06552038660211779,0.06564625850340136
2896,0.06546422547018824,0.06566893424036281
2897,0.06540720362955747,0.06569160997732426
2898,0.065349324452589,0.06571428571428571
2899,0.06529059132803725,0.06573696145124716
2900,0.06523100766090864,0.06575963718820861
2901,0.06517057687232217,0.06578231292517006
2902,0.06510930239936943,0.06580498866213152
2903,0.06504718769497439,0.06582766439909297
2904,0.0649842362277525,0.06585034013605442
2905,0.0649204514818695,0.06587301587301587
2906,0.06485583695689985,0.06589569160997732
2907,0.06479039616768448,0.06591836734693877
2908,0.06472413264418833,0.06594104308390022
2909,0.06465704993135749,0.06596371882086167
2910,0.06458915158897577,0.06598639455782312
2911,0.06452044119152092,0.06600907029478457
2912,0.0644509223280206,0.06603174603174604
2913,0.06438059860190767,0.06605442176870749
2914,0.06430947363087533,0.06607709750566894
2915,0.06423755104673173,0.06609977324263039
2916,0.06416483449525436,0.06612244897959184
2917,0.06409132763604379,0.06614512471655329
2918,0.0640170341423774,0.06616780045351474
2919,0.0639419577010624,0.06619047619047619
2920,0.06386610201228876,0.06621315192743764
2921,0.0637894707894816,0.06623582766439909
2922,0.0637120677591534,0.06625850340136054
2923,0.06363389666075567,0.066281179138322
2924,0.06355496124653046,0.06630385487528345
2925,0.06347526528136144,0.0663265306122449
2926,0.06339481254262472,0.06634920634920635
2927,0.06331360682003939,0.0663718820861678
2928,0.06323165191551752,0.06639455782312925
2929,0.0631489516430141,0.0664172335600907
2930,0.0630655098283766,0.06643990929705215
2931,0.06298133030919424,0.0664625850340136
2932,0.06289641693464688,0.06648526077097505
2933,0.06281077356535376,0.0665079365079365
2934,0.06272440407322191,0.06653061224489797
2935,0.06263731234129424,0.06655328798185942
2936,0.06254950226359746,0.06657596371882087
2937,0.062460977744989626,0.06659863945578232
2938,0.06237174270100741,0.06662131519274377
2939,0.06228180105771353,0.06664399092970522
2940,0.06219115675154312,0.06666666666666667
2941,0.06209981372915078,0.06668934240362812
2942,0.06200777594725669,0.06671201814058957
2943,0.06191504737249285,0.06673469387755102
2944,0.06182163198124897,0.06675736961451247
2945,0.06172753375951862,0.06678004535147393
2946,0.06163275670274393,0.06680272108843538
2947,0.06153730481566155,0.06682539682539683
2948,0.06144118211214754,0.06684807256235828
2949,0.06134439261506224,0.06687074829931973
2950,0.06124694035609525,0.06689342403628118
2951,0.061148829375609726,0.06691609977324263
2952,0.0610500637224869,0.06693877551020408
2953,0.06095064745397023,0.06696145124716553
2954,0.06085058463550961,0.06698412698412698
2955,0.06074987934060506,0.06700680272108843
2956,0.06064853565065062,0.0670294784580499
2957,0.06054655765477793,0.06705215419501134
2958,0.060443949449699705,0.0670748299319728
2959,0.060340715139553025,0.06709750566893424
2960,0.060236858835742625,0.06712018140589569
2961,0.0601323846567839,0.06714285714285714
2962,0.060027296728145975,0.06716553287981859
2963,0.05992159918209459,0.06718820861678004
2964,0.05981529615753467,0.06721088435374149
2965,0.05970839179985322,0.06723356009070294
2966,0.05960089026076184,0.06725623582766439
2967,0.05949279569813924,0.06727891156462586
2968,0.059384112275873514,0.0673015873015873
2969,0.059274844163704675,0.06732426303854876
2970,0.059164995537066806,0.0673469387755102
2971,0.05905457057693039,0.06736961451247166
2972,0.05894357346964439,0.0673922902494331
2973,0.058832008406778324,0.06741496598639456
2974,0.05871987958496449,0.067437641723356
2975,0.058607191205739824,0.06746031746031746
2976,0.05849394747538801,0.0674829931972789
2977,0.058380152604781486,0.06750566893424036
2978,0.0582658108092233,0.06752834467120182
2979,0.05815092630828912,0.06755102040816327
2980,0.05803550332566913,0.06757369614512472
2981,0.05791954608901001,0.06759637188208617
2982,0.057803058829756886,0.06761904761904762
2983,0.057686045782995236,0.06764172335600907
2984,0.05756851118729289,0.06766439909297052
2985,0.05745045928454202,0.06768707482993197
2986,0.05733189431980118,0.06770975056689342
2987,0.057212820541137244,0.06773242630385487
2988,0.057093242199467716,0.06775510204081632
2989,0.056973163548402594,0.06777777777777778
2990,0.056852588844086865,0.06780045351473923
2991,0.05673152234504247,0.06782312925170068
2992,0.0566099683120109,0.06784580498866213
2993,0.056487931007795276,0.06786848072562358
2994,0.056365414697103065,0.06789115646258503
2995,0.056242423646388505,0.06791383219954648
2996,0.056118962123695215,0.06793650793650793
2997,0.055995034398498955,0.06795918367346938
2998,0.055870644741550526,0.06798185941043083
2999,0.05574579742471851,0.06800453514739228
3000,0.05562049672083248,0.06802721088435375
3001,0.05549474690352606,0.0680498866213152
3002,0.05536855224708029,0.06807256235827665
3003,0.05524191702626688,0.0680952380952381
3004,0.055114845516191904,0.06811791383219955
3005,0.05498734199213946,0.068140589569161
3006,0.054859410729415414,0.06816326530612245
3007,0.05473105600319139,0.0681859410430839
3008,0.05460228208834898,0.06820861678004535
3009,0.054473093259324125,0.0682312925170068
3010,0.0543434937899513,0.06825396825396825
3011,0.054213487953308444,0.06827664399092971
3012,0.05408308002156161,0.06829931972789116
3013,0.05395227426581004,0.06832199546485261
3014,0.053821074955931476,0.06834467120181406
3015,0.05368948636042738,0.06836734693877551
3016,0.053557512746268625,0.06839002267573696
3017,0.053425158378741365,0.06841269841269841
3018,0.05329242752129304,0.06843537414965986
3019,0.05315932443537856,0.06845804988662131
3020,0.053025853380306874,0.06848072562358276
3021,0.05289201861308767,0.06850340136054421
3022,0.052757824388278335,0.06852607709750567
3023,0.0526232749578311,0.06854875283446712
3024,0.05248837457094058,0.06857142857142857
3025,0.05235312747389139,0.06859410430839002
3026,0.05221753790990619,0.06861678004535147
3027,0.05208161011899384,0.06863945578231292
3028,0.051945348337798014,0.06866213151927437
3029,0.05180875679944584,0.06868480725623582
3030,0.05167183973339709,0.06870748299319727
3031,0.05153460136529351,0.06873015873015872
3032,0.05139704591680847,0.06875283446712017
3033,0.051259177605496795,0.06877551020408164
3034,0.0511210006446453,0.06879818594104309
3035,0.05098251924312311,0.06882086167800454
3036,0.050843737605232586,0.06884353741496599
3037,0.050704659930560704,0.06886621315192744
3038,0.05056529041383041,0.06888888888888889
3039,0.05042563324475257,0.06891156462585034
3040,0.05028569260787815,0.06893424036281179
3041,0.0501454726824509,0.06895691609977324
3042,0.05000497764226003,0.06897959183673469
3043,0.049864211655493706,0.06900226757369614
3044,0.04972317888459252,0.0690249433106576
3045,0.04958188348610353,0.06904761904761905
3046,0.049440329610534704,0.0690702947845805
3047,0.04929852140220947,0.06909297052154195
3048,0.04915646299912203,0.0691156462585034
3049,0.049014158532792784,0.06913832199546485
3050,0.04887161212812427,0.0691609977324263
3051,0.04872882790325741,0.06918367346938775
3052,0.04858580996942824,0.0692063492063492
3053,0.048442562430825016,0.06922902494331065
3054,0.048299089384445826,0.0692517006802721
3055,0.04815539491995651,0.06927437641723357
3056,0.04801148311954889,0.06929705215419502
3057,0.04786735805779978,0.06931972789115647
3058,0.0477230238015301,0.06934240362811792
3059,0.04757848440966461,0.06936507936507937
3060,0.047433743933092014,0.06938775510204082
3061,0.04728880641452558,0.06941043083900227
3062,0.0471436758883641,0.06943310657596372
3063,0.04699835638055344,0.06945578231292517
3064,0.046852851908448526,0.06947845804988662
3065,0.046707166480675674,0.06950113378684808
3066,0.046561304096995625,0.06952380952380953
3067,0.046415268748166864,0.06954648526077098
3068,0.0462690644158095,0.06956916099773243
3069,0.0461226950722696,0.06959183673469388
3070,0.045976164680484176,0.06961451247165533
3071,0.04582947719384645,0.06963718820861678
3072,0.0315250247442359,0.06965986394557823
3073,0.03202341499144045,0.06968253968253968
3074,0.032520627052297024,0.06970521541950113
3075,0.03301664287900627,0.06972789115646258
3076,0.03351144447337063,0.06975056689342404
3077,0.03400501388746553,0.06977324263038549
3078,0.03449733322430874,0.06979591836734694
3079,0.03498838463852784,0.06981859410430839
3080,0.03547815033702536,0.06984126984126984
3081,0.03596661257964231,0.06986394557823129
3082,0.03645375367981946,0.06988662131519274
3083,0.03693955600525662,0.06990929705215419
3084,0.03742400197856978,0.06993197278911564
3085,0.03790707407794622,0.06995464852607709
3086,0.03838875483779752,0.06997732426303854
3087,0.038869026849410016,0.07
3088,0.039347872761593836,0.07002267573696146
3089,0.039825275281329,0.0700453514739229
3090,0.04030121717440965,0.07006802721088436
3091,0.04077568126608587,0.0700907029478458
3092,0.041248650441703436,0.07011337868480726
3093,0.04172010764734107,0.0701360544217687
3094,0.04219003589044541,0.07015873015873016
3095,0.04265841824046358,0.0701814058956916
3096,0.04312523782947354,0.07020408163265306
3097,0.043590477852811955,0.0702267573696145
3098,0.04405412156969947,0.07024943310657597
3099,0.04451615230386387,0.07027210884353742
3100,0.04497655344416049,0.07029478458049887
3101,0.04543530844519034,0.07031746031746032
3102,0.04589240082791544,0.07034013605442177
3103,0.04634781418027189,0.07036281179138322
3104,0.046801532157780386,0.07038548752834467
3105,0.047253538484153756,0.07040816326530612
3106,0.047703816951902435,0.07043083900226757
3107,0.048152351422936834,0.07045351473922902
3108,0.04859912582916745,0.07047619047619047
3109,0.04904412417310195,0.07049886621315193
3110,0.0494873305284398,0.07052154195011338
3111,0.049928729040664165,0.07054421768707483
3112,0.05036830392763076,0.07056689342403628
3113,0.050806039480154414,0.07058956916099773
3114,0.05124192006259253,0.07061224489795918
3115,0.0516759301134256,0.07063492063492063
3116,0.052108054145835456,0.07065759637188208
3117,0.05253827674828006,0.07068027210884353
3118,0.052966582585065744,0.07070294784580498
3119,0.05339295639691638,0.07072562358276643
3120,0.05381738300153993,0.0707482993197279
3121,0.05423984729419169,0.07077097505668935
3122,0.05466033424823476,0.0707936507936508
3123,0.05507882891569754,0.07081632653061225
3124,0.05549531642782833,0.0708390022675737
3125,0.05590978199564651,0.07086167800453515
3126,0.056322210910491194,0.0708843537414966
3127,0.05673258854456639,0.07090702947845805
3128,0.057140900351483434,0.0709297052154195
3129,0.057547131866799925,0.07095238095238095
3130,0.057951268708556034,0.0709750566893424
3131,0.058353296577807016,0.07099773242630386
3132,0.05875320125915339,0.07102040816326531
3133,0.059150968621267,0.07104308390022676
3134,0.059546584617414786,0.07106575963718821
3135,0.05994003528597849,0.07108843537414966
3136,0.06033130675097184,0.07111111111111111
3137,0.06072038522255402,0.07113378684807256
3138,0.06110725699753994,0.07115646258503401
3139,0.0614919084599073,0.07117913832199546
3140,0.061874326081300335,0.07120181405895691
3141,0.06225449642153012,0.07122448979591836
3142,0.06263240612907166,0.07124716553287982
3143,0.06300804194155732,0.07126984126984127
3144,0.06338139068626722,0.07129251700680272
3145,0.06375243928061608,0.07131519274376417
3146,0.06412117473263645,0.07133786848072562
3147,0.0644875841414588,0.07136054421768707
3148,0.06485165469778786,0.07138321995464852
3149,0.06521337368437581,0.07140589569160997
3150,0.06557272847649143,0.07142857142857142
3151,0.06592970654238636,0.07145124716553287
3152,0.06628429544375744,0.07147392290249432
3153,0.06663648283620546,0.07149659863945579
3154,0.06698625646969059,0.07151927437641724
3155,0.06733360418898404,0.07154195011337869
3156,0.06767851393411611,0.07156462585034014
3157,0.06802097374082082,0.07158730158730159
3158,0.06836097174097651,0.07160997732426304
3159,0.06869849616304316,0.07163265306122449
3160,0.06903353533249598,0.07165532879818594
3161,0.06936607767225497,0.07167800453514739
3162,0.06969611170311127,0.07170068027210884
3163,0.07002362604414945,0.07172335600907029
3164,0.0703486094131662,0.07174603174603175
3165,0.0706710506270851,0.0717687074829932
3166,0.07099093860236794,0.07179138321995465
3167,0.071308262355422,0.0718140589569161
3168,0.07162301100300347,0.07183673469387755
3169,0.07193517376261743,0.071859410430839
3170,0.07224473995291351,0.07188208616780045
3171,0.07255169899407812,0.0719047619047619
3172,0.07285604040822259,0.07192743764172335
3173,0.07315775381976745,0.0719501133786848
3174,0.07345682895582303,0.07197278911564625
3175,0.07375325564656589,0.07199546485260772
3176,0.07404702382561135,0.07201814058956917
3177,0.07433812353038237,0.07204081632653062
3178,0.0746265449024743,0.07206349206349207
3179,0.07491227818801548,0.07208616780045352
3180,0.07519531373802431,0.07210884353741497
3181,0.07547564200876188,0.07213151927437642
3182,0.07575325356208103,0.07215419501133787
3183,0.07602813906577097,0.07217687074829932
3184,0.07630028929389825,0.07219954648526077
3185,0.07656969512714343,0.07222222222222222
3186,0.07683634755313391,0.07224489795918368
3187,0.07710023766677254,0.07226757369614513
3188,0.07736135667056222,0.07229024943310658
3189,0.07761969587492643,0.07231292517006803
3190,0.07787524669852568,0.07233560090702948
3191,0.07812800066856967,0.07235827664399093
3192,0.07837794942112562,0.07238095238095238
3193,0.07862508470142224,0.07240362811791383
3194,0.07886939836414979,0.07242630385487528
3195,0.07911088237375559,0.07244897959183673
3196,0.07934952880473585,0.07247165532879818
3197,0.0795853298419229,0.07249433106575964
3198,0.0798182777807685,0.07251700680272109
3199,0.0800483650276229,0.07253968253968254
3200,0.08027558410000943,0.07256235827664399
3201,0.08049992762689585,0.07258503401360544
3202,0.08072138834895956,0.07260770975056689
3203,0.08093995911885059,0.07263038548752834
3204,0.08115563290144928,0.07265306122448979
3205,0.08136840277411973,0.07267573696145124
3206,0.08157826192695951,0.07269841269841269
3207,0.08178520366304434,0.07272108843537416
3208,0.08198922139866929,0.0727437641723356
3209,0.08219030866358495,0.07276643990929706
3210,0.08238845910122979,0.0727891156462585
3211,0.0825836664689581,0.07281179138321996
3212,0.0827759246382635,0.0728344671201814
3213,0.08296522759499814,0.07285714285714286
3214,0.0831515694395877,0.0728798185941043
3215,0.08333494438724179,0.07290249433106576
3216,0.08351534676816047,0.0729251700680272
3217,0.08369277102773562,0.07294784580498866
3218,0.08386721172674896,0.07297052154195012
3219,0.08403866354156475,0.07299319727891157
3220,0.08420712126431867,0.07301587301587302
3221,0.0843725798031022,0.07303854875283447
3222,0.08453503418214248,0.07306122448979592
3223,0.08469447954197781,0.07308390022675737
3224,0.08485091113962889,0.07310657596371882
3225,0.08500432434876544,0.07312925170068027
3226,0.08515471465986854,0.07315192743764172
3227,0.08530207768038842,0.07317460317460317
3228,0.08544640913489801,0.07319727891156462
3229,0.0855877048652418,0.07321995464852608
3230,0.08572596083068047,0.07324263038548753
3231,0.08586117310803092,0.07326530612244898
3232,0.085993337891802,0.07328798185941043
3233,0.08612245149432558,0.07331065759637188
3234,0.08624851034588335,0.07333333333333333
3235,0.08637151099482895,0.07335600907029478
3236,0.08649145010770593,0.07337868480725623
3237,0.08660832446936079,0.07340136054421768
3238,0.08672213098305208,0.07342403628117913
3239,0.0868328666705544,0.07344671201814058
3240,0.08694052867225852,0.07346938775510205
3241,0.08704511424726652,0.0734920634920635
3242,0.08714662077348276,0.07351473922902495
3243,0.08724504574770009,0.0735374149659864
3244,0.08734038678568184,0.07356009070294785
3245,0.08743264162223899,0.0735827664399093
3246,0.08752180811130311,0.07360544217687075
3247,0.08760788422599455,0.0736281179138322
3248,0.08769086805868644,0.07365079365079365
3249,0.08777075782106361,0.0736734693877551
3250,0.08784755184417772,0.07369614512471655
3251,0.08792124857849723,0.07371882086167801
3252,0.08799184659395333,0.07374149659863946
3253,0.08805934457998088,0.07376417233560091
3254,0.0881237413455552,0.07378684807256236
3255,0.08818503581922427,0.07380952380952381
3256,0.08824322704913626,0.07383219954648526
3257,0.0882983142030625,0.07385487528344671
3258,0.08835029656841621,0.07387755102040816
3259,0.08839917355226644,0.07390022675736961
3260,0.08844494468134755,0.07392290249433106
3261,0.08848760960206409,0.07394557823129251
3262,0.08852716808049133,0.07396825396825397
3263,0.0885636200023712,0.07399092970521542
3264,0.08859696537310331,0.07401360544217687
3265,0.08862720431773241,0.07403628117913832
3266,0.08865433708092996,0.07405895691609977
3267,0.08867836402697238,0.07408163265306122
3268,0.08869928563971419,0.07410430839002267
3269,0.08871710252255663,0.07412698412698412
3270,0.08873181539841193,0.07414965986394557
3271,0.08874342510966296,0.07417233560090702
3272,0.08875193261811838,0.07419501133786847
3273,0.08875733900496319,0.07421768707482994
3274,0.08875964547070497,0.07424036281179139
3275,0.08875885333511535,0.07426303854875284
3276,0.0887549640371671,0.07428571428571429
3277,0.08874797913496672,0.07430839002267574
3278,0.08873790030568252,0.07433106575963719
3279,0.08872472934546802,0.07435374149659864
3280,0.08870846816938131,0.07437641723356009
3281,0.0886891188112991,0.07439909297052154
3282,0.08866668342382723,0.07442176870748299
3283,0.08864116427820595,0.07444444444444444
3284,0.08861256376421114,0.0744671201814059
3285,0.08858088439005068,0.07448979591836735
3286,0.08854612878225686,0.0745124716553288
3287,0.08850829968557362,0.07453514739229025
3288,0.08846739996284009,0.0745578231292517
3289,0.08842343259486886,0.07458049886621315
3290,0.08837640068032049,0.0746031746031746
3291,0.08832630743557314,0.07462585034013605
3292,0.08827315619458798,0.0746485260770975
3293,0.08821695040876981,0.07467120181405895
3294,0.08815769364682365,0.0746938775510204
3295,0.08809538959460678,0.07471655328798187
3296,0.088030042054976,0.07473922902494332
3297,0.08796165494763103,0.07476190476190477
3298,0.08789023230895295,0.07478458049886622
3299,0.08781577829183869,0.07480725623582767
3300,0.08773829716553078,0.07482993197278912
3301,0.08765779331544277,0.07485260770975057
3302,0.08757427124298052,0.07487528344671202
3303,0.08748773556535858,0.07489795918367347
3304,0.08739819101541271,0.07492063492063492
3305,0.0873056424414077,0.07494331065759637
3306,0.08721009480684114,0.07496598639455783
3307,0.08711155319024218,0.07498866213151928
3308,0.08701002278496704,0.07501133786848073
3309,0.08690550889898879,0.07503401360544218
3310,0.08679801695468412,0.07505668934240363
3311,0.08668755248861484,0.07507936507936508
3312,0.08657412115130561,0.07510204081632653
3313,0.08645772870701707,0.07512471655328798
3314,0.08633838103351471,0.07514739229024943
3315,0.0862160841218336,0.07517006802721088
3316,0.08609084407603866,0.07519274376417233
3317,0.08596266711298087,0.07521541950113379
3318,0.08583155956204881,0.07523809523809524
3319,0.08569752786491648,0.07526077097505669
3320,0.08556057857528648,0.07528344671201814
3321,0.08542071835862905,0.07530612244897959
3322,0.08527795399191693,0.07532879818594104
3323,0.0851322923633561,0.07535147392290249
3324,0.08498374047211207,0.07537414965986394
3325,0.08483230542803208,0.07539682539682539
3326,0.08467799445136324,0.07541950113378684
3327,0.08452081487246643,0.07544217687074829
3328,0.08436077413152605,0.07546485260770976
3329,0.08419787977825481,0.0754875283446712
3330,0.08403213947159649,0.07551020408163266
3331,0.08386356097942223,0.0755328798185941
3332,0.08369215217822411,0.07555555555555556
3333,0.08351792105280385,0.075578231292517
3334,0.08334087569595822,0.07560090702947846
3335,0.08316102430815955,0.0756235827664399
3336,0.08297837519723283,0.07564625850340136
3337,0.08279293677802815,0.0756689342403628
3338,0.08260471757208969,0.07569160997732426
3339,0.08241372620732029,0.07571428571428572
3340,0.08221997141764203,0.07573696145124717
3341,0.08202346204265307,0.07575963718820862
3342,0.08182420702728,0.07578231292517007
3343,0.08162221542142684,0.07580498866213152
3344,0.08141749637961956,0.07582766439909297
3345,0.08121005916064683,0.07585034013605442
3346,0.08099991312719687,0.07587301587301587
3347,0.08078706774549042,0.07589569160997732
3348,0.08057153258490954,0.07591836734693877
3349,0.08035331731762277,0.07594104308390022
3350,0.08013243171820641,0.07596371882086168
3351,0.07990888566326165,0.07598639455782313
3352,0.0796826891310282,0.07600907029478458
3353,0.07945385220099382,0.07603174603174603
3354,0.07922238505350009,0.07605442176870748
3355,0.07898829796934455,0.07607709750566893
3356,0.07875160132937879,0.07609977324263038
3357,0.07851230561410287,0.07612244897959183
3358,0.07827042140325582,0.07614512471655328
3359,0.07802595937540287,0.07616780045351473
3360,0.07777893030751835,0.0761904761904762
3361,0.07752934507456524,0.07621315192743765
3362,0.07727721464907085,0.0762358276643991
3363,0.0770225501006989,0.07625850340136055
3364,0.07676536259581807,0.076281179138322
3365,0.07650566339706638,0.07630385487528345
3366,0.07624346386291267,0.0763265306122449
3367,0.07597877544721379,0.07634920634920635
3368,0.07571160969876875,0.0763718820861678
3369,0.07544197826086868,0.07639455782312925
3370,0.0751698928708438,0.0764172335600907
3371,0.0748953653596066,0.07643990929705216
3372,0.07461840765119135,0.07646258503401361
3373,0.07433903176229016,0.07648526077097506
3374,0.07405724980178581,0.07650793650793651
3375,0.07377307397028073,0.07653061224489796
3376,0.0734865165596228,0.07655328798185941
3377,0.07319758995242741,0.07657596371882086
3378,0.0729063066215963,0.07659863945578231
3379,0.07261267912983316,0.07662131519274376
3380,0.07231672012915533,0.07664399092970521
3381,0.07201844236040258,0.07666666666666666
3382,0.07171785865274241,0.07668934240362812
3383,0.07141498192317189,0.07671201814058957
3384,0.07110982517601644,0.07673469387755102
3385,0.07080240150242484,0.07675736961451247
3386,0.07049272407986168,0.07678004535147392
3387,0.07018080617159576,0.07680272108843537
3388,0.06986666112618607,0.07682539682539682
3389,0.06955030237696364,0.07684807256235827
3390,0.06923174344151095,0.07687074829931972
3391,0.06891099792113795,0.07689342403628117
3392,0.06858807950035455,0.07691609977324262
3393,0.06826300194634057,0.07693877551020409
3394,0.06793577910841203,0.07696145124716554
3395,0.06760642491748471,0.07698412698412699
3396,0.06727495338553449,0.07700680272108844
3397,0.06694137860505454,0.07702947845804989
3398,0.06660571474850967,0.07705215419501134
3399,0.06626797606778748,0.07707482993197279
3400,0.0659281768936467,0.07709750566893424
3401,0.06558633163516225,0.07712018140589569
3402,0.06524245477916771,0.07714285714285714
3403,0.06489656088969467,0.07716553287981859
3404,0.0645486646074091,0.07718820861678005
3405,0.06419878064904491,0.0772108843537415
3406,0.06384692380683471,0.07723356009070295
3407,0.06349310894793767,0.0772562358276644
3408,0.0631373510138644,0.07727891156462585
3409,0.06277966501989925,0.0773015873015873
3410,0.062420066054519656,0.07732426303854875
3411,0.062058569278813036,0.0773469387755102
3412,0.06169518992589034,0.07736961451247165
3413,0.061329943300297604,0.0773922902494331
3414,0.06096284477742425,0.07741496598639455
3415,0.06059390980290896,0.07743764172335602
3416,0.06022315389204301,0.07746031746031747
3417,0.05985059262917056,0.07748299319727892
3418,0.05947624166708684,0.07750566893424037
3419,0.059100116726433484,0.07752834467120182
3420,0.05872223359509131,0.07755102040816327
3421,0.058342608127570555,0.07757369614512472
3422,0.05796125624439871,0.07759637188208617
3423,0.05757819393150586,0.07761904761904762
3424,0.0571934372396073,0.07764172335600907
3425,0.056807002283584165,0.07766439909297052
3426,0.05641890524186112,0.07768707482993198
3427,0.0560291623557821,0.07770975056689343
3428,0.05563778992898347,0.07773242630385488
3429,0.05524480432676468,0.07775510204081633
3430,0.054850221975457115,0.07777777777777778
3431,0.054454059361789944,0.07780045351473923
3432,0.05405633303225432,0.07782312925170068
3433,0.05365705959246486,0.07784580498866213
3434,0.05325625570651932,0.07786848072562358
3435,0.05285393809635558,0.07789115646258503
3436,0.05245012354110697,0.07791383219954648
3437,0.05204482887645494,0.07793650793650794
3438,0.0516380709939801,0.07795918367346939
3439,0.05122986684051067,0.07798185941043084
3440,0.05082023341746918,0.07800453514739229
3441,0.05040918778021701,0.07802721088435374
3442,0.04999674703739688,0.07804988662131519
3443,0.0495829283502733,0.07807256235827664
3444,0.04916774893207128,0.07809523809523809
3445,0.04875122604731252,0.07811791383219954
3446,0.04833337701115045,0.07814058956916099
3447,0.04791421918870267,0.07816326530612244
3448,0.04749376999438194,0.0781859410430839
3449,0.04707204689122504,0.07820861678004536
3450,0.046649067390220046,0.0782312925170068
3451,0.04622484904963159,0.07825396825396826
3452,0.045799409474324475,0.0782766439909297
3453,0.04537276631508547,0.07829931972789116
3454,0.04494493726794336,0.0783219954648526
3455,0.044515940073487435,0.07834467120181406
3456,0.044085792516184025,0.0783673469387755
3457,0.04365451242369181,0.07839002267573696
3458,0.043222117666174995,0.0784126984126984
3459,0.04278862615561516,0.07843537414965987
3460,0.0423540558451218,0.07845804988662132
3461,0.041918424728240686,0.07848072562358277
3462,0.041481750838261236,0.07850340136054422
3463,0.04104405224752218,0.07852607709750567
3464,0.04060534706671587,0.07854875283446712
3465,0.040165653444190826,0.07857142857142857
3466,0.039724989565253374,0.07859410430839002
3467,0.039283373651467474,0.07861678004535147
3468,0.03884082395995344,0.07863945578231292
3469,0.038397358782685076,0.07866213151927437
3470,0.03795299644578576,0.07868480725623583
3471,0.037507755308823144,0.07870748299319728
3472,0.03706165376410255,0.07873015873015873
3473,0.03661471023595919,0.07875283446712018
3474,0.03616694318004904,0.07877551020408163
3475,0.035718371082638936,0.07879818594104308
3476,0.035269012459895055,0.07882086167800453
3477,0.034818885857170474,0.07884353741496598
3478,0.034368009848291754,0.07886621315192743
3479,0.03391640303484415,0.07888888888888888
3480,0.0334640840454562,0.07891156462585033
3481,0.0330110715350828,0.0789342403628118
3482,0.0325573841842878,0.07895691609977325
3483,0.03210304069852521,0.0789795918367347
3484,0.031648059807419776,0.07900226757369615
3485,0.031192460264046526,0.0790249433106576
3486,0.030736260844209343,0.07904761904761905
3487,0.03027948034571891,0.0790702947845805
3488,0.029822137587669745,0.07909297052154195
3489,0.029364251409716213,0.0791156462585034
3490,0.028905840671348146,0.07913832199546485
3491,0.028446924251165517,0.0791609977324263
3492,0.027987521046152417,0.07918367346938776
3493,0.027527649970950266,0.07920634920634921
3494,0.027067329957130543,0.07922902494331066
3495,0.02660657995246682,0.07925170068027211
3496,0.026145418920206095,0.07927437641723356
3497,0.02568386583833969,0.07929705215419501
3498,0.025221939698873458,0.07931972789115646
3499,0.024759659507097645,0.07934240362811791
3500,0.024297044280856044,0.07936507936507936
3501,0.023834113049814927,0.07938775510204081
3502,0.023370884854731253,0.07941043083900227
3503,0.022907378746720802,0.07943310657596372
3504,0.022443613786525617,0.07945578231292517
3505,0.02197960904378131,0.07947845804988662
3506,0.02151538359628387,0.07950113378684807
3507,0.021050956529256336,0.07952380952380952
3508,0.02058634693461507,0.07954648526077097
3509,0.02012157391023585,0.07956916099773242
3510,0.019656656559219735,0.07959183673469387
3511,0.019191613989158744,0.07961451247165532
3512,0.018726465311401416,0.07963718820861677
3513,0.01826122964031808,0.07965986394557824
3514,0.01779592609256621,0.07968253968253969
3515,0.017330573786355608,0.07970521541950114
3516,0.01686519184071364,0.07972789115646259
3517,0.016399799374750196,0.07975056689342404
3518,0.01593441550692292,0.07977324263038549
3519,0.01546905935430247,0.07979591836734694
3520,0.015003750031837626,0.07981859410430839
3521,0.014538506651620611,0.07984126984126984
3522,0.014073348322152623,0.07986394557823129
3523,0.013608294147609362,0.07988662131519274
3524,0.013143363227106845,0.0799092970521542
3525,0.012678574653967253,0.07993197278911565
3526,0.01221394751498528,0.0799546485260771
3527,0.011749500889694411,0.07997732426303855
3528,0.011285253849633844,0.08
3529,0.010821225457615394,0.08002267573696145
3530,0.01035743476699088,0.0800453514739229
3531,0.009893900820919982,0.08006802721088435
3532,0.009430642651638302,0.0800907029478458
3533,0.008967679279725915,0.08011337868480725
3534,0.008505029713376508,0.0801360544217687
3535,0.008042712947666737,0.08015873015873017
3536,0.007580747963826365,0.08018140589569162
3537,0.007119153728508715,0.08020408163265307
3538,0.0066579491930617435,0.08022675736961452
3539,0.006197153292799913,0.08024943310657597
3540,0.0057367849462762535,0.08027210884353742
3541,0.005276863054555506,0.08029478458049887
3542,0.004817406500487599,0.08031746031746032
3543,0.004358434147982107,0.08034013605442177
3544,0.0038999648412832016,0.08036281179138322
3545,0.0034420174042455176,0.08038548752834467
3546,0.002984610639610648,0.08040816326530613
3547,0.002527763328284645,0.08043083900226758
3548,0.0020714942286161817,0.08045351473922903
3549,0.0016158220756756492,0.08047619047619048
3550,0.001160765580535135,0.08049886621315193
3551,7.063434295493803E-4,0.08052154195011338
3552,2.5257428363752166E-4,0.08054421768707483
3553,-2.0052322243398896E-4,0.08056689342403628
3554,-6.529304807676231E-4,0.08058956916099773
3555,-0.0011046289110499402,0.08061224489795918
3556,-0.001555599961265676,0.08063492063492063
3557,-0.0020058251084107137,0.08065759637188209
3558,-0.0024552858592040983,0.08068027210884354
3559,-0.002903963750798766,0.08070294784580499
3560,-0.0033518403514911158,0.08072562358276644
3561,-0.00379889726142954,0.08074829931972789
3562,-0.0042451161133215745,0.08077097505668934
3563,-0.004690478573139881,0.08079365079365079
3564,-0.005134966340826927,0.08081632653061224
3565,-0.005578561150998487,0.08083900226757369
3566,-0.006021244773645698,0.08086167800453514
3567,-0.0064629990148356645,0.08088435374149659
3568,-0.006903805717411005,0.08090702947845806
3569,-0.007343646761687764,0.0809297052154195
3570,-0.007782504066151885,0.08095238095238096
3571,-0.008220359588154355,0.0809750566893424
3572,-0.008657195324604738,0.08099773242630386
3573,-0.009092993312663437,0.0810204081632653
3574,-0.009527735630432035,0.08104308390022676
3575,-0.009961404397642468,0.0810657596371882
3576,-0.010393981776344298,0.08108843537414966
3577,-0.010825449971590663,0.0811111111111111
3578,-0.011255791232122378,0.08113378684807256
3579,-0.011684987851050418,0.08115646258503402
3580,-0.012113022166536772,0.08117913832199547
3581,-0.012539876562473545,0.08120181405895692
3582,-0.01296553346916033,0.08122448979591837
3583,-0.013389975363979761,0.08124716553287982
3584,-0.05826253397612986,0.08126984126984127
3585,-0.057975655743698666,0.08129251700680272
3586,-0.05768555779591275,0.08131519274376417
3587,-0.05739225204877758,0.08133786848072562
3588,-0.05709575054601682,0.08136054421768707
3589,-0.05679606545860959,0.08138321995464852
3590,-0.05649320908432253,0.08140589569160998
3591,-0.0561871938472375,0.08142857142857143
3592,-0.05587803229727388,0.08145124716553288
3593,-0.05556573710970674,0.08147392290249433
3594,-0.05525032108467962,0.08149659863945578
3595,-0.05493179714671294,0.08151927437641723
3596,-0.054610178344207505,0.08154195011337868
3597,-0.05428547784894312,0.08156462585034013
3598,-0.053957708955573,0.08158730158730158
3599,-0.05362688508111291,0.08160997732426303
3600,-0.053293019764425936,0.08163265306122448
3601,-0.052956126665702624,0.08165532879818595
3602,-0.0526162195659364,0.0816780045351474
3603,-0.0522733123663943,0.08170068027210885
3604,-0.051927419088083376,0.0817233560090703
3605,-0.051578553871212164,0.08174603174603175
3606,-0.05122673097464804,0.0817687074829932
3607,-0.05087196477536947,0.08179138321995465
3608,-0.0505142697679144,0.0818140589569161
3609,-0.0501536605638236,0.08183673469387755
3610,-0.04979015189107999,0.081859410430839
3611,-0.04942375859354306,0.08188208616780045
3612,-0.04905449563037932,0.08190476190476191
3613,-0.04868237807548801,0.08192743764172336
3614,-0.0483074211169226,0.08195011337868481
3615,-0.047929640056307864,0.08197278911564626
3616,-0.04754905030825263,0.08199546485260771
3617,-0.04716566739975825,0.08201814058956916
3618,-0.04677950696962273,0.08204081632653061
3619,-0.04639058476784047,0.08206349206349206
3620,-0.045998916654998126,0.08208616780045351
3621,-0.04560451860166578,0.08210884353741496
3622,-0.04520740668778431,0.08213151927437641
3623,-0.04480759710204827,0.08215419501133787
3624,-0.0444051061412848,0.08217687074829932
3625,-0.04399995020982831,0.08219954648526077
3626,-0.043592145818891245,0.08222222222222222
3627,-0.043181709585930324,0.08224489795918367
3628,-0.04276865823400933,0.08226757369614512
3629,-0.04235300859115729,0.08229024943310657
3630,-0.04193477758972303,0.08231292517006802
3631,-0.04151398226572552,0.08233560090702947
3632,-0.04109063975820044,0.08235827664399092
3633,-0.04066476730854256,0.08238095238095237
3634,-0.04023638225984448,0.08240362811791384
3635,-0.03980550205623129,0.08242630385487529
3636,-0.03937214424219143,0.08244897959183674
3637,-0.038936326461903654,0.08247165532879819
3638,-0.038498066458560395,0.08249433106575964
3639,-0.038057382073686995,0.08251700680272109
3640,-0.037614291246457446,0.08253968253968254
3641,-0.03716881201300626,0.08256235827664399
3642,-0.036720962505736775,0.08258503401360544
3643,-0.03627076095262555,0.08260770975056689
3644,-0.03581822567652333,0.08263038548752834
3645,-0.03536337509445217,0.0826530612244898
3646,-0.034906227716899205,0.08267573696145125
3647,-0.03444680214710654,0.0826984126984127
3648,-0.033985117080357875,0.08272108843537415
3649,-0.03352119130326141,0.0827437641723356
3650,-0.03305504369302937,0.08276643990929705
3651,-0.03258669321675394,0.0827891156462585
3652,-0.032116158930679886,0.08281179138321995
3653,-0.03164345997947363,0.0828344671201814
3654,-0.031168615595489203,0.08285714285714285
3655,-0.03069164509803041,0.08287981859410432
3656,-0.03021256789260998,0.08290249433106577
3657,-0.029731403470205392,0.08292517006802722
3658,-0.029248171406511342,0.08294784580498867
3659,-0.02876289136118893,0.08297052154195012
3660,-0.02827558307711178,0.08299319727891157
3661,-0.02778626637960871,0.08301587301587302
3662,-0.027294961175703607,0.08303854875283447
3663,-0.02680168745335184,0.08306122448979592
3664,-0.026306465280673715,0.08308390022675737
3665,-0.025809314805184842,0.08310657596371882
3666,-0.02531025625302345,0.08312925170068028
3667,-0.024809309928174705,0.08315192743764173
3668,-0.024306496211691966,0.08317460317460318
3669,-0.02380183556091517,0.08319727891156463
3670,-0.023295348508686323,0.08321995464852608
3671,-0.022787055662561832,0.08324263038548753
3672,-0.022276977704022392,0.08326530612244898
3673,-0.021765135387679584,0.08328798185941043
3674,-0.02125154954048017,0.08331065759637188
3675,-0.020736241060906928,0.08333333333333333
3676,-0.020219230918177483,0.08335600907029478
3677,-0.019700540151439894,0.08337868480725624
3678,-0.01918018986896572,0.08340136054421769
3679,-0.018658201247340585,0.08342403628117914
3680,-0.018134595530651734,0.08344671201814059
3681,-0.017609394029673438,0.08346938775510204
3682,-0.017082618121049525,0.08349206349206349
3683,-0.016554289246473404,0.08351473922902494
3684,-0.016024428911865833,0.08353741496598639
3685,-0.015493058686549854,0.08356009070294784
3686,-0.014960200202423623,0.08358276643990929
3687,-0.014425875153130546,0.08360544217687074
3688,-0.013890105293227198,0.0836281179138322
3689,-0.01335291243734896,0.08365079365079366
3690,-0.012814318459373137,0.0836734693877551
3691,-0.012274345291579874,0.08369614512471656
3692,-0.011733014923811038,0.083718820861678
3693,-0.011190349402626441,0.08374149659863946
3694,-0.010646370830458215,0.0837641723356009
3695,-0.010101101364763054,0.08378684807256236
3696,-0.009554563217172058,0.0838095238095238
3697,-0.009006778652638646,0.08383219954648526
3698,-0.008457769988584558,0.0838548752834467
3699,-0.007907559594043517,0.08387755102040817
3700,-0.007356169888803089,0.08390022675736962
3701,-0.006803623342544543,0.08392290249433107
3702,-0.006249942473980939,0.08394557823129252
3703,-0.005695149849992887,0.08396825396825397
3704,-0.005139268084762928,0.08399092970521542
3705,-0.004582319838907764,0.08401360544217687
3706,-0.004024327818608869,0.08403628117913832
3707,-0.003465314774741218,0.08405895691609977
3708,-0.00290530350200037,0.08408163265306122
3709,-0.0023443168380276828,0.08410430839002267
3710,-0.0017823776625341646,0.08412698412698413
3711,-0.0012195088964223298,0.08414965986394558
3712,-6.557335009068285E-4,0.08417233560090703
3713,-9.107447663312881E-5,0.08419501133786848
3714,4.744451372050082E-4,0.08421768707482993
3715,0.001040802263749828,0.08424036281179138
3716,0.0016079737893651067,0.08426303854875283
3717,0.00217593656452331,0.08428571428571428
3718,0.0027446674046938783,0.08430839002267573
3719,0.003314143091233332,0.08433106575963718
3720,0.003884340372276276,0.08435374149659863
3721,0.00445523596362787,0.0843764172335601
3722,0.005026806549657668,0.08439909297052155
3723,0.005599028784194396,0.084421768707483
3724,0.006171879291422315,0.08444444444444445
3725,0.006745334666778482,0.0844671201814059
3726,0.0073193714778511144,0.08448979591836735
3727,0.007893966265279339,0.0845124716553288
3728,0.00846909554365358,0.08453514739229025
3729,0.009044735802417454,0.0845578231292517
3730,0.009620863506770168,0.08458049886621315
3731,0.010197455098570299,0.0846031746031746
3732,0.0107744869972402,0.08462585034013606
3733,0.011351935600671596,0.08464852607709751
3734,0.011929777286131524,0.08467120181405896
3735,0.012507988411169842,0.08469387755102041
3736,0.013086545314526798,0.08471655328798186
3737,0.013665424317041892,0.08473922902494331
3738,0.01424460172256297,0.08476190476190476
3739,0.014824053818856594,0.08478458049886621
3740,0.015403756878518478,0.08480725623582766
3741,0.015983687159884973,0.08482993197278911
3742,0.016563820907944806,0.08485260770975056
3743,0.01714413435525167,0.08487528344671202
3744,0.01772460372283712,0.08489795918367347
3745,0.018305205221123992,0.08492063492063492
3746,0.018885915050840262,0.08494331065759637
3747,0.01946670940393346,0.08496598639455782
3748,0.020047564464485145,0.08498866213151927
3749,0.020628456409626107,0.08501133786848072
3750,0.021209361410451478,0.08503401360544217
3751,0.02179025563293646,0.08505668934240362
3752,0.022371115238852136,0.08507936507936507
3753,0.022951916386681367,0.08510204081632652
3754,0.02353263523253512,0.08512471655328799
3755,0.024113247931068657,0.08514739229024944
3756,0.02469373063639807,0.08517006802721089
3757,0.025274059503016685,0.08519274376417234
3758,0.025854210686711603,0.08521541950113379
3759,0.02643416034548016,0.08523809523809524
3760,0.027013884640446437,0.08526077097505669
3761,0.027593359736777616,0.08528344671201814
3762,0.028172561804600243,0.08530612244897959
3763,0.02875146701991635,0.08532879818594104
3764,0.029330051565519464,0.08535147392290249
3765,0.029908291631910316,0.08537414965986395
3766,0.03048616341821221,0.0853968253968254
3767,0.03106364313308644,0.08541950113378685
3768,0.031640706995646965,0.0854421768707483
3769,0.032217331236375095,0.08546485260770975
3770,0.032793492098033505,0.0854875283446712
3771,0.03336916583658011,0.08551020408163265
3772,0.03394432872208114,0.0855328798185941
3773,0.03451895703962405,0.08555555555555555
3774,0.035093027090229705,0.085578231292517
3775,0.035666515191764114,0.08560090702947845
3776,0.03623939767984947,0.08562358276643992
3777,0.036811650908774654,0.08564625850340137
3778,0.037383251252404964,0.08566893424036282
3779,0.03795417510509131,0.08569160997732427
3780,0.03852439888257847,0.08571428571428572
3781,0.039093899022912826,0.08573696145124717
3782,0.039662651987349036,0.08575963718820862
3783,0.04023063426125602,0.08578231292517007
3784,0.040797822355022134,0.08580498866213151
3785,0.04136419280495929,0.08582766439909296
3786,0.04192972217420617,0.08585034013605441
3787,0.042494387053630595,0.08587301587301588
3788,0.04305816406273069,0.08589569160997733
3789,0.043621029850535245,0.08591836734693878
3790,0.04418296109650273,0.08594104308390023
3791,0.044743934511419434,0.08596371882086168
3792,0.04530392683829631,0.08598639455782313
3793,0.04586291485326471,0.08600907029478458
3794,0.04642087536647095,0.08603174603174603
3795,0.04697778522296948,0.08605442176870748
3796,0.04753362130361498,0.08607709750566893
3797,0.04808836052595299,0.08609977324263038
3798,0.04864197984510914,0.08612244897959184
3799,0.04919445625467728,0.08614512471655329
3800,0.04974576678760595,0.08616780045351474
3801,0.05029588851708337,0.08619047619047619
3802,0.05084479855742119,0.08621315192743764
3803,0.051392474064936494,0.08623582766439909
3804,0.051938892238832426,0.08625850340136054
3805,0.05248403032207703,0.08628117913832199
3806,0.053027865602280747,0.08630385487528344
3807,0.053570375412572015,0.08632653061224489
3808,0.054111537132471355,0.08634920634920636
3809,0.0546513281887637,0.0863718820861678
3810,0.055189726056368835,0.08639455782312926
3811,0.05572670825921032,0.0864172335600907
3812,0.05626225237108239,0.08643990929705216
3813,0.05679633601651516,0.0864625850340136
3814,0.05732893687163771,0.08648526077097506
3815,0.05786003266503961,0.0865079365079365
3816,0.05838960117863023,0.08653061224489796
3817,0.05891762024849611,0.0865532879818594
3818,0.059444067765756475,0.08657596371882086
3819,0.059968921677416534,0.08659863945578232
3820,0.06049215998721879,0.08662131519274377
3821,0.06101376075649226,0.08664399092970522
3822,0.06153370210499947,0.08666666666666667
3823,0.06205196221178137,0.08668934240362812
3824,0.06256851931600012,0.08671201814058957
3825,0.06308335171777929,0.08673469387755102
3826,0.06359643777904225,0.08675736961451247
3827,0.06410775592434798,0.08678004535147392
3828,0.06461728464172473,0.08680272108843537
3829,0.06512500248350109,0.08682539682539682
3830,0.06563088806713466,0.08684807256235828
3831,0.06613492007603888,0.08687074829931973
3832,0.06663707726040649,0.08689342403628118
3833,0.06713733843803124,0.08691609977324263
3834,0.06763568249512666,0.08693877551020408
3835,0.06813208838714264,0.08696145124716553
3836,0.06862653513957898,0.08698412698412698
3837,0.06911900184879671,0.08700680272108843
3838,0.06960946768282666,0.08702947845804988
3839,0.07009791188217522,0.08705215419501133
3840,0.07058431376062788,0.08707482993197278
3841,0.07106865270604866,0.08709750566893425
3842,0.0715509081811792,0.0871201814058957
3843,0.07203105972443272,0.08714285714285715
3844,0.07250908695068628,0.0871655328798186
3845,0.07298496955207007,0.08718820861678005
3846,0.0734586872987536,0.0872108843537415
3847,0.0739302200397293,0.08723356009070295
3848,0.07439954770359278,0.0872562358276644
3849,0.07486665029932053,0.08727891156462585
3850,0.07533150791704435,0.0873015873015873
3851,0.07579410072882264,0.08732426303854875
3852,0.07625440898940913,0.08734693877551021
3853,0.07671241303701798,0.08736961451247166
3854,0.07716809329408592,0.08739229024943311
3855,0.07762143026803159,0.08741496598639456
3856,0.07807240455201112,0.08743764172335601
3857,0.0785209968256709,0.08746031746031746
3858,0.07896718785589714,0.08748299319727891
3859,0.07941095849756183,0.08750566893424036
3860,0.07985228969426585,0.08752834467120181
3861,0.08029116247907836,0.08755102040816326
3862,0.08072755797527312,0.08757369614512471
3863,0.08116145739706132,0.08759637188208617
3864,0.08159284205032098,0.08761904761904762
3865,0.08202169333332308,0.08764172335600907
3866,0.08244799273745398,0.08766439909297052
3867,0.08287172184793465,0.08768707482993197
3868,0.08329286234453606,0.08770975056689342
3869,0.08371139600229133,0.08773242630385487
3870,0.0841273046922042,0.08775510204081632
3871,0.0845405703819538,0.08777777777777777
3872,0.08495117513659599,0.08780045351473922
3873,0.08535910111926094,0.08782312925170067
3874,0.08576433059184702,0.08784580498866214
3875,0.08616684591571105,0.08786848072562359
3876,0.08656662955235477,0.08789115646258504
3877,0.08696366406410774,0.08791383219954649
3878,0.08735793211480611,0.08793650793650794
3879,0.08774941647046788,0.08795918367346939
3880,0.08813809999996444,0.08798185941043084
3881,0.08852396567568765,0.08800453514739229
3882,0.08890699657421383,0.08802721088435374
3883,0.0892871758769633,0.08804988662131519
3884,0.08966448687085607,0.08807256235827664
3885,0.09003891294896396,0.0880952380952381
3886,0.09041043761115809,0.08811791383219955
3887,0.09077904446475296,0.088140589569161
3888,0.09114471722514624,0.08816326530612245
3889,0.09150743971645434,0.0881859410430839
3890,0.09186719587214431,0.08820861678004535
3891,0.09222396973566133,0.0882312925170068
3892,0.09257774546105232,0.08825396825396825
3893,0.09292850731358487,0.0882766439909297
3894,0.09327623967036273,0.08829931972789115
3895,0.09362092702093665,0.0883219954648526
3896,0.09396255396791112,0.08834467120181407
3897,0.0943011052275467,0.08836734693877552
3898,0.09463656563035848,0.08839002267573697
3899,0.09496892012170988,0.08841269841269842
3900,0.0952981537624023,0.08843537414965986
3901,0.09562425172926028,0.08845804988662131
3902,0.09594719931571263,0.08848072562358276
3903,0.09626698193236896,0.08850340136054421
3904,0.0965835851075916,0.08852607709750566
3905,0.0968969944880638,0.08854875283446711
3906,0.09720719583935263,0.08857142857142856
3907,0.09751417504646778,0.08859410430839003
3908,0.09781791811441629,0.08861678004535148
3909,0.0981184111687521,0.08863945578231293
3910,0.09841564045612136,0.08866213151927438
3911,0.09870959234480349,0.08868480725623583
3912,0.09900025332524698,0.08870748299319728
3913,0.0992876100106013,0.08873015873015873
3914,0.09957164913724381,0.08875283446712018
3915,0.09985235756530209,0.08877551020408163
3916,0.10012972227917182,0.08879818594104308
3917,0.10040373038802969,0.08882086167800453
3918,0.1006743691263418,0.08884353741496599
3919,0.10094162585436742,0.08886621315192744
3920,0.10120548805865792,0.08888888888888889
3921,0.1014659433525508,0.08891156462585034
3922,0.10172297947665929,0.08893424036281179
3923,0.10197658429935696,0.08895691609977324
3924,0.10222674581725766,0.08897959183673469
3925,0.10247345215569034,0.08900226757369614
3926,0.10271669156916942,0.08902494331065759
3927,0.10295645244186001,0.08904761904761904
3928,0.10319272328803855,0.08907029478458049
3929,0.10342549275254811,0.08909297052154196
3930,0.10365474961124937,0.0891156462585034
3931,0.10388048277146614,0.08913832199546486
3932,0.10410268127242628,0.0891609977324263
3933,0.1043213342856974,0.08918367346938776
3934,0.10453643111561786,0.0892063492063492
3935,0.10474796119972261,0.08922902494331066
3936,0.10495591410916401,0.0892517006802721
3937,0.10516027954912777,0.08927437641723356
3938,0.10536104735924365,0.089297052154195
3939,0.10555820751399123,0.08931972789115646
3940,0.10575175012310051,0.08934240362811792
3941,0.10594166543194772,0.08936507936507937
3942,0.10612794382194557,0.08938775510204082
3943,0.10631057581092876,0.08941043083900227
3944,0.10648955205353411,0.08943310657596372
3945,0.10666486334157572,0.08945578231292517
3946,0.10683650060441494,0.08947845804988662
3947,0.107004454909325,0.08950113378684807
3948,0.1071687174618507,0.08952380952380952
3949,0.10732927960616265,0.08954648526077097
3950,0.10748613282540662,0.08956916099773243
3951,0.10763926874204716,0.08959183673469388
3952,0.10778867911820669,0.08961451247165533
3953,0.10793435585599842,0.08963718820861678
3954,0.1080762909978549,0.08965986394557823
3955,0.10821447672685078,0.08968253968253968
3956,0.1083489053670203,0.08970521541950113
3957,0.10847956938366973,0.08972789115646258
3958,0.1086064613836841,0.08975056689342403
3959,0.10872957411582912,0.08977324263038548
3960,0.10884890047104723,0.08979591836734693
3961,0.10896443348274862,0.0898185941043084
3962,0.10907616632709685,0.08984126984126985
3963,0.10918409232328899,0.0898639455782313
3964,0.10928820493383046,0.08988662131519275
3965,0.10938849776480444,0.0899092970521542
3966,0.10948496456613582,0.08993197278911565
3967,0.10957759923185001,0.0899546485260771
3968,0.10966639580032564,0.08997732426303855
3969,0.10975134845454335,0.09
3970,0.10983245152232668,0.09002267573696145
3971,0.10990969947657983,0.0900453514739229
3972,0.10998308693551878,0.09006802721088436
3973,0.11005260866289716,0.09009070294784581
3974,0.1101182595682268,0.09011337868480726
3975,0.11018003470699253,0.09013605442176871
3976,0.11023792928086168,0.09015873015873016
3977,0.110291938637888,0.09018140589569161
3978,0.11034205827271003,0.09020408163265306
3979,0.11038828382674408,0.09022675736961451
3980,0.11043061108837149,0.09024943310657596
3981,0.11046903599312051,0.09027210884353741
3982,0.11050355462384254,0.09029478458049886
3983,0.11053416321088297,0.09031746031746032
3984,0.11056085813224621,0.09034013605442177
3985,0.11058363591375542,0.09036281179138322
3986,0.11060249322920648,0.09038548752834467
3987,0.11061742690051642,0.09040816326530612
3988,0.1106284338978665,0.09043083900226757
3989,0.1106355113398392,0.09045351473922902
3990,0.11063865649355023,0.09047619047619047
3991,0.11063786677477438,0.09049886621315192
3992,0.11063313974806632,0.09052154195011337
3993,0.11062447312687504,0.09054421768707482
3994,0.11061186477365367,0.09056689342403629
3995,0.11059531269996276,0.09058956916099774
3996,0.11057481506656855,0.09061224489795919
3997,0.11055037018353517,0.09063492063492064
3998,0.11052197651031162,0.09065759637188209
3999,0.11048963265581294,0.09068027210884354
4000,0.11045333737849566,0.09070294784580499
4001,0.11041308958642762,0.09072562358276644
4002,0.11036888833735245,0.09074829931972789
4003,0.11032073283874791,0.09077097505668934
4004,0.11026862244787905,0.09079365079365079
4005,0.11021255667184542,0.09081632653061225
4006,0.11015253516762276,0.0908390022675737
4007,0.11008855774209905,0.09086167800453515
4008,0.11002062435210483,0.0908843537414966
4009,0.10994873510443787,0.09090702947845805
4010,0.10987289025588232,0.0909297052154195
4011,0.10979309021322188,0.09095238095238095
4012,0.10970933553324796,0.0909750566893424
4013,0.10962162692276124,0.09099773242630385
4014,0.10952996523856838,0.0910204081632653
4015,0.10943435148747283,0.09104308390022675
4016,0.10933478682625977,0.09106575963718821
4017,0.10923127256167556,0.09108843537414966
4018,0.10912381015040164,0.09111111111111111
4019,0.10901240119902261,0.09113378684807256
4020,0.10889704746398869,0.09115646258503401
4021,0.10877775085157242,0.09117913832199546
4022,0.10865451341781998,0.09120181405895691
4023,0.10852733736849687,0.09122448979591836
4024,0.1083962250590273,0.09124716553287981
4025,0.10826117899442883,0.09126984126984126
4026,0.10812220182924072,0.09129251700680271
4027,0.10797929636744699,0.09131519274376418
4028,0.1078324655623936,0.09133786848072563
4029,0.1076817125167002,0.09136054421768708
4030,0.10752704048216596,0.09138321995464853
4031,0.10736845285967025,0.09140589569160998
4032,0.10720595319906712,0.09142857142857143
4033,0.10703954519907469,0.09145124716553288
4034,0.10686923270715853,0.09147392290249433
4035,0.1066950197194094,0.09149659863945578
4036,0.10651691038041583,0.09151927437641723
4037,0.10633490898313061,0.09154195011337868
4038,0.10614901996873208,0.09156462585034014
4039,0.10595924792647941,0.09158730158730159
4040,0.10576559759356248,0.09160997732426304
4041,0.10556807385494635,0.09163265306122449
4042,0.10536668174320994,0.09165532879818594
4043,0.10516142643837917,0.09167800453514739
4044,0.1049523132677544,0.09170068027210884
4045,0.10473934770573268,0.09172335600907029
4046,0.10452253537362417,0.09174603174603174
4047,0.10430188203946289,0.09176870748299319
4048,0.10407739361781246,0.09179138321995464
4049,0.10384907616956537,0.0918140589569161
4050,0.10361693590173786,0.09183673469387756
4051,0.10338097916725843,0.091859410430839
4052,0.10314121246475128,0.09188208616780046
4053,0.10289764243831372,0.0919047619047619
4054,0.10265027587728909,0.09192743764172336
4055,0.10239911971603283,0.0919501133786848
4056,0.10214418103367441,0.09197278911564626
4057,0.10188546705387277,0.0919954648526077
4058,0.101622985144567,0.09201814058956916
4059,0.10135674281772099,0.0920408163265306
4060,0.10108674772906309,0.09206349206349207
4061,0.10081300767782019,0.09208616780045352
4062,0.10053553060644618,0.09210884353741497
4063,0.10025432460034543,0.09213151927437642
4064,0.09996939788759035,0.09215419501133787
4065,0.09968075883863396,0.09217687074829932
4066,0.09938841596601689,0.09219954648526077
4067,0.09909237792406905,0.09222222222222222
4068,0.09879265350860601,0.09224489795918367
4069,0.09848925165661976,0.09226757369614512
4070,0.09818218144596455,0.09229024943310657
4071,0.09787145209503709,0.09231292517006803
4072,0.09755707296245153,0.09233560090702948
4073,0.09723905354670921,0.09235827664399093
4074,0.09691740348586285,0.09238095238095238
4075,0.096592132557176,0.09240362811791383
4076,0.0962632506767766,0.09242630385487528
4077,0.0959307678993056,0.09244897959183673
4078,0.0955946944175605,0.09247165532879818
4079,0.0952550405621333,0.09249433106575963
4080,0.0949118168010436,0.09251700680272108
4081,0.09456503373936598,0.09253968253968253
4082,0.09421470211885297,0.092562358276644
4083,0.09386083281755209,0.09258503401360545
4084,0.09350343684941821,0.0926077097505669
4085,0.09314252536392062,0.09263038548752835
4086,0.09277810964564476,0.0926530612244898
4087,0.09241020111388934,0.09267573696145125
4088,0.092038811322258,0.0926984126984127
4089,0.09166395195824564,0.09272108843537415
4090,0.09128563484282046,0.0927437641723356
4091,0.09090387193000017,0.09276643990929705
4092,0.09051867530642353,0.0927891156462585
4093,0.09013005719091692,0.09281179138321996
4094,0.08973802993405572,0.09283446712018141
4095,0.0893426060177207,0.09285714285714286
4096,-0.059877194309821795,0.09287981859410431
4097,-0.06044929146086445,0.09290249433106576
4098,-0.06102087788040404,0.09292517006802721
4099,-0.06159192866147984,0.09294784580498866
4100,-0.062162418908568974,0.09297052154195011
4101,-0.06273232373855551,0.09299319727891156
4102,-0.0633016182816994,0.09301587301587301
4103,-0.06387027768260486,0.09303854875283447
4104,-0.06443827710118857,0.09306122448979592
4105,-0.06500559171364689,0.09308390022675737
4106,-0.06557219671342313,0.09310657596371882
4107,-0.06613806731217371,0.09312925170068027
4108,-0.06670317874073407,0.09315192743764172
4109,-0.06726750625008389,0.09317460317460317
4110,-0.0678310251123114,0.09319727891156462
4111,-0.06839371062157723,0.09321995464852607
4112,-0.06895553809507746,0.09324263038548752
4113,-0.06951648287400568,0.09326530612244897
4114,-0.07007652032451461,0.09328798185941044
4115,-0.07063562583867646,0.09331065759637189
4116,-0.07119377483544262,0.09333333333333334
4117,-0.07175094276160233,0.09335600907029479
4118,-0.0723071050927405,0.09337868480725624
4119,-0.07286223733419425,0.09340136054421769
4120,-0.0734163150220088,0.09342403628117914
4121,-0.0739693137238919,0.09344671201814059
4122,-0.07452120904016735,0.09346938775510204
4123,-0.07507197660472745,0.09349206349206349
4124,-0.07562159208598385,0.09351473922902494
4125,-0.07617003118781787,0.0935374149659864
4126,-0.0767172696505288,0.09356009070294785
4127,-0.0772632832517813,0.0935827664399093
4128,-0.0778080478075517,0.09360544217687075
4129,-0.07835153917307242,0.0936281179138322
4130,-0.07889373324377504,0.09365079365079365
4131,-0.07943460595623256,0.0936734693877551
4132,-0.07997413328909944,0.09369614512471655
4133,-0.08051229126405038,0.093718820861678
4134,-0.0810490559467178,0.09374149659863945
4135,-0.08158440344762732,0.0937641723356009
4136,-0.08211830992313192,0.09378684807256236
4137,-0.0826507515763445,0.09380952380952381
4138,-0.08318170465806825,0.09383219954648526
4139,-0.08371114546772598,0.09385487528344671
4140,-0.08423905035428714,0.09387755102040816
4141,-0.08476539571719348,0.09390022675736961
4142,-0.08529015800728243,0.09392290249433106
4143,-0.08581331372770903,0.09394557823129251
4144,-0.08633483943486561,0.09396825396825396
4145,-0.08685471173929987,0.09399092970521541
4146,-0.08737290730663065,0.09401360544217686
4147,-0.08788940285846192,0.09403628117913833
4148,-0.08840417517329485,0.09405895691609978
4149,-0.08891720108743728,0.09408163265306123
4150,-0.08942845749591169,0.09410430839002268
4151,-0.08993792135336073,0.09412698412698413
4152,-0.09044556967495042,0.09414965986394558
4153,-0.09095137953727156,0.09417233560090703
4154,-0.09145532807923851,0.09419501133786848
4155,-0.09195739250298586,0.09421768707482993
4156,-0.09245755007476278,0.09424036281179138
4157,-0.09295577812582487,0.09426303854875283
4158,-0.09345205405332405,0.09428571428571429
4159,-0.0939463553211953,0.09430839002267574
4160,-0.09443865946104181,0.09433106575963719
4161,-0.09492894407301695,0.09435374149659864
4162,-0.09541718682670408,0.09437641723356009
4163,-0.09590336546199366,0.09439909297052154
4164,-0.09638745778995791,0.09442176870748299
4165,-0.09686944169372272,0.09444444444444444
4166,-0.09734929512933704,0.09446712018140589
4167,-0.09782699612663934,0.09448979591836734
4168,-0.09830252279012172,0.09451247165532879
4169,-0.09877585329979097,0.09453514739229026
4170,-0.09924696591202689,0.0945578231292517
4171,-0.09971583896043795,0.09458049886621316
4172,-0.10018245085671398,0.0946031746031746
4173,-0.10064678009147596,0.09462585034013606
4174,-0.10110880523512299,0.0946485260770975
4175,-0.10156850493867613,0.09467120181405896
4176,-0.10202585793461974,0.0946938775510204
4177,-0.10248084303773881,0.09471655328798186
4178,-0.10293343914595475,0.0947392290249433
4179,-0.10338362524115655,0.09476190476190476
4180,-0.10383138039002986,0.09478458049886622
4181,-0.10427668374488264,0.09480725623582767
4182,-0.10471951454446748,0.09482993197278912
4183,-0.10515985211480094,0.09485260770975057
4184,-0.10559767586997965,0.09487528344671202
4185,-0.10603296531299283,0.09489795918367347
4186,-0.10646570003653202,0.09492063492063492
4187,-0.10689585972379724,0.09494331065759637
4188,-0.10732342414929946,0.09496598639455782
4189,-0.10774837317966048,0.09498866213151927
4190,-0.10817068677440853,0.09501133786848072
4191,-0.108590344986771,0.09503401360544218
4192,-0.1090073279644635,0.09505668934240363
4193,-0.10942161595047552,0.09507936507936508
4194,-0.10983318928385223,0.09510204081632653
4195,-0.11024202840047312,0.09512471655328798
4196,-0.11064811383382693,0.09514739229024943
4197,-0.11105142621578264,0.09517006802721088
4198,-0.11145194627735745,0.09519274376417233
4199,-0.11184965484948027,0.09521541950113378
4200,-0.11224453286375229,0.09523809523809523
4201,-0.11263656135320312,0.09526077097505668
4202,-0.11302572145304368,0.09528344671201815
4203,-0.11341199440141511,0.0953061224489796
4204,-0.11379536154013367,0.09532879818594105
4205,-0.11417580431543196,0.0953514739229025
4206,-0.11455330427869659,0.09537414965986395
4207,-0.11492784308720101,0.0953968253968254
4208,-0.1152994025048354,0.09541950113378685
4209,-0.11566796440283199,0.0954421768707483
4210,-0.11603351076048667,0.09546485260770975
4211,-0.11639602366587638,0.0954875283446712
4212,-0.11675548531657258,0.09551020408163265
4213,-0.11711187802035064,0.09553287981859411
4214,-0.11746518419589502,0.09555555555555556
4215,-0.11781538637350027,0.09557823129251701
4216,-0.11816246719576831,0.09560090702947846
4217,-0.1185064094183009,0.09562358276643991
4218,-0.11884719591038835,0.09564625850340136
4219,-0.11918480965569371,0.09566893424036281
4220,-0.11951923375293305,0.09569160997732426
4221,-0.11985045141655093,0.09571428571428571
4222,-0.12017844597739212,0.09573696145124716
4223,-0.12050320088336852,0.09575963718820861
4224,-0.12082469970012175,0.09578231292517007
4225,-0.12114292611168243,0.09580498866213152
4226,-0.12145786392112269,0.09582766439909297
4227,-0.12176949705120654,0.09585034013605442
4228,-0.12207780954503483,0.09587301587301587
4229,-0.1223827855666855,0.09589569160997732
4230,-0.12268440940184992,0.09591836734693877
4231,-0.12298266545846401,0.09594104308390022
4232,-0.12327753826733545,0.09596371882086167
4233,-0.12356901248276583,0.09598639455782312
4234,-0.12385707288316838,0.09600907029478457
4235,-0.12414170437168102,0.09603174603174604
4236,-0.12442289197677481,0.09605442176870749
4237,-0.1247006208528577,0.09607709750566894
4238,-0.12497487628087343,0.09609977324263039
4239,-0.12524564366889585,0.09612244897959184
4240,-0.12551290855271865,0.09614512471655329
4241,-0.12577665659643977,0.09616780045351474
4242,-0.1260368735930416,0.09619047619047619
4243,-0.12629354546496618,0.09621315192743764
4244,-0.12654665826468528,0.09623582766439909
4245,-0.126796198175266,0.09625850340136054
4246,-0.12704215151093126,0.096281179138322
4247,-0.1272845047176155,0.09630385487528345
4248,-0.1275232443735153,0.0963265306122449
4249,-0.12775835718963535,0.09634920634920635
4250,-0.12798983001032896,0.0963718820861678
4251,-0.12821764981383413,0.09639455782312925
4252,-0.12844180371280423,0.0964172335600907
4253,-0.12866227895483384,0.09643990929705215
4254,-0.1288790629229793,0.0964625850340136
4255,-0.12909214313627454,0.09648526077097505
4256,-0.12930150725024156,0.09650793650793651
4257,-0.129507143057396,0.09653061224489796
4258,-0.1297090384877472,0.09655328798185941
4259,-0.12990718160929354,0.09657596371882086
4260,-0.13010156062851239,0.09659863945578231
4261,-0.13029216389084491,0.09662131519274376
4262,-0.1304789798811758,0.09664399092970521
4263,-0.13066199722430738,0.09666666666666666
4264,-0.13084120468542892,0.09668934240362811
4265,-0.13101659117058062,0.09671201814058956
4266,-0.13118814572711196,0.09673469387755101
4267,-0.13135585754413506,0.09675736961451248
4268,-0.13151971595297288,0.09678004535147393
4269,-0.13167971042760157,0.09680272108843538
4270,-0.13183583058508808,0.09682539682539683
4271,-0.1319880661860217,0.09684807256235828
4272,-0.13213640713494113,0.09687074829931973
4273,-0.13228084348075525,0.09689342403628118
4274,-0.13242136541715893,0.09691609977324263
4275,-0.13255796328304356,0.09693877551020408
4276,-0.13269062756290168,0.09696145124716553
4277,-0.13281934888722652,0.09698412698412698
4278,-0.13294411803290587,0.09700680272108844
4279,-0.13306492592361063,0.09702947845804989
4280,-0.13318176363017759,0.09705215419501134
4281,-0.133294622370987,0.09707482993197279
4282,-0.13340349351233427,0.09709750566893424
4283,-0.13350836856879636,0.09712018140589569
4284,-0.1336092392035928,0.09714285714285714
4285,-0.13370609722894033,0.09716553287981859
4286,-0.133798934606403,0.09718820861678004
4287,-0.13388774344723586,0.09721088435374149
4288,-0.13397251601272336,0.09723356009070294
4289,-0.1340532447145123,0.0972562358276644
4290,-0.13412992211493863,0.09727891156462586
4291,-0.13420254092734876,0.0973015873015873
4292,-0.1342710940164159,0.09732426303854876
4293,-0.13433557439844948,0.0973469387755102
4294,-0.13439597524169994,0.09736961451247166
4295,-0.13445228986665705,0.0973922902494331
4296,-0.1345045117463433,0.09741496598639456
4297,-0.13455263450660065,0.097437641723356
4298,-0.1345966519263725,0.09746031746031746
4299,-0.13463655793797874,0.0974829931972789
4300,-0.13467234662738645,0.09750566893424037
4301,-0.13470401223447356,0.09752834467120182
4302,-0.13473154915328744,0.09755102040816327
4303,-0.1347549519322975,0.09757369614512472
4304,-0.13477421527464203,0.09759637188208617
4305,-0.13478933403836907,0.09761904761904762
4306,-0.13480030323667158,0.09764172335600907
4307,-0.13480711803811699,0.09766439909297052
4308,-0.13480977376687042,0.09768707482993197
4309,-0.13480826590291245,0.09770975056689342
4310,-0.13480259008225082,0.09773242630385487
4311,-0.1347927420971265,0.09775510204081633
4312,-0.1347787178962136,0.09777777777777778
4313,-0.1347605135848134,0.09780045351473923
4314,-0.134738125425043,0.09782312925170068
4315,-0.13471154983601716,0.09784580498866213
4316,-0.13468078339402534,0.09786848072562358
4317,-0.1346458228327017,0.09789115646258503
4318,-0.13460666504319005,0.09791383219954648
4319,-0.13456330707430247,0.09793650793650793
4320,-0.13451574613267198,0.09795918367346938
4321,-0.13446397958289968,0.09798185941043083
4322,-0.13440800494769517,0.0980045351473923
4323,-0.13434781990801176,0.09802721088435375
4324,-0.13428342230317547,0.0980498866213152
4325,-0.13421481013100783,0.09807256235827665
4326,-0.1341419815479433,0.0980952380952381
4327,-0.13406493486913984,0.09811791383219955
4328,-0.1339836685685845,0.098140589569161
4329,-0.1338981812791922,0.09816326530612245
4330,-0.1338084717928991,0.0981859410430839
4331,-0.13371453906074937,0.09820861678004535
4332,-0.13361638219297708,0.0982312925170068
4333,-0.13351400045908032,0.09825396825396826
4334,-0.13340739328789142,0.09827664399092971
4335,-0.13329656026763942,0.09829931972789116
4336,-0.1331815011460074,0.09832199546485261
4337,-0.13306221583018385,0.09834467120181406
4338,-0.13293870438690725,0.09836734693877551
4339,-0.13281096704250603,0.09839002267573696
4340,-0.13267900418293088,0.09841269841269841
4341,-0.1325428163537825,0.09843537414965986
4342,-0.13240240426033215,0.09845804988662131
4343,-0.13225776876753703,0.09848072562358276
4344,-0.1321089109000494,0.09850340136054422
4345,-0.13195583184221926,0.09852607709750567
4346,-0.13179853293809174,0.09854875283446712
4347,-0.13163701569139785,0.09857142857142857
4348,-0.13147128176553968,0.09859410430839002
4349,-0.131301332983569,0.09861678004535147
4350,-0.13112717132816054,0.09863945578231292
4351,-0.13094879894157874,0.09866213151927437
4352,-0.1307662181256391,0.09868480725623582
4353,-0.13057943134166144,0.09870748299319727
4354,-0.1303884412104212,0.09873015873015872
4355,-0.13019325051209055,0.09875283446712019
4356,-0.12999386218617598,0.09877551020408164
4357,-0.12979027933144854,0.09879818594104309
4358,-0.1295825052058694,0.09882086167800454
4359,-0.1293705432265081,0.09884353741496599
4360,-0.12915439696945546,0.09886621315192744
4361,-0.12893407016973074,0.09888888888888889
4362,-0.128709566721182,0.09891156462585034
4363,-0.12848089067638122,0.09893424036281179
4364,-0.12824804624651318,0.09895691609977324
4365,-0.12801103780125792,0.09897959183673469
4366,-0.127769869868668,0.09900226757369615
4367,-0.1275245471350393,0.0990249433106576
4368,-0.12727507444477595,0.09904761904761905
4369,-0.12702145680024904,0.0990702947845805
4370,-0.12676369936164994,0.09909297052154195
4371,-0.12650180744683706,0.0991156462585034
4372,-0.12623578653117723,0.09913832199546485
4373,-0.1259656422473804,0.0991609977324263
4374,-0.12569138038532934,0.09918367346938775
4375,-0.1254130068919024,0.0992063492063492
4376,-0.12513052787079113,0.09922902494331065
4377,-0.12484394958231149,0.09925170068027211
4378,-0.12455327844320954,0.09927437641723356
4379,-0.12425852102646093,0.09929705215419501
4380,-0.12395968406106436,0.09931972789115646
4381,-0.1236567744318298,0.09934240362811791
4382,-0.12334979917915986,0.09936507936507936
4383,-0.12303876549882614,0.09938775510204081
4384,-0.12272368074173934,0.09941043083900226
4385,-0.12240455241371342,0.09943310657596371
4386,-0.12208138817522411,0.09945578231292516
4387,-0.12175419584116129,0.09947845804988661
4388,-0.12142298338057612,0.09950113378684808
4389,-0.12108775891642154,0.09952380952380953
4390,-0.12074853072528753,0.09954648526077098
4391,-0.12040530723713054,0.09956916099773243
4392,-0.12005809703499666,0.09959183673469388
4393,-0.11970690885473956,0.09961451247165533
4394,-0.11935175158473242,0.09963718820861678
4395,-0.11899263426557377,0.09965986394557823
4396,-0.11862956608978834,0.09968253968253968
4397,-0.11826255640152124,0.09970521541950113
4398,-0.11789161469622719,0.09972789115646259
4399,-0.11751675062035372,0.09975056689342404
4400,-0.11713797397101824,0.09977324263038549
4401,-0.11675529469568038,0.09979591836734694
4402,-0.11636872289180773,0.09981859410430839
4403,-0.115978268806536,0.09984126984126984
4404,-0.11558394283632456,0.09986394557823129
4405,-0.11518575552660468,0.09988662131519274
4406,-0.11478371757142343,0.09990929705215419
4407,-0.11437783981308139,0.09993197278911564
4408,-0.11396813324176497,0.09995464852607709
4409,-0.11355460899517283,0.09997732426303856
4410,-0.11313727835813701,0.1
4411,-0.1127161527622385,0.10002267573696146
4412,-0.11229124378541691,0.1000453514739229
4413,-0.11186256315157499,0.10006802721088436
4414,-0.11143012273017733,0.1000907029478458
4415,-0.11099393453584402,0.10011337868480726
4416,-0.11055401072793775,0.1001360544217687
4417,-0.11011036361014702,0.10015873015873016
4418,-0.1096630056300624,0.1001814058956916
4419,-0.10921194937874794,0.10020408163265306
4420,-0.10875720759030764,0.10022675736961452
4421,-0.1082987931414454,0.10024943310657597
4422,-0.1078367190510206,0.10027210884353742
4423,-0.1073709984795976,0.10029478458049887
4424,-0.10690164472899027,0.10031746031746032
4425,-0.10642867124180097,0.10034013605442177
4426,-0.10595209160095426,0.10036281179138322
4427,-0.10547191952922516,0.10038548752834467
4428,-0.1049881688887625,0.10040816326530612
4429,-0.10450085368060628,0.10043083900226757
4430,-0.10400998804420061,0.10045351473922902
4431,-0.1035155862569006,0.10047619047619048
4432,-0.10301766273347485,0.10049886621315193
4433,-0.10251623202560171,0.10052154195011338
4434,-0.10201130882136122,0.10054421768707483
4435,-0.1015029079447216,0.10056689342403628
4436,-0.10099104435502049,0.10058956916099773
4437,-0.10047573314644086,0.10061224489795918
4438,-0.09995698954748242,0.10063492063492063
4439,-0.09943482892042727,0.10065759637188208
4440,-0.09890926676080095,0.10068027210884353
4441,-0.09838031869682798,0.10070294784580498
4442,-0.09784800048888287,0.10072562358276645
4443,-0.09731232802893568,0.1007482993197279
4444,-0.09677331733999298,0.10077097505668935
4445,-0.09623098457553315,0.1007936507936508
4446,-0.09568534601893769,0.10081632653061225
4447,-0.09513641808291681,0.1008390022675737
4448,-0.09458421730893034,0.10086167800453515
4449,-0.09402876036660401,0.1008843537414966
4450,-0.09347006405314046,0.10090702947845805
4451,-0.09290814529272542,0.1009297052154195
4452,-0.09234302113592974,0.10095238095238095
4453,-0.09177470875910529,0.10097505668934241
4454,-0.09120322546377771,0.10099773242630386
4455,-0.09062858867603296,0.10102040816326531
4456,-0.09005081594590011,0.10104308390022676
4457,-0.0894699249467287,0.10106575963718821
4458,-0.08888593347456206,0.10108843537414966
4459,-0.08829885944750535,0.10111111111111111
4460,-0.08770872090508974,0.10113378684807256
4461,-0.0871155360076307,0.10115646258503401
4462,-0.08651932303558327,0.10117913832199546
4463,-0.0859201003888915,0.10120181405895691
4464,-0.08531788658633384,0.10122448979591837
4465,-0.08471270026486408,0.10124716553287982
4466,-0.0841045601789476,0.10126984126984127
4467,-0.08349348519989314,0.10129251700680272
4468,-0.08287949431518056,0.10131519274376417
4469,-0.08226260662778309,0.10133786848072562
4470,-0.0816428413554866,0.10136054421768707
4471,-0.08102021783020343,0.10138321995464852
4472,-0.08039475549728226,0.10140589569160997
4473,-0.07976647391481359,0.10142857142857142
4474,-0.07913539275293124,0.10145124716553287
4475,-0.07850153179310863,0.10147392290249434
4476,-0.0778649109274524,0.10149659863945579
4477,-0.07722555015798979,0.10151927437641724
4478,-0.07658346959595386,0.10154195011337869
4479,-0.07593868946106311,0.10156462585034014
4480,-0.0752912300807973,0.10158730158730159
4481,-0.07464111188967001,0.10160997732426304
4482,-0.07398835542849545,0.10163265306122449
4483,-0.07333298134365272,0.10165532879818594
4484,-0.07267501038634554,0.10167800453514739
4485,-0.07201446341185737,0.10170068027210884
4486,-0.07135136137880388,0.1017233560090703
4487,-0.07068572534837986,0.10174603174603175
4488,-0.07001757648360374,0.1017687074829932
4489,-0.06934693604855682,0.10179138321995465
4490,-0.06867382540762004,0.1018140589569161
4491,-0.06799826602470546,0.10183673469387755
4492,-0.06732027946248534,0.101859410430839
4493,-0.06663988738161616,0.10188208616780045
4494,-0.0659571115399599,0.1019047619047619
4495,-0.06527197379180105,0.10192743764172335
4496,-0.06458449608706016,0.1019501133786848
4497,-0.06389470047050327,0.10197278911564626
4498,-0.0632026090809485,0.10199546485260771
4499,-0.0625082441504684,0.10201814058956916
4500,-0.06181162800358911,0.10204081632653061
4501,-0.06111278305648536,0.10206349206349206
4502,-0.06041173181617285,0.10208616780045351
4503,-0.0597084968796964,0.10210884353741496
4504,-0.05900310093331507,0.10213151927437641
4505,-0.05829556675168364,0.10215419501133786
4506,-0.05758591719703071,0.10217687074829931
4507,-0.056874175218333614,0.10219954648526076
4508,-0.05616036385048999,0.10222222222222223
4509,-0.055444506213485456,0.10224489795918368
4510,-0.054726625511558935,0.10226757369614513
4511,-0.0540067450323643,0.10229024943310658
4512,-0.05328488814612857,0.10231292517006803
4513,-0.052561078304807204,0.10233560090702948
4514,-0.051835339041236536,0.10235827664399093
4515,-0.05110769396828227,0.10238095238095238
4516,-0.050378166777985914,0.10240362811791383
4517,-0.04964678124070711,0.10242630385487528
4518,-0.048913561204264,0.10244897959183673
4519,-0.04817853059306973,0.10247165532879819
4520,-0.047441713407266495,0.10249433106575964
4521,-0.04670313372185657,0.10251700680272109
4522,-0.04596281568583026,0.10253968253968254
4523,-0.045220783521291164,0.10256235827664399
4524,-0.044477061522578826,0.10258503401360544
4525,-0.043731674055387845,0.10260770975056689
4526,-0.04298464555588538,0.10263038548752834
4527,-0.04223600052982476,0.10265306122448979
4528,-0.04148576355165716,0.10267573696145124
4529,-0.04073395926364032,0.10269841269841269
4530,-0.039980612374944796,0.10272108843537416
4531,-0.03922574766075733,0.1027437641723356
4532,-0.038469389961382036,0.10276643990929706
4533,-0.03771156418133871,0.1027891156462585
4534,-0.03695229528845902,0.10281179138321996
4535,-0.03619160831297971,0.1028344671201814
4536,-0.03542952834663417,0.10285714285714286
4537,-0.0346660805417405,0.1028798185941043
4538,-0.03390129011028853,0.10290249433106576
4539,-0.03313518232302318,0.1029251700680272
4540,-0.032367782508526996,0.10294784580498866
4541,-0.031599116052298634,0.10297052154195012
4542,-0.030829208395831073,0.10299319727891157
4543,-0.03005808503568594,0.10301587301587302
4544,-0.029285771522566978,0.10303854875283447
4545,-0.02851229346039047,0.10306122448979592
4546,-0.027737676505354206,0.10308390022675737
4547,-0.026961946365003958,0.10310657596371882
4548,-0.026185128797298327,0.10312925170068027
4549,-0.025407249609671168,0.10315192743764172
4550,-0.024628334658092638,0.10317460317460317
4551,-0.02384840984612778,0.10319727891156463
4552,-0.023067501123993597,0.10321995464852608
4553,-0.022285634487614156,0.10324263038548753
4554,-0.021502835977673926,0.10326530612244898
4555,-0.020719131678669178,0.10328798185941043
4556,-0.01993454771795805,0.10331065759637188
4557,-0.01914911026480841,0.10333333333333333
4558,-0.018362845529444505,0.10335600907029478
4559,-0.01757577976209171,0.10337868480725623
4560,-0.01678793925201985,0.10340136054421768
4561,-0.015999350326584755,0.10342403628117913
4562,-0.015210039350268559,0.1034467120181406
4563,-0.014420032723718335,0.10346938775510205
4564,-0.013629356882783467,0.1034920634920635
4565,-0.012838038297551119,0.10351473922902495
4566,-0.012046103471381242,0.1035374149659864
4567,-0.01125357893993921,0.10356009070294785
4568,-0.010460491270227926,0.1035827664399093
4569,-0.00966686705961832,0.10360544217687075
4570,-0.0088727329348786,0.1036281179138322
4571,-0.008078115551202372,0.10365079365079365
4572,-0.007283041591235814,0.1036734693877551
4573,-0.006487537764103379,0.10369614512471656
4574,-0.005691630804432482,0.10371882086167801
4575,-0.004895347471377404,0.10374149659863946
4576,-0.004098714547641949,0.10376417233560091
4577,-0.003301758838500979,0.10378684807256236
4578,-0.0025045071708216793,0.10380952380952381
4579,-0.0017069863920828737,0.10383219954648526
4580,-9.092233693946128E-4,0.10385487528344671
4581,-1.1124498851594611E-4,0.10387755102040816
4582,6.86921847127514E-4,0.10390022675736961
4583,0.0014852502174268062,0.10392290249433106
4584,0.002283713186573902,0.10394557823129252
4585,0.003082283804046293,0.10396825396825397
4586,0.00388093510559237,0.10399092970521542
4587,0.00467964011421769,0.10401360544217687
4588,0.005478371841171004,0.10403628117913832
4589,0.006277103286932123,0.10405895691609977
4590,0.007075807442198628,0.10408163265306122
4591,0.007874457288874773,0.10410430839002267
4592,0.008673025801059275,0.10412698412698412
4593,0.009471485946034724,0.10414965986394557
4594,0.010269810685256425,0.10417233560090702
4595,0.01106797297534215,0.10419501133786849
4596,0.011865945769061775,0.10421768707482994
4597,0.01266370201632755,0.10424036281179139
4598,0.013461214665184129,0.10426303854875284
4599,0.014258456662799096,0.10428571428571429
4600,0.015055400956453482,0.10430839002267574
4601,0.01585202049453241,0.10433106575963719
4602,0.016648288227515684,0.10435374149659864
4603,0.017444177108968728,0.10437641723356009
4604,0.01823966009653287,0.10439909297052154
4605,0.01903471015291644,0.10442176870748299
4606,0.01982930024688495,0.10444444444444445
4607,0.020623403354251613,0.1044671201814059
4608,0.10200973966794853,0.10448979591836735
4609,0.10217830942890109,0.1045124716553288
4610,0.10234342218969905,0.10453514739229025
4611,0.10250506632957786,0.1045578231292517
4612,0.10266323035930368,0.10458049886621315
4613,0.10281790292165693,0.1046031746031746
4614,0.1029690727919107,0.10462585034013605
4615,0.10311672887830416,0.1046485260770975
4616,0.10326086022251116,0.10467120181405895
4617,0.10340145600010334,0.10469387755102041
4618,0.10353850552100873,0.10471655328798186
4619,0.10367199822996481,0.10473922902494331
4620,0.10380192370696698,0.10476190476190476
4621,0.10392827166771122,0.10478458049886621
4622,0.10405103196403247,0.10480725623582766
4623,0.10417019458433714,0.10482993197278911
4624,0.104285749654031,0.10485260770975056
4625,0.1043976874359415,0.10487528344671201
4626,0.10450599833073511,0.10489795918367346
4627,0.10461067287732945,0.10492063492063491
4628,0.10471170175330013,0.10494331065759638
4629,0.10480907577528245,0.10496598639455783
4630,0.10490278589936777,0.10498866213151928
4631,0.1049928232214945,0.10501133786848073
4632,0.10507917897783407,0.10503401360544218
4633,0.10516184454517138,0.10505668934240363
4634,0.10524081144128015,0.10507936507936508
4635,0.10531607132529269,0.10510204081632653
4636,0.10538761599806448,0.10512471655328798
4637,0.10545543740253334,0.10514739229024943
4638,0.10551952762407345,0.10517006802721088
4639,0.10557987889084343,0.10519274376417234
4640,0.10563648357412965,0.10521541950113379
4641,0.10568933418868394,0.10523809523809524
4642,0.10573842339305564,0.10526077097505669
4643,0.1057837439899183,0.10528344671201814
4644,0.10582528892639109,0.10530612244897959
4645,0.10586305129435476,0.10532879818594104
4646,0.10589702433076191,0.10535147392290249
4647,0.10592720141794193,0.10537414965986394
4648,0.1059535760839005,0.10539682539682539
4649,0.10597614200261311,0.10541950113378684
4650,0.1059948929943139,0.1054421768707483
4651,0.10600982302577827,0.10546485260770976
4652,0.10602092621060007,0.1054875283446712
4653,0.10602819680946357,0.10551020408163266
4654,0.10603162923040944,0.1055328798185941
4655,0.10603121802909539,0.10555555555555556
4656,0.10602695790905137,0.105578231292517
4657,0.10601884372192848,0.10560090702947846
4658,0.1060068704677434,0.1056235827664399
4659,0.10599103329511601,0.10564625850340136
4660,0.10597132750150247,0.1056689342403628
4661,0.10594774853342158,0.10569160997732427
4662,0.10592029198667653,0.10571428571428572
4663,0.10588895360657039,0.10573696145124717
4664,0.1058537292881159,0.10575963718820862
4665,0.10581461507623996,0.10578231292517007
4666,0.10577160716598208,0.10580498866213152
4667,0.10572470190268762,0.10582766439909297
4668,0.10567389578219466,0.10585034013605442
4669,0.10561918545101566,0.10587301587301587
4670,0.10556056770651344,0.10589569160997732
4671,0.10549803949707101,0.10591836734693877
4672,0.10543159792225625,0.10594104308390023
4673,0.10536124023298041,0.10596371882086168
4674,0.10528696383165098,0.10598639455782313
4675,0.10520876627231897,0.10600907029478458
4676,0.1051266452608203,0.10603174603174603
4677,0.10504059865491155,0.10605442176870748
4678,0.1049506244643997,0.10607709750566893
4679,0.10485672085126657,0.10609977324263038
4680,0.10475888612978691,0.10612244897959183
4681,0.10465711876664119,0.10614512471655328
4682,0.10455141738102235,0.10616780045351473
4683,0.10444178074473691,0.1061904761904762
4684,0.10432820778230018,0.10621315192743765
4685,0.10421069757102577,0.1062358276643991
4686,0.10408924934110914,0.10625850340136055
4687,0.10396386247570569,0.106281179138322
4688,0.10383453651100262,0.10630385487528345
4689,0.10370127113628524,0.1063265306122449
4690,0.10356406619399758,0.10634920634920635
4691,0.1034229216797968,0.1063718820861678
4692,0.10327783774260209,0.10639455782312925
4693,0.10312881468463785,0.1064172335600907
4694,0.10297585296147053,0.10643990929705216
4695,0.10281895318204047,0.10646258503401361
4696,0.10265811610868697,0.10648526077097506
4697,0.10249334265716831,0.10650793650793651
4698,0.10232463389667552,0.10653061224489796
4699,0.10215199104984063,0.10655328798185941
4700,0.10197541549273863,0.10657596371882086
4701,0.10179490875488414,0.10659863945578231
4702,0.10161047251922187,0.10662131519274376
4703,0.10142210862211143,0.10664399092970521
4704,0.10122981905330627,0.10666666666666667
4705,0.10103360595592677,0.10668934240362812
4706,0.10083347162642754,0.10671201814058957
4707,0.10062941851455888,0.10673469387755102
4708,0.10042144922332229,0.10675736961451247
4709,0.10020956650892054,0.10678004535147392
4710,0.09999377328070143,0.10680272108843537
4711,0.09977407260109598,0.10682539682539682
4712,0.09955046768555093,0.10684807256235827
4713,0.09932296190245511,0.10687074829931972
4714,0.09909155877306025,0.10689342403628117
4715,0.09885626197139569,0.10691609977324264
4716,0.0986170753241779,0.10693877551020409
4717,0.09837400281071337,0.10696145124716554
4718,0.09812704856279612,0.10698412698412699
4719,0.09787621686459967,0.10700680272108844
4720,0.09762151215256276,0.10702947845804989
4721,0.09736293901526931,0.10705215419501134
4722,0.097100502193323,0.10707482993197279
4723,0.09683420657921561,0.10709750566893424
4724,0.09656405721718997,0.10712018140589569
4725,0.09629005930309655,0.10714285714285714
4726,0.09601221818424516,0.1071655328798186
4727,0.09573053935925002,0.10718820861678005
4728,0.09544502847786963,0.1072108843537415
4729,0.09515569134084065,0.10723356009070295
4730,0.09486253389970603,0.1072562358276644
4731,0.09456556225663752,0.10727891156462585
4732,0.09426478266425241,0.1073015873015873
4733,0.09396020152542442,0.10732426303854875
4734,0.09365182539308896,0.1073469387755102
4735,0.09333966097004273,0.10736961451247165
4736,0.0930237151087374,0.1073922902494331
4737,0.09270399481106835,0.10741496598639456
4738,0.09238050722815618,0.10743764172335601
4739,0.09205325966012395,0.10746031746031746
4740,0.09172225955586832,0.10748299319727891
4741,0.09138751451282494,0.10750566893424036
4742,0.09104903227672792,0.10752834467120181
4743,0.0907068207413643,0.10755102040816326
4744,0.09036088794832234,0.10757369614512471
4745,0.09001124208673415,0.10759637188208616
4746,0.0896578914930132,0.10761904761904761
4747,0.08930084465058576,0.10764172335600906
4748,0.08894011018961681,0.10766439909297053
4749,0.08857569688673057,0.10768707482993198
4750,0.08820761366472504,0.10770975056689343
4751,0.08783586959228153,0.10773242630385488
4752,0.08746047388366805,0.10775510204081633
4753,0.08708143589843755,0.10777777777777778
4754,0.08669876514112038,0.10780045351473923
4755,0.08631247126091139,0.10782312925170068
4756,0.08592256405135143,0.10784580498866213
4757,0.08552905345000321,0.10786848072562358
4758,0.085131949538122,0.10789115646258503
4759,0.0847312625403204,0.10791383219954649
4760,0.0843270028242281,0.10793650793650794
4761,0.08391918090014576,0.10795918367346939
4762,0.08350780742069382,0.10798185941043084
4763,0.08309289318045551,0.10800453514739229
4764,0.08267444911561472,0.10802721088435374
4765,0.08225248630358835,0.10804988662131519
4766,0.08182701596265321,0.10807256235827664
4767,0.0813980494515677,0.10809523809523809
4768,0.0809655982691879,0.10811791383219954
4769,0.08052967405407854,0.10814058956916099
4770,0.08009028858411857,0.10816326530612246
4771,0.07964745377610095,0.1081859410430839
4772,0.0792011816853281,0.10820861678004536
4773,0.0787514845052011,0.1082312925170068
4774,0.07829837456680411,0.10825396825396826
4775,0.07784186433848339,0.1082766439909297
4776,0.07738196642542114,0.10829931972789116
4777,0.07691869356920392,0.1083219954648526
4778,0.07645205864738616,0.10834467120181406
4779,0.07598207467304811,0.1083673469387755
4780,0.07550875479434895,0.10839002267573696
4781,0.07503211229407446,0.10841269841269842
4782,0.0745521605891796,0.10843537414965987
4783,0.07406891323032605,0.10845804988662132
4784,0.07358238390141478,0.10848072562358277
4785,0.07309258641911275,0.10850340136054422
4786,0.07259953473237574,0.10852607709750567
4787,0.07210324292196499,0.10854875283446712
4788,0.07160372519995961,0.10857142857142857
4789,0.07110099590926308,0.10859410430839002
4790,0.0705950695231059,0.10861678004535147
4791,0.07008596064454226,0.10863945578231292
4792,0.06957368400594197,0.10866213151927438
4793,0.06905825446847785,0.10868480725623583
4794,0.06853968702160762,0.10870748299319728
4795,0.06801799678255127,0.10873015873015873
4796,0.06749319899576338,0.10875283446712018
4797,0.06696530903240036,0.10877551020408163
4798,0.0664343423897833,0.10879818594104308
4799,0.06590031469085555,0.10882086167800453
4800,0.06536324168363565,0.10884353741496598
4801,0.06482313924066554,0.10886621315192743
4802,0.06428002335845376,0.10888888888888888
4803,0.06373391015691406,0.10891156462585035
4804,0.06318481587879929,0.1089342403628118
4805,0.0626327568891304,0.10895691609977325
4806,0.06207774967462106,0.1089795918367347
4807,0.061519810843097114,0.10900226757369615
4808,0.06095895712291194,0.1090249433106576
4809,0.06039520536235675,0.10904761904761905
4810,0.0598285725290664,0.1090702947845805
4811,0.059259075709420746,0.10909297052154195
4812,0.0586867321079413,0.1091156462585034
4813,0.05811155904668332,0.10913832199546485
4814,0.05753357396462334,0.10916099773242631
4815,0.05695279441704261,0.10918367346938776
4816,0.05636923807490533,0.10920634920634921
4817,0.05578292272423311,0.10922902494331066
4818,0.05519386626547462,0.10925170068027211
4819,0.05460208671287092,0.10927437641723356
4820,0.054007602193816485,0.10929705215419501
4821,0.05341043094821576,0.10931972789115646
4822,0.052810591327835416,0.10934240362811791
4823,0.052208101795652384,0.10936507936507936
4824,0.05160298092519737,0.10938775510204081
4825,0.0509952473998944,0.10941043083900227
4826,0.05038492001239592,0.10943310657596372
4827,0.04977201766391376,0.10945578231292517
4828,0.049156559363545835,0.10947845804988662
4829,0.04853856422759877,0.10950113378684807
4830,0.04791805147890647,0.10952380952380952
4831,0.04729504044614426,0.10954648526077097
4832,0.046669550563139206,0.10956916099773242
4833,0.04604160136817636,0.10959183673469387
4834,0.04541121250330098,0.10961451247165532
4835,0.04477840371361633,0.10963718820861677
4836,0.04414319484657821,0.10965986394557824
4837,0.04350560585128489,0.10968253968253969
4838,0.04286565677776366,0.10970521541950114
4839,0.04222336777625277,0.10972789115646259
4840,0.04157875909648023,0.10975056689342404
4841,0.040931851086938344,0.10977324263038549
4842,0.04028266419415448,0.10979591836734694
4843,0.03963121896195804,0.10981859410430839
4844,0.038977536030743734,0.10984126984126984
4845,0.03832163613673101,0.10986394557823129
4846,0.03766354011121985,0.10988662131519275
4847,0.037003268879842934,0.1099092970521542
4848,0.03634084346181379,0.10993197278911565
4849,0.035676284969171856,0.1099546485260771
4850,0.03500961460602352,0.10997732426303855
4851,0.03434085366777967,0.11
4852,0.0336700235403899,0.11002267573696145
4853,0.03299714569957281,0.1100453514739229
4854,0.032322241710043303,0.11006802721088435
4855,0.03164533322473596,0.1100907029478458
4856,0.030966441984025248,0.11011337868480725
4857,0.03028558981494231,0.11013605442176871
4858,0.029602798630388186,0.11015873015873016
4859,0.028918090428344,0.11018140589569161
4860,0.02823148729107748,0.11020408163265306
4861,0.02754301138434649,0.11022675736961451
4862,0.026852684956599232,0.11024943310657596
4863,0.026160530338170916,0.11027210884353741
4864,0.0254665699404778,0.11029478458049886
4865,0.024770826255207427,0.11031746031746031
4866,0.024073321853506448,0.11034013605442176
4867,0.023374079385164538,0.11036281179138321
4868,0.022673121577795836,0.11038548752834468
4869,0.02197047123601708,0.11040816326530613
4870,0.021266151240622817,0.11043083900226758
4871,0.02056018454775759,0.11045351473922903
4872,0.01985259418808511,0.11047619047619048
4873,0.01914340326595456,0.11049886621315193
4874,0.018432634958564148,0.11052154195011338
4875,0.017720312515121503,0.11054421768707483
4876,0.017006459256001506,0.11056689342403628
4877,0.016291098571901093,0.11058956916099773
4878,0.015574253922991624,0.11061224489795918
4879,0.014855948838068095,0.11063492063492064
4880,0.014136206913695944,0.11065759637188209
4881,0.013415051813355165,0.11068027210884354
4882,0.012692507266581603,0.11070294784580499
4883,0.011968597068105824,0.11072562358276644
4884,0.011243345076989306,0.11074829931972789
4885,0.01051677521575816,0.11077097505668934
4886,0.00978891146953429,0.11079365079365079
4887,0.009059777885164023,0.11081632653061224
4888,0.008329398570344503,0.11083900226757369
4889,0.0075977976927472796,0.11086167800453514
4890,0.00686499947914003,0.1108843537414966
4891,0.006131028214505445,0.11090702947845806
4892,0.005395908241158223,0.1109297052154195
4893,0.004659663957859335,0.11095238095238096
4894,0.003922319818928488,0.1109750566893424
4895,0.0031839003333539867,0.11099773242630386
4896,0.0024444300639007988,0.1110204081632653
4897,0.0017039336262160351,0.11104308390022676
4898,9.624356879327015E-4,0.1110657596371882
4899,2.1996096777119473E-4,0.11108843537414965
4900,-5.23465765361393E-4,0.1111111111111111
4901,-0.001267819693273671,0.11113378684807257
4902,-0.0020130759493945105,0.11115646258503402
4903,-0.002759209619679598,0.11117913832199547
4904,-0.0035061957435198188,0.11120181405895692
4905,-0.004254009314651509,0.11122448979591837
4906,-0.005002625282068553,0.11124716553287982
4907,-0.005752018550936475,0.11126984126984127
4908,-0.006502163983507996,0.11129251700680272
4909,-0.007253036400040595,0.11131519274376417
4910,-0.008004610579715687,0.11133786848072562
4911,-0.008756861261559334,0.11136054421768707
4912,-0.009509763145364915,0.11138321995464853
4913,-0.01026329089261719,0.11140589569160998
4914,-0.011017419127417803,0.11142857142857143
4915,-0.011772122437412769,0.11145124716553288
4916,-0.012527375374720907,0.11147392290249433
4917,-0.01328315245686425,0.11149659863945578
4918,-0.014039428167699465,0.11151927437641723
4919,-0.014796176958350987,0.11154195011337868
4920,-0.015553373248145388,0.11156462585034013
4921,-0.016310991425546956,0.11158730158730158
4922,-0.01706900584909493,0.11160997732426303
4923,-0.017827390848341507,0.1116326530612245
4924,-0.018586120724791405,0.11165532879818595
4925,-0.01934516975284263,0.1116780045351474
4926,-0.02010451218072816,0.11170068027210885
4927,-0.020864122231459017,0.1117233560090703
4928,-0.021623974103768123,0.11174603174603175
4929,-0.022384041973055588,0.1117687074829932
4930,-0.02314429999233451,0.11179138321995465
4931,-0.023904722293178374,0.1118140589569161
4932,-0.02466528298666872,0.11183673469387755
4933,-0.025425956164344322,0.111859410430839
4934,-0.02618671589915079,0.11188208616780046
4935,-0.02694753624639125,0.11190476190476191
4936,-0.027708391244677805,0.11192743764172336
4937,-0.028469254916883607,0.11195011337868481
4938,-0.029230101271095817,0.11197278911564626
4939,-0.02999090430156924,0.11199546485260771
4940,-0.030751637989680506,0.11201814058956916
4941,-0.03151227630488303,0.11204081632653061
4942,-0.03227279320566241,0.11206349206349206
4943,-0.033033162640492414,0.11208616780045351
4944,-0.03379335854879165,0.11210884353741496
4945,-0.03455335486188042,0.11213151927437642
4946,-0.0353131255039382,0.11215419501133787
4947,-0.03607264439296157,0.11217687074829932
4948,-0.03683188544172231,0.11219954648526077
4949,-0.03759082255872619,0.11222222222222222
4950,-0.038349429649171506,0.11224489795918367
4951,-0.03910768061590851,0.11226757369614512
4952,-0.039865549360398524,0.11229024943310657
4953,-0.04062300978367366,0.11231292517006802
4954,-0.04138003578729643,0.11233560090702947
4955,-0.04213660127431958,0.11235827664399092
4956,-0.04289268015024594,0.11238095238095239
4957,-0.04364824632398852,0.11240362811791384
4958,-0.044403273708830286,0.11242630385487529
4959,-0.04515773622338424,0.11244897959183674
4960,-0.04591160779255323,0.11247165532879819
4961,-0.046664862348489794,0.11249433106575964
4962,-0.04741747383155564,0.11251700680272109
4963,-0.04816941619128136,0.11253968253968254
4964,-0.048920663387325605,0.11256235827664399
4965,-0.04967118939043407,0.11258503401360544
4966,-0.050420968183398314,0.11260770975056689
4967,-0.05116997376201424,0.11263038548752835
4968,-0.051918180136040125,0.1126530612244898
4969,-0.052665561330154445,0.11267573696145125
4970,-0.05341209138491304,0.1126984126984127
4971,-0.05415774435770609,0.11272108843537415
4972,-0.05490249432371441,0.1127437641723356
4973,-0.0556463153768653,0.11276643990929705
4974,-0.056389181630787835,0.1127891156462585
4975,-0.05713106721976742,0.11281179138321995
4976,-0.05787194629970005,0.1128344671201814
4977,-0.05861179304904543,0.11285714285714285
4978,-0.05935058166977977,0.11287981859410431
4979,-0.06008828638834774,0.11290249433106576
4980,-0.06082488145661355,0.11292517006802721
4981,-0.061560341152811345,0.11294784580498866
4982,-0.06229463978249445,0.11297052154195011
4983,-0.0630277516794844,0.11299319727891156
4984,-0.06375965120681829,0.11301587301587301
4985,-0.06449031275769554,0.11303854875283446
4986,-0.06521971075642377,0.11306122448979591
4987,-0.06594781965936349,0.11308390022675736
4988,-0.06667461395587153,0.11310657596371881
4989,-0.06740006816924395,0.11312925170068028
4990,-0.06812415685765713,0.11315192743764173
4991,-0.06884685461510834,0.11317460317460318
4992,-0.06956813607235426,0.11319727891156463
4993,-0.07028797589784999,0.11321995464852608
4994,-0.07100634879868396,0.11324263038548753
4995,-0.07172322952151433,0.11326530612244898
4996,-0.07243859285350253,0.11328798185941043
4997,-0.07315241362324586,0.11331065759637188
4998,-0.07386466670170838,0.11333333333333333
4999,-0.07457532700315089,0.11335600907029479
5000,-0.07528436948605882,0.11337868480725624
5001,-0.07599176915406922,0.11340136054421769
5002,-0.07669750105689546,0.11342403628117914
5003,-0.07740154029125103,0.11344671201814059
5004,-0.07810386200177148,0.11346938775510204
5005,-0.07880444138193447,0.11349206349206349
5006,-0.07950325367497844,0.11351473922902494
5007,-0.08020027417481942,0.11353741496598639
5008,-0.0808954782269662,0.11356009070294784
5009,-0.08158884122943338,0.11358276643990929
5010,-0.08228033863365308,0.11360544217687076
5011,-0.08296994594538437,0.1136281179138322
5012,-0.08365763872562101,0.11365079365079366
5013,-0.08434339259149731,0.1136734693877551
5014,-0.08502718321719177,0.11369614512471655
5015,-0.08570898633482893,0.113718820861678
5016,-0.08638877773537929,0.11374149659863945
5017,-0.08706653326955682,0.1137641723356009
5018,-0.08774222884871474,0.11378684807256235
5019,-0.08841584044573883,0.1138095238095238
5020,-0.08908734409593892,0.11383219954648525
5021,-0.08975671589793782,0.11385487528344672
5022,-0.09042393201455834,0.11387755102040817
5023,-0.09108896867370794,0.11390022675736962
5024,-0.09175180216926083,0.11392290249433107
5025,-0.09241240886193823,0.11394557823129252
5026,-0.09307076518018575,0.11396825396825397
5027,-0.0937268476210487,0.11399092970521542
5028,-0.094380632751045,0.11401360544217687
5029,-0.09503209720703532,0.11403628117913832
5030,-0.0956812176970909,0.11405895691609977
5031,-0.09632797100135915,0.11408163265306122
5032,-0.09697233397292597,0.11410430839002268
5033,-0.09761428353867624,0.11412698412698413
5034,-0.09825379670015105,0.11414965986394558
5035,-0.09889085053440289,0.11417233560090703
5036,-0.09952542219484752,0.11419501133786848
5037,-0.10015748891211357,0.11421768707482993
5038,-0.10078702799488917,0.11424036281179138
5039,-0.101414016830766,0.11426303854875283
5040,-0.10203843288708017,0.11428571428571428
5041,-0.10266025371175058,0.11430839002267573
5042,-0.10327945693411425,0.11433106575963718
5043,-0.10389602026575886,0.11435374149659865
5044,-0.10450992150135213,0.1143764172335601
5045,-0.10512113851946842,0.11439909297052155
5046,-0.10572964928341214,0.114421768707483
5047,-0.10633543184203847,0.11444444444444445
5048,-0.10693846433057061,0.1144671201814059
5049,-0.10753872497141409,0.11448979591836735
5050,-0.10813619207496805,0.1145124716553288
5051,-0.10873084404043329,0.11453514739229025
5052,-0.10932265935661702,0.1145578231292517
5053,-0.10991161660273453,0.11458049886621315
5054,-0.11049769444920762,0.11460317460317461
5055,-0.11108087165845967,0.11462585034013606
5056,-0.11166112708570732,0.11464852607709751
5057,-0.11223843967974925,0.11467120181405896
5058,-0.11281278848375079,0.11469387755102041
5059,-0.11338415263602594,0.11471655328798186
5060,-0.11395251137081552,0.11473922902494331
5061,-0.11451784401906209,0.11476190476190476
5062,-0.11508013000918096,0.11478458049886621
5063,-0.11563934886782835,0.11480725623582766
5064,-0.11619548022066538,0.11482993197278911
5065,-0.11674850379311899,0.11485260770975057
5066,-0.11729839941113869,0.11487528344671202
5067,-0.11784514700195034,0.11489795918367347
5068,-0.11838872659480576,0.11492063492063492
5069,-0.11892911832172895,0.11494331065759637
5070,-0.11946630241825837,0.11496598639455782
5071,-0.12000025922418561,0.11498866213151927
5072,-0.12053096918429049,0.11501133786848072
5073,-0.12105841284907168,0.11503401360544217
5074,-0.12158257087547449,0.11505668934240362
5075,-0.12210342402761387,0.11507936507936507
5076,-0.1226209531774942,0.11510204081632654
5077,-0.12313513930572485,0.11512471655328799
5078,-0.12364596350223167,0.11514739229024944
5079,-0.12415340696696509,0.11517006802721089
5080,-0.12465745101060355,0.11519274376417234
5081,-0.12515807705525328,0.11521541950113379
5082,-0.12565526663514415,0.11523809523809524
5083,-0.12614900139732121,0.11526077097505669
5084,-0.12663926310233214,0.11528344671201814
5085,-0.1271260336249107,0.11530612244897959
5086,-0.12760929495465617,0.11532879818594104
5087,-0.12808902919670825,0.1153514739229025
5088,-0.12856521857241798,0.11537414965986395
5089,-0.12903784542001467,0.1153968253968254
5090,-0.129506892195268,0.11541950113378685
5091,-0.1299723414721465,0.1154421768707483
5092,-0.13043417594347123,0.11546485260770975
5093,-0.13089237842156543,0.1154875283446712
5094,-0.13134693183889976,0.11551020408163265
5095,-0.13179781924873313,0.1155328798185941
5096,-0.1322450238257491,0.11555555555555555
5097,-0.13268852886668808,0.115578231292517
5098,-0.13312831779097484,0.11560090702947846
5099,-0.13356437414134165,0.11562358276643991
5100,-0.1339966815844469,0.11564625850340136
5101,-0.13442522391148942,0.11566893424036281
5102,-0.1348499850388179,0.11569160997732426
5103,-0.1352709490085361,0.11571428571428571
5104,-0.13568809998910328,0.11573696145124716
5105,-0.13610142227593003,0.11575963718820861
5106,-0.1365109002919696,0.11578231292517006
5107,-0.13691651858830448,0.11580498866213151
5108,-0.13731826184472842,0.11582766439909296
5109,-0.13771611487032365,0.11585034013605443
5110,-0.13811006260403322,0.11587301587301588
5111,-0.13850009011522924,0.11589569160997733
5112,-0.13888618260427554,0.11591836734693878
5113,-0.13926832540308615,0.11594104308390023
5114,-0.1396465039756788,0.11596371882086168
5115,-0.14002070391872348,0.11598639455782313
5116,-0.14039091096208633,0.11600907029478458
5117,-0.14075711096936866,0.11603174603174603
5118,-0.1411192899384409,0.11605442176870748
5119,-0.14147743400197202,0.11607709750566893
5120,-0.05074499941027054,0.11609977324263039
5121,-0.050546212347737964,0.11612244897959184
5122,-0.05034411760565877,0.11614512471655329
5123,-0.05013871855777678,0.11616780045351474
5124,-0.049930018715395305,0.11619047619047619
5125,-0.049718021727284206,0.11621315192743764
5126,-0.04950273137958275,0.11623582766439909
5127,-0.0492841515956961,0.11625850340136054
5128,-0.049062286436187055,0.11628117913832199
5129,-0.04883714009866255,0.11630385487528344
5130,-0.0486087169176545,0.11632653061224489
5131,-0.04837702136449597,0.11634920634920635
5132,-0.048142058047191266,0.1163718820861678
5133,-0.04790383171028129,0.11639455782312925
5134,-0.047662347234703875,0.1164172335600907
5135,-0.047417609637647976,0.11643990929705215
5136,-0.04716962407240351,0.1164625850340136
5137,-0.04691839582820538,0.11648526077097505
5138,-0.046663930330072406,0.1165079365079365
5139,-0.04640623313864123,0.11653061224489795
5140,-0.04614530994999461,0.1165532879818594
5141,-0.045881166595484746,0.11657596371882087
5142,-0.04561380904155131,0.11659863945578232
5143,-0.045343243389534285,0.11662131519274377
5144,-0.045069475875481525,0.11664399092970522
5145,-0.044792512869951076,0.11666666666666667
5146,-0.044512360877808604,0.11668934240362812
5147,-0.044229026538019175,0.11671201814058957
5148,-0.043942516623434374,0.11673469387755102
5149,-0.04365283804057356,0.11675736961451247
5150,-0.043359997829400726,0.11678004535147392
5151,-0.04306400316309569,0.11680272108843537
5152,-0.04276486134782026,0.11682539682539683
5153,-0.04246257982247941,0.11684807256235828
5154,-0.04215716615847709,0.11687074829931973
5155,-0.04184862805946697,0.11689342403628118
5156,-0.041536973361098344,0.11691609977324263
5157,-0.04122221003075639,0.11693877551020408
5158,-0.04090434616729797,0.11696145124716553
5159,-0.04058339000078178,0.11698412698412698
5160,-0.04025934989219391,0.11700680272108843
5161,-0.03993223433316776,0.11702947845804988
5162,-0.03960205194569963,0.11705215419501133
5163,-0.03926881148185855,0.1170748299319728
5164,-0.038932521823491606,0.11709750566893425
5165,-0.038593191981923944,0.1171201814058957
5166,-0.03825083109765379,0.11714285714285715
5167,-0.037905448440042754,0.1171655328798186
5168,-0.03755705340700071,0.11718820861678005
5169,-0.03720565552466583,0.1172108843537415
5170,-0.03685126444708012,0.11723356009070295
5171,-0.036493889955859136,0.1172562358276644
5172,-0.03613354195985762,0.11727891156462585
5173,-0.03577023049482955,0.1173015873015873
5174,-0.035403965723083554,0.11732426303854876
5175,-0.03503475793313367,0.11734693877551021
5176,-0.03466261753934464,0.11736961451247166
5177,-0.03428755508157268,0.11739229024943311
5178,-0.033909581224801484,0.11741496598639456
5179,-0.03352870675877309,0.11743764172335601
5180,-0.033144942597614135,0.11746031746031746
5181,-0.03275829977945699,0.11748299319727891
5182,-0.03236878946605653,0.11750566893424036
5183,-0.03197642294240168,0.11752834467120181
5184,-0.03158121161632248,0.11755102040816326
5185,-0.03118316701809214,0.11757369614512472
5186,-0.030782300800024528,0.11759637188208617
5187,-0.030378624736066794,0.11761904761904762
5188,-0.02997215072138744,0.11764172335600907
5189,-0.029562890771959366,0.11766439909297052
5190,-0.029150857024138593,0.11768707482993197
5191,-0.02873606173423806,0.11770975056689342
5192,-0.028318517278096856,0.11773242630385487
5193,-0.02789823615064475,0.11775510204081632
5194,-0.027475230965462102,0.11777777777777777
5195,-0.027049514454335333,0.11780045351473922
5196,-0.026621099466807446,0.11782312925170069
5197,-0.026189998969724244,0.11784580498866214
5198,-0.025756226046775913,0.11786848072562359
5199,-0.025319793898034113,0.11789115646258504
5200,-0.024880715839484334,0.11791383219954649
5201,-0.024439005302554,0.11793650793650794
5202,-0.02399467583363587,0.11795918367346939
5203,-0.02354774109360715,0.11798185941043084
5204,-0.023098214857343955,0.11800453514739229
5205,-0.022646111013231433,0.11802721088435374
5206,-0.022191443562669482,0.11804988662131519
5207,-0.021734226619574096,0.11807256235827665
5208,-0.021274474409874008,0.1180952380952381
5209,-0.020812201271003576,0.11811791383219955
5210,-0.020347421651390668,0.118140589569161
5211,-0.019880150109940615,0.11816326530612245
5212,-0.019410401315515854,0.1181859410430839
5213,-0.018938190046410917,0.11820861678004535
5214,-0.01846353118982363,0.1182312925170068
5215,-0.01798643974132176,0.11825396825396825
5216,-0.017506930804305466,0.1182766439909297
5217,-0.017025019589465645,0.11829931972789115
5218,-0.016540721414237892,0.11832199546485261
5219,-0.01605405170225258,0.11834467120181406
5220,-0.015565025982780475,0.11836734693877551
5221,-0.015073659890174385,0.11839002267573696
5222,-0.014579969163306762,0.11841269841269841
5223,-0.014083969645003046,0.11843537414965986
5224,-0.013585677281470986,0.11845804988662131
5225,-0.013085108121726148,0.11848072562358276
5226,-0.012582278317012887,0.11850340136054421
5227,-0.012077204120221913,0.11852607709750566
5228,-0.011569901885303524,0.11854875283446711
5229,-0.011060388066676707,0.11857142857142858
5230,-0.010548679218634848,0.11859410430839003
5231,-0.010034791994747114,0.11861678004535148
5232,-0.009518743147255966,0.11863945578231293
5233,-0.009000549526470957,0.11866213151927438
5234,-0.008480228080158497,0.11868480725623583
5235,-0.007957795852928043,0.11870748299319728
5236,-0.00743326998561427,0.11873015873015873
5237,-0.006906667714655382,0.11875283446712018
5238,-0.006378006371468065,0.11877551020408163
5239,-0.005847303381818289,0.11879818594104308
5240,-0.005314576265188574,0.11882086167800454
5241,-0.004779842634141631,0.11884353741496599
5242,-0.0042431201936801565,0.11886621315192744
5243,-0.003704426740603216,0.11888888888888889
5244,-0.0031637801628588685,0.11891156462585034
5245,-0.0026211984388930347,0.11893424036281179
5246,-0.002076699636995291,0.11895691609977324
5247,-0.001530301914640611,0.11897959183673469
5248,-9.820235178279284E-4,0.11900226757369614
5249,-4.31882780414854E-4,0.11902494331065759
5250,1.2010187655055876E-4,0.11904761904761904
5251,6.739119455019919E-4,0.1190702947845805
5252,0.001229528833030194,0.11909297052154195
5253,0.0017869338605618328,0.1191156462585034
5254,0.0023461082650414675,0.11913832199546485
5255,0.002907033199617229,0.1191609977324263
5256,0.003469689734329583,0.11918367346938775
5257,0.004034058856803375,0.1192063492063492
5258,0.0046001214729432735,0.11922902494331065
5259,0.00516785840763229,0.1192517006802721
5260,0.00573725040543371,0.11927437641723355
5261,0.006308278131296002,0.119297052154195
5262,0.006880922171261055,0.11931972789115647
5263,0.007455163033175415,0.11934240362811792
5264,0.00803098114740472,0.11936507936507937
5265,0.00860835686755122,0.11938775510204082
5266,0.00918727047117426,0.11941043083900227
5267,0.00976770216051397,0.11943310657596372
5268,0.010349632063217533,0.11945578231292517
5269,0.010933040233069208,0.11947845804988662
5270,0.01151790665072239,0.11950113378684807
5271,0.012104211224435106,0.11952380952380952
5272,0.012691933790808546,0.11954648526077097
5273,0.013281054115527935,0.11956916099773243
5274,0.013871551894106646,0.11959183673469388
5275,0.014463406752633006,0.11961451247165533
5276,0.01505659824851983,0.11963718820861678
5277,0.015651105871256826,0.11965986394557823
5278,0.01624690904316555,0.11968253968253968
5279,0.01684398712015724,0.11970521541950113
5280,0.017442319392493147,0.11972789115646258
5281,0.018041885085547684,0.11975056689342403
5282,0.018642663360573967,0.11977324263038548
5283,0.019244633315472194,0.11979591836734693
5284,0.01984777398556025,0.1198185941043084
5285,0.02045206434434727,0.11984126984126985
5286,0.021057483304309232,0.1198639455782313
5287,0.02166400971766731,0.11988662131519275
5288,0.02227162237716865,0.1199092970521542
5289,0.02288030001686933,0.11993197278911565
5290,0.02349002131292005,0.1199546485260771
5291,0.02410076488435376,0.11997732426303855
5292,0.024712509293876007,0.12
5293,0.02532523304865733,0.12002267573696145
5294,0.025938914601127884,0.12004535147392291
5295,0.026553532349774447,0.12006802721088436
5296,0.027169064639939542,0.12009070294784581
5297,0.027785489764622823,0.12011337868480726
5298,0.028402785965284283,0.12013605442176871
5299,0.029020931432650134,0.12015873015873016
5300,0.029639904307520098,0.12018140589569161
5301,0.030259682681577468,0.12020408163265306
5302,0.030880244598200445,0.12022675736961451
5303,0.031501568053276,0.12024943310657596
5304,0.03212363099601555,0.12027210884353741
5305,0.03274641132977245,0.12029478458049887
5306,0.033369886912861475,0.12031746031746032
5307,0.0339940355593802,0.12034013605442177
5308,0.034618835040032055,0.12036281179138322
5309,0.0352442630829515,0.12038548752834467
5310,0.03587029737453055,0.12040816326530612
5311,0.03649691556024737,0.12043083900226757
5312,0.03712409524549641,0.12045351473922902
5313,0.0377518139964205,0.12047619047619047
5314,0.03838004934074399,0.12049886621315192
5315,0.039008778768608206,0.12052154195011337
5316,0.039637979733408005,0.12054421768707484
5317,0.04026762965263024,0.12056689342403629
5318,0.04089770590869333,0.12058956916099774
5319,0.04152818584978871,0.12061224489795919
5320,0.04215904679072357,0.12063492063492064
5321,0.042790266013764934,0.12065759637188209
5322,0.04342182076948543,0.12068027210884354
5323,0.04405368827761001,0.12070294784580499
5324,0.044685845727864396,0.12072562358276644
5325,0.045318270280824635,0.12074829931972789
5326,0.04595093906876786,0.12077097505668934
5327,0.0465838291965244,0.1207936507936508
5328,0.047216917742331194,0.12081632653061225
5329,0.047850181758685995,0.1208390022675737
5330,0.048483598273203275,0.12086167800453515
5331,0.049117144289470754,0.1208843537414966
5332,0.0497507967879071,0.12090702947845805
5333,0.05038453272662114,0.1209297052154195
5334,0.05101832904227123,0.12095238095238095
5335,0.05165216265092635,0.1209750566893424
5336,0.05228601044892797,0.12099773242630385
5337,0.05291984931375243,0.1210204081632653
5338,0.05355365610487475,0.12104308390022676
5339,0.05418740766463297,0.12106575963718821
5340,0.054821080819093405,0.12108843537414966
5341,0.05545465237891668,0.12111111111111111
5342,0.056088099140224446,0.12113378684807256
5343,0.056721397885466984,0.12115646258503401
5344,0.05735452538429123,0.12117913832199546
5345,0.05798745839440985,0.12120181405895691
5346,0.05862017366247044,0.12122448979591836
5347,0.059252647924925836,0.12124716553287981
5348,0.0598848579089044,0.12126984126984126
5349,0.060516780333081555,0.12129251700680273
5350,0.061148391908551036,0.12131519274376418
5351,0.061779669339697196,0.12133786848072563
5352,0.06241058932506753,0.12136054421768708
5353,0.06304112855824537,0.12138321995464853
5354,0.06367126372872332,0.12140589569160998
5355,0.06430097152277689,0.12142857142857143
5356,0.06493022862433817,0.12145124716553288
5357,0.06555901171587022,0.12147392290249433
5358,0.06618729747924126,0.12149659863945578
5359,0.0668150625965993,0.12151927437641723
5360,0.06744228375124697,0.12154195011337869
5361,0.06806893762851618,0.12156462585034014
5362,0.06869500091664327,0.12158730158730159
5363,0.06932045030764396,0.12160997732426304
5364,0.06994526249818836,0.12163265306122449
5365,0.07056941419047623,0.12165532879818594
5366,0.0711928820931117,0.12167800453514739
5367,0.0718156429219784,0.12170068027210884
5368,0.07243767340111434,0.12172335600907029
5369,0.07305895026358657,0.12174603174603174
5370,0.0736794502523657,0.12176870748299319
5371,0.07429915012120039,0.12179138321995465
5372,0.07491802663549124,0.1218140589569161
5373,0.07553605657316496,0.12183673469387755
5374,0.07615321672554762,0.121859410430839
5375,0.07676948389823812,0.12188208616780045
5376,0.0773848349119812,0.1219047619047619
5377,0.07799924660353888,0.12192743764172335
5378,0.07861269582656405,0.1219501133786848
5379,0.07922515945247112,0.12197278911564625
5380,0.07983661437130715,0.1219954648526077
5381,0.08044703749262266,0.12201814058956915
5382,0.08105640574634143,0.12204081632653062
5383,0.08166469608363004,0.12206349206349207
5384,0.08227188547776647,0.12208616780045352
5385,0.08287795092500842,0.12210884353741497
5386,0.08348286944546067,0.12213151927437642
5387,0.08408661808394166,0.12215419501133787
5388,0.08468917391084965,0.12217687074829932
5389,0.08529051402302777,0.12219954648526077
5390,0.08589061554462822,0.12222222222222222
5391,0.08648945562797603,0.12224489795918367
5392,0.08708701145443151,0.12226757369614512
5393,0.08768326023525175,0.12229024943310658
5394,0.08827817921245176,0.12231292517006803
5395,0.0888717456596638,0.12233560090702948
5396,0.0894639368829963,0.12235827664399093
5397,0.09005473022189157,0.12238095238095238
5398,0.09064410304998229,0.12240362811791383
5399,0.09123203277594696,0.12242630385487528
5400,0.0918184968443644,0.12244897959183673
5401,0.09240347273656675,0.12247165532879818
5402,0.09298693797149145,0.12249433106575963
5403,0.09356887010653196,0.12251700680272108
5404,0.09414924673838719,0.12253968253968255
5405,0.09472804550390963,0.122562358276644
5406,0.09530524408095208,0.12258503401360545
5407,0.0958808201892131,0.1226077097505669
5408,0.09645475159108097,0.12263038548752835
5409,0.09702701609247649,0.1226530612244898
5410,0.09759759154369368,0.12267573696145125
5411,0.09816645584023975,0.1226984126984127
5412,0.09873358692367304,0.12272108843537415
5413,0.09929896278243949,0.1227437641723356
5414,0.09986256145270768,0.12276643990929705
5415,0.10042436101920209,0.12278911564625851
5416,0.10098433961603474,0.12281179138321996
5417,0.10154247542753517,0.12283446712018141
5418,0.10209874668907859,0.12285714285714286
5419,0.10265313168791261,0.12287981859410431
5420,0.1032056087639817,0.12290249433106576
5421,0.10375615631075022,0.12292517006802721
5422,0.10430475277602345,0.12294784580498866
5423,0.10485137666276685,0.12297052154195011
5424,0.10539600652992324,0.12299319727891156
5425,0.10593862099322815,0.12301587301587301
5426,0.10647919872602325,0.12303854875283447
5427,0.1070177184600678,0.12306122448979592
5428,0.10755415898634785,0.12308390022675737
5429,0.10808849915588366,0.12310657596371882
5430,0.1086207178805348,0.12312925170068027
5431,0.10915079413380346,0.12315192743764172
5432,0.10967870695163516,0.12317460317460317
5433,0.1102044354332175,0.12319727891156462
5434,0.110727958741777,0.12321995464852607
5435,0.11124925610537309,0.12324263038548752
5436,0.11176830681769034,0.12326530612244897
5437,0.1122850902388281,0.12328798185941044
5438,0.11279958579608806,0.12331065759637189
5439,0.11331177298475914,0.12333333333333334
5440,0.11382163136890014,0.12335600907029479
5441,0.11432914058212043,0.12337868480725624
5442,0.11483428032835699,0.12340136054421769
5443,0.11533703038265039,0.12342403628117914
5444,0.1158373705919172,0.12344671201814059
5445,0.11633528087572058,0.12346938775510204
5446,0.11683074122703767,0.12349206349206349
5447,0.11732373171302507,0.12351473922902495
5448,0.11781423247578103,0.1235374149659864
5449,0.1183022237331055,0.12356009070294785
5450,0.11878768577925716,0.1235827664399093
5451,0.11927059898570797,0.12360544217687075
5452,0.11975094380189483,0.1236281179138322
5453,0.12022870075596868,0.12365079365079365
5454,0.12070385045554027,0.1236734693877551
5455,0.12117637358842409,0.12369614512471655
5456,0.12164625092337843,0.123718820861678
5457,0.12211346331084297,0.12374149659863945
5458,0.12257799168367371,0.12376417233560091
5459,0.12303981705787473,0.12378684807256236
5460,0.12349892053332669,0.12380952380952381
5461,0.12395528329451311,0.12383219954648526
5462,0.12440888661124269,0.12385487528344671
5463,0.12485971183936943,0.12387755102040816
5464,0.1253077404215092,0.12390022675736961
5465,0.12575295388775315,0.12392290249433106
5466,0.1261953338563785,0.12394557823129251
5467,0.1266348620345555,0.12396825396825396
5468,0.12707152021905196,0.12399092970521541
5469,0.12750529029693372,0.12401360544217688
5470,0.1279361542462626,0.12403628117913833
5471,0.12836409413679087,0.12405895691609978
5472,0.1287890921306522,0.12408163265306123
5473,0.1292111304830498,0.12410430839002268
5474,0.12963019154294045,0.12412698412698413
5475,0.1300462577537161,0.12414965986394558
5476,0.1304593116538813,0.12417233560090703
5477,0.13086933587772775,0.12419501133786848
5478,0.131276313156005,0.12421768707482993
5479,0.13168022631658793,0.12424036281179138
5480,0.13208105828514083,0.12426303854875284
5481,0.13247879208577754,0.12428571428571429
5482,0.1328734108417185,0.12430839002267574
5483,0.13326489777594408,0.12433106575963719
5484,0.13365323621184427,0.12435374149659864
5485,0.13403840957386462,0.12437641723356009
5486,0.13442040138814892,0.12439909297052154
5487,0.13479919528317794,0.12442176870748299
5488,0.13517477499040445,0.12444444444444444
5489,0.13554712434488464,0.12446712018140589
5490,0.1359162272859058,0.12448979591836734
5491,0.1362820678576103,0.1245124716553288
5492,0.1366446302096156,0.12453514739229025
5493,0.13700389859763054,0.1245578231292517
5494,0.13735985738406783,0.12458049886621315
5495,0.1377124910386528,0.1246031746031746
5496,0.13806178413902792,0.12462585034013605
5497,0.1384077213713538,0.1246485260770975
5498,0.138750287530906,0.12467120181405895
5499,0.13908946752266826,0.1246938775510204
5500,0.13942524636192097,0.12471655328798185
5501,0.13975760917482688,0.1247392290249433
5502,0.14008654119901137,0.12476190476190477
5503,0.1404120277841402,0.12478458049886622
5504,0.1407340543924913,0.12480725623582767
5505,0.14105260659952548,0.12482993197278912
5506,0.1413676700944489,0.12485260770975057
5507,0.1416792306807752,0.12487528344671202
5508,0.1419872742768814,0.12489795918367347
5509,0.14229178691656036,0.12492063492063492
5510,0.1425927547495688,0.12494331065759637
5511,0.14289016404217142,0.12496598639455782
5512,0.14318400117768015,0.12498866213151927
5513,0.14347425265699007,0.12501133786848073
5514,0.14376090509911024,0.12503401360544217
5515,0.14404394524169076,0.12505668934240363
5516,0.1443233599415452,0.12507936507936507
5517,0.14459913617516904,0.12510204081632653
5518,0.14487126103925319,0.125124716553288
5519,0.145139721751194,0.12514739229024943
5520,0.14540450564959817,0.1251700680272109
5521,0.1456656001947832,0.12519274376417233
5522,0.14592299296927416,0.1252154195011338
5523,0.14617667167829546,0.12523809523809523
5524,0.14642662415025795,0.1252607709750567
5525,0.1466728383372422,0.12528344671201813
5526,0.1469153023154767,0.1253061224489796
5527,0.14715400428581185,0.12532879818594103
5528,0.14738893257418934,0.1253514739229025
5529,0.14762007563210686,0.12537414965986396
5530,0.14784742203707846,0.1253968253968254
5531,0.14807096049309018,0.12541950113378686
5532,0.1482906798310511,0.1254421768707483
5533,0.14850656900923967,0.12546485260770976
5534,0.14871861711374545,0.1254875283446712
5535,0.14892681335890667,0.12551020408163266
5536,0.14913114708774194,0.1255328798185941
5537,0.1493316077723788,0.12555555555555556
5538,0.1495281850144762,0.125578231292517
5539,0.14972086854564293,0.12560090702947846
5540,0.1499096482278515,0.12562358276643992
5541,0.15009451405384663,0.12564625850340136
5542,0.1502754561475495,0.12566893424036282
5543,0.15045246476445692,0.12569160997732426
5544,0.15062553029203596,0.12571428571428572
5545,0.1507946432501134,0.12573696145124716
5546,0.15095979429126063,0.12575963718820862
5547,0.15112097420117387,0.12578231292517006
5548,0.15127817389904888,0.12580498866213152
5549,0.15143138443795143,0.12582766439909296
5550,0.1515805970051826,0.12585034013605442
5551,0.15172580292263932,0.1258730158730159
5552,0.15186699364716982,0.12589569160997732
5553,0.15200416077092418,0.1259183673469388
5554,0.15213729602170006,0.12594104308390022
5555,0.15226639126328342,0.1259637188208617
5556,0.1523914384957841,0.12598639455782312
5557,0.15251242985596683,0.1260090702947846
5558,0.15262935761757662,0.12603174603174602
5559,0.15274221419165984,0.1260544217687075
5560,0.15285099212687975,0.12607709750566892
5561,0.15295568410982702,0.1260997732426304
5562,0.15305628296532595,0.12612244897959185
5563,0.1531527816567343,0.1261451247165533
5564,0.15324517328623927,0.12616780045351475
5565,0.15333345109514782,0.1261904761904762
5566,0.153417608464172,0.12621315192743765
5567,0.15349763891370916,0.1262358276643991
5568,0.15357353610411692,0.12625850340136055
5569,0.15364529383598383,0.126281179138322
5570,0.1537129060503932,0.12630385487528345
5571,0.15377636682918353,0.12632653061224489
5572,0.15383567039520285,0.12634920634920635
5573,0.15389081111255837,0.1263718820861678
5574,0.1539417834868601,0.12639455782312925
5575,0.15398858216546057,0.1264172335600907
5576,0.15403120193768818,0.12643990929705215
5577,0.1540696377350762,0.1264625850340136
5578,0.15410388463158586,0.12648526077097505
5579,0.1541339378438248,0.1265079365079365
5580,0.1541597927312599,0.12653061224489795
5581,0.15418144479642532,0.1265532879818594
5582,0.1541988896851244,0.12657596371882085
5583,0.15421212318662758,0.1265986394557823
5584,0.154221141233864,0.12662131519274378
5585,0.15422593990360814,0.1266439909297052
5586,0.1542265154166616,0.12666666666666668
5587,0.15422286413802902,0.1266893424036281
5588,0.15421498257708882,0.12671201814058958
5589,0.15420286738775923,0.126734693877551
5590,0.15418651536865807,0.12675736961451248
5591,0.15416592346325783,0.1267800453514739
5592,0.15414108876003565,0.12680272108843538
5593,0.1541120084926171,0.1268253968253968
5594,0.15407868003991557,0.12684807256235828
5595,0.15404110092626577,0.12687074829931974
5596,0.15399926882155207,0.12689342403628118
5597,0.1539531815413316,0.12691609977324264
5598,0.15390283704695149,0.12693877551020408
5599,0.1538482334456617,0.12696145124716554
5600,0.1537893689907214,0.12698412698412698
5601,0.1537262420815012,0.12700680272108844
5602,0.15365885126357837,0.12702947845804988
5603,0.15358719522882858,0.12705215419501134
5604,0.15351127281551089,0.12707482993197278
5605,0.15343108300834782,0.12709750566893424
5606,0.1533466249386001,0.1271201814058957
5607,0.15325789788413618,0.12714285714285714
5608,0.1531649012694957,0.1271655328798186
5609,0.15306763466594842,0.12718820861678004
5610,0.15296609779154702,0.1272108843537415
5611,0.15286029051117533,0.12723356009070294
5612,0.15275021283659007,0.1272562358276644
5613,0.15263586492645814,0.12727891156462584
5614,0.15251724708638806,0.1273015873015873
5615,0.15239435976895627,0.12732426303854874
5616,0.15226720357372775,0.1273469387755102
5617,0.1521357792472711,0.12736961451247167
5618,0.15200008768316886,0.1273922902494331
5619,0.1518601299220219,0.12741496598639457
5620,0.15171590715144861,0.127437641723356
5621,0.1515674207060782,0.12746031746031747
5622,0.1514146720675396,0.1274829931972789
5623,0.15125766286444384,0.12750566893424037
5624,0.15109639487236196,0.1275283446712018
5625,0.15093087001379657,0.12755102040816327
5626,0.1507610903581491,0.1275736961451247
5627,0.15058705812168077,0.12759637188208617
5628,0.1504087756674683,0.12761904761904763
5629,0.15022624550535477,0.12764172335600907
5630,0.1500394702918942,0.12766439909297053
5631,0.14984845283029177,0.12768707482993197
5632,-0.010217335384954094,0.12770975056689343
5633,-0.01054744664482269,0.12773242630385487
5634,-0.010879469095202342,0.12775510204081633
5635,-0.01121339174055859,0.12777777777777777
5636,-0.011549203494401417,0.12780045351473923
5637,-0.011886893179688718,0.12782312925170067
5638,-0.012226449529233262,0.12784580498866213
5639,-0.012567861186113263,0.1278684807256236
5640,-0.01291111670408664,0.12789115646258503
5641,-0.013256204548008538,0.1279138321995465
5642,-0.013603113094252745,0.12793650793650793
5643,-0.013951830631136235,0.1279591836734694
5644,-0.014302345359347598,0.12798185941043083
5645,-0.01465464539237862,0.1280045351473923
5646,-0.015008718756959558,0.12802721088435373
5647,-0.015364553393497703,0.1280498866213152
5648,-0.015722137156519506,0.12807256235827663
5649,-0.01608145781511605,0.1280952380952381
5650,-0.016442503053392003,0.12811791383219956
5651,-0.016805260470917762,0.128140589569161
5652,-0.017169717583185196,0.12816326530612246
5653,-0.017535861822066644,0.1281859410430839
5654,-0.017903680536277222,0.12820861678004536
5655,-0.018273160991840384,0.1282312925170068
5656,-0.01864429037255695,0.12825396825396826
5657,-0.019017055780477382,0.1282766439909297
5658,-0.019391444236377134,0.12829931972789116
5659,-0.019767442680235447,0.1283219954648526
5660,-0.020145037971717267,0.12834467120181406
5661,-0.02052421689065853,0.12836734693877552
5662,-0.02090496613755436,0.12839002267573696
5663,-0.02128727233405068,0.12841269841269842
5664,-0.02167112202343892,0.12843537414965986
5665,-0.022056501671153764,0.12845804988662132
5666,-0.02244339766527409,0.12848072562358276
5667,-0.022831796317027128,0.12850340136054422
5668,-0.02322168386129536,0.12852607709750566
5669,-0.02361304645712694,0.12854875283446712
5670,-0.02400587018824874,0.12857142857142856
5671,-0.02440014106358259,0.12859410430839002
5672,-0.024795845017764627,0.1286167800453515
5673,-0.025192967911667384,0.12863945578231292
5674,-0.0255914955329251,0.1286621315192744
5675,-0.0259914135964618,0.12868480725623582
5676,-0.026392707745022274,0.1287074829931973
5677,-0.026795363549706228,0.12873015873015872
5678,-0.027199366510504926,0.1287528344671202
5679,-0.027604702056840985,0.12877551020408162
5680,-0.028011355548110906,0.1287981859410431
5681,-0.028419312274230557,0.12882086167800452
5682,-0.028828557456183145,0.128843537414966
5683,-0.029239076246570343,0.12886621315192745
5684,-0.02965085373016592,0.1288888888888889
5685,-0.030063874924472274,0.12891156462585035
5686,-0.03047812478027962,0.1289342403628118
5687,-0.03089358818222771,0.12895691609977325
5688,-0.031310249949370574,0.12897959183673469
5689,-0.03172809483574369,0.12900226757369615
5690,-0.03214710753093378,0.12902494331065759
5691,-0.03256727266065135,0.12904761904761905
5692,-0.03298857478730556,0.12907029478458049
5693,-0.03341099841058222,0.12909297052154195
5694,-0.0338345279680236,0.1291156462585034
5695,-0.03425914783561127,0.12913832199546485
5696,-0.03468484232835134,0.1291609977324263
5697,-0.03511159570086217,0.12918367346938775
5698,-0.03553939214796438,0.1292063492063492
5699,-0.035968215805273616,0.12922902494331065
5700,-0.036398050749795414,0.1292517006802721
5701,-0.036828881000522715,0.12927437641723355
5702,-0.03726069051903558,0.129297052154195
5703,-0.037693463210103306,0.12931972789115645
5704,-0.03812718292228891,0.1293424036281179
5705,-0.038561833448555884,0.12936507936507938
5706,-0.03899739852687721,0.1293877551020408
5707,-0.0394338618408466,0.12941043083900228
5708,-0.03987120702029214,0.1294331065759637
5709,-0.040309417641891956,0.12945578231292518
5710,-0.040748477229792184,0.1294784580498866
5711,-0.041188369256226987,0.12950113378684808
5712,-0.041629077142140904,0.1295238095238095
5713,-0.042070584257813064,0.12954648526077098
5714,-0.04251287392348378,0.1295691609977324
5715,-0.042955929409983,0.12959183673469388
5716,-0.043399733939360884,0.12961451247165534
5717,-0.04384427068552039,0.12963718820861678
5718,-0.044289522774851924,0.12965986394557824
5719,-0.04473547328686977,0.12968253968253968
5720,-0.045182105254850856,0.12970521541950114
5721,-0.0456294016664749,0.12972789115646258
5722,-0.04607734546446711,0.12975056689342404
5723,-0.0465259195472421,0.12977324263038548
5724,-0.04697510676955015,0.12979591836734694
5725,-0.047424889943125194,0.12981859410430838
5726,-0.047875251837334404,0.12984126984126984
5727,-0.04832617517982972,0.1298639455782313
5728,-0.04877764265720125,0.12988662131519274
5729,-0.0492296369156322,0.1299092970521542
5730,-0.04968214056155551,0.12993197278911564
5731,-0.050135136162312376,0.1299546485260771
5732,-0.05058860624681229,0.12997732426303854
5733,-0.051042533306194605,0.13
5734,-0.05149689979449207,0.13002267573696144
5735,-0.051951688129295466,0.1300453514739229
5736,-0.05240688069242026,0.13006802721088434
5737,-0.052862459830574374,0.1300907029478458
5738,-0.05331840785602794,0.13011337868480727
5739,-0.05377470704728404,0.1301360544217687
5740,-0.0542313396497512,0.13015873015873017
5741,-0.054688287876417344,0.1301814058956916
5742,-0.055145533908525016,0.13020408163265307
5743,-0.0556030598962479,0.1302267573696145
5744,-0.05606084795936908,0.13024943310657597
5745,-0.05651888018796014,0.1302721088435374
5746,-0.056977138643062,0.13029478458049887
5747,-0.05743560535736673,0.1303174603174603
5748,-0.05789426233590077,0.13034013605442177
5749,-0.05835309155670931,0.13036281179138323
5750,-0.058812074971542005,0.13038548752834467
5751,-0.05927119450653957,0.13040816326530613
5752,-0.059730432062921904,0.13043083900226757
5753,-0.060189769517677044,0.13045351473922903
5754,-0.0606491887242514,0.13047619047619047
5755,-0.06110867151324094,0.13049886621315193
5756,-0.061568199693083386,0.13052154195011337
5757,-0.06202775505075178,0.13054421768707483
5758,-0.0624873193524485,0.13056689342403627
5759,-0.06294687434430064,0.13058956916099773
5760,-0.06340640175305606,0.1306122448979592
5761,-0.06386588328678114,0.13063492063492063
5762,-0.06432530063555775,0.1306575963718821
5763,-0.06478463547218297,0.13068027210884353
5764,-0.06524386945286834,0.130702947845805
5765,-0.06570298421794066,0.13072562358276643
5766,-0.06616196139254313,0.1307482993197279
5767,-0.06662078258733735,0.13077097505668933
5768,-0.06707942939920636,0.1307936507936508
5769,-0.06753788341195785,0.13081632653061223
5770,-0.06799612619702847,0.1308390022675737
5771,-0.06845413931418869,0.13086167800453516
5772,-0.0689119043122481,0.1308843537414966
5773,-0.06936940272976161,0.13090702947845806
5774,-0.06982661609573591,0.1309297052154195
5775,-0.07028352593033675,0.13095238095238096
5776,-0.07074011374559659,0.1309750566893424
5777,-0.07119636104612256,0.13099773242630386
5778,-0.07165224932980548,0.1310204081632653
5779,-0.0721077600885285,0.13104308390022676
5780,-0.07256287480887688,0.1310657596371882
5781,-0.07301757497284778,0.13108843537414966
5782,-0.0734718420585603,0.13111111111111112
5783,-0.07392565754096622,0.13113378684807256
5784,-0.07437900289256076,0.13115646258503402
5785,-0.07483185958409372,0.13117913832199546
5786,-0.0752842090852808,0.13120181405895692
5787,-0.07573603286551525,0.13122448979591836
5788,-0.07618731239457964,0.13124716553287982
5789,-0.0766380291433578,0.13126984126984126
5790,-0.0770881645845469,0.13129251700680272
5791,-0.0775377001933697,0.13131519274376416
5792,-0.0779866174482868,0.13133786848072562
5793,-0.07843489783170904,0.1313605442176871
5794,-0.07888252283070983,0.13138321995464852
5795,-0.07932947393773761,0.13140589569161
5796,-0.07977573265132813,0.13142857142857142
5797,-0.08022128047681693,0.1314512471655329
5798,-0.08066609892705144,0.13147392290249432
5799,-0.0811101695231032,0.1314965986394558
5800,-0.08155347379497983,0.13151927437641722
5801,-0.08199599328233702,0.1315419501133787
5802,-0.08243770953519007,0.13156462585034012
5803,-0.08287860411462541,0.13158730158730159
5804,-0.08331865859351191,0.13160997732426305
5805,-0.08375785455721171,0.13163265306122449
5806,-0.08419617360429113,0.13165532879818595
5807,-0.08463359734723068,0.13167800453514739
5808,-0.0850701074131355,0.13170068027210885
5809,-0.08550568544444473,0.13172335600907029
5810,-0.0859403130996408,0.13174603174603175
5811,-0.08637397205395833,0.13176870748299319
5812,-0.0868066440000925,0.13179138321995465
5813,-0.08723831064890694,0.1318140589569161
5814,-0.0876689537301411,0.13183673469387755
5815,-0.08809855499311704,0.131859410430839
5816,-0.08852709620744595,0.13188208616780045
5817,-0.08895455916373365,0.1319047619047619
5818,-0.08938092567428577,0.13192743764172335
5819,-0.08980617757381232,0.1319501133786848
5820,-0.09023029672013122,0.13197278911564625
5821,-0.09065326499487175,0.1319954648526077
5822,-0.09107506430417667,0.13201814058956915
5823,-0.09149567657940397,0.1320408163265306
5824,-0.09191508377782774,0.13206349206349208
5825,-0.09233326788333832,0.1320861678004535
5826,-0.0927502109071413,0.13210884353741498
5827,-0.09316589488845618,0.1321315192743764
5828,-0.0935803018952137,0.13215419501133788
5829,-0.09399341402475254,0.1321768707482993
5830,-0.09440521340451506,0.13219954648526078
5831,-0.09481568219274181,0.1322222222222222
5832,-0.09522480257916552,0.13224489795918368
5833,-0.09563255678570358,0.1322675736961451
5834,-0.09603892706714995,0.13229024943310658
5835,-0.09644389571186565,0.13231292517006804
5836,-0.09684744504246834,0.13233560090702948
5837,-0.09724955741652068,0.13235827664399094
5838,-0.09765021522721777,0.13238095238095238
5839,-0.098049400904073,0.13240362811791384
5840,-0.09844709691360336,0.13242630385487528
5841,-0.09884328576001257,0.13244897959183674
5842,-0.09923794998587415,0.13247165532879818
5843,-0.09963107217281217,0.13249433106575964
5844,-0.10002263494218123,0.13251700680272108
5845,-0.10041262095574527,0.13253968253968254
5846,-0.10080101291635436,0.132562358276644
5847,-0.10118779356862077,0.13258503401360544
5848,-0.10157294569959358,0.1326077097505669
5849,-0.10195645213943123,0.13263038548752834
5850,-0.10233829576207355,0.1326530612244898
5851,-0.1027184594859115,0.13267573696145124
5852,-0.10309692627445591,0.1326984126984127
5853,-0.10347367913700453,0.13272108843537414
5854,-0.10384870112930748,0.1327437641723356
5855,-0.10422197535423118,0.13276643990929704
5856,-0.1045934849624206,0.1327891156462585
5857,-0.10496321315296013,0.13281179138321997
5858,-0.1053311431740324,0.1328344671201814
5859,-0.10569725832357571,0.13285714285714287
5860,-0.10606154194993972,0.1328798185941043
5861,-0.10642397745253929,0.13290249433106577
5862,-0.10678454828250673,0.1329251700680272
5863,-0.10714323794334206,0.13294784580498867
5864,-0.1075000299915618,0.1329705215419501
5865,-0.10785490803734538,0.13299319727891157
5866,-0.10820785574518041,0.133015873015873
5867,-0.10855885683450546,0.13303854875283447
5868,-0.1089078950803513,0.13306122448979593
5869,-0.10925495431397994,0.13308390022675737
5870,-0.10960001842352211,0.13310657596371883
5871,-0.10994307135461226,0.13312925170068027
5872,-0.1102840971110221,0.13315192743764173
5873,-0.11062307975529156,0.13317460317460317
5874,-0.1109600034093582,0.13319727891156463
5875,-0.1112948522551842,0.13321995464852607
5876,-0.11162761053538159,0.13324263038548753
5877,-0.11195826255383483,0.13326530612244897
5878,-0.11228679267632195,0.13328798185941043
5879,-0.11261318533113286,0.1333106575963719
5880,-0.1129374250096859,0.13333333333333333
5881,-0.11325949626714206,0.1333560090702948
5882,-0.11357938372301675,0.13337868480725623
5883,-0.11389707206178984,0.1334013605442177
5884,-0.11421254603351272,0.13342403628117913
5885,-0.11452579045441363,0.1334467120181406
5886,-0.11483679020750041,0.13346938775510203
5887,-0.11514553024316085,0.1334920634920635
5888,-0.1154519955797612,0.13351473922902493
5889,-0.11575617130424026,0.1335374149659864
5890,-0.116058042572705,0.13356009070294786
5891,-0.11635759461101954,0.1335827664399093
5892,-0.11665481271539427,0.13360544217687076
5893,-0.11694968225297132,0.1336281179138322
5894,-0.11724218866240815,0.13365079365079366
5895,-0.11753231745445808,0.1336734693877551
5896,-0.11782005421254885,0.13369614512471656
5897,-0.11810538459335788,0.133718820861678
5898,-0.11838829432738569,0.13374149659863946
5899,-0.11866876921952614,0.1337641723356009
5900,-0.1189467951496343,0.13378684807256236
5901,-0.11922235807309152,0.13380952380952382
5902,-0.11949544402136786,0.13383219954648526
5903,-0.11976603910258188,0.13385487528344672
5904,-0.12003412950205779,0.13387755102040816
5905,-0.12029970148287922,0.13390022675736962
5906,-0.12056274138644127,0.13392290249433106
5907,-0.12082323563299882,0.13394557823129252
5908,-0.12108117072221258,0.13396825396825396
5909,-0.12133653323369208,0.13399092970521542
5910,-0.12158930982753587,0.13401360544217686
5911,-0.12183948724486865,0.13403628117913832
5912,-0.12208705230837616,0.1340589569160998
5913,-0.12233199192283598,0.13408163265306122
5914,-0.12257429307564673,0.1341043083900227
5915,-0.12281394283735327,0.13412698412698412
5916,-0.12305092836216944,0.1341496598639456
5917,-0.12328523688849773,0.13417233560090702
5918,-0.12351685573944582,0.1341950113378685
5919,-0.12374577232334014,0.13421768707482992
5920,-0.12397197413423645,0.13424036281179139
5921,-0.12419544875242716,0.13426303854875282
5922,-0.1244161838449458,0.13428571428571429
5923,-0.12463416716606808,0.13430839002267575
5924,-0.12484938655781011,0.13433106575963719
5925,-0.12506182995042325,0.13435374149659865
5926,-0.12527148536288601,0.13437641723356009
5927,-0.12547834090339224,0.13439909297052155
5928,-0.12568238476983706,0.13442176870748299
5929,-0.12588360525029843,0.13444444444444445
5930,-0.12608199072351642,0.13446712018140589
5931,-0.1262775296593685,0.13448979591836735
5932,-0.12647021061934227,0.13451247165532879
5933,-0.126660022257004,0.13453514739229025
5934,-0.12684695331846477,0.1345578231292517
5935,-0.1270309926428425,0.13458049886621315
5936,-0.1272121291627213,0.1346031746031746
5937,-0.12739035190460662,0.13462585034013605
5938,-0.12756564998937808,0.1346485260770975
5939,-0.12773801263273776,0.13467120181405895
5940,-0.12790742914565612,0.1346938775510204
5941,-0.12807388893481336,0.13471655328798185
5942,-0.1282373815030386,0.1347392290249433
5943,-0.12839789644974434,0.13476190476190475
5944,-0.12855542347135837,0.1347845804988662
5945,-0.12870995236175153,0.13480725623582768
5946,-0.12886147301266235,0.1348299319727891
5947,-0.1290099754141181,0.13485260770975058
5948,-0.12915544965485187,0.134875283446712
5949,-0.1292978859227167,0.13489795918367348
5950,-0.1294372745050957,0.1349206349206349
5951,-0.12957360578930854,0.13494331065759638
5952,-0.12970687026301456,0.1349659863945578
5953,-0.12983705851461236,0.13498866213151928
5954,-0.12996416123363497,0.1350113378684807
5955,-0.1300881692111423,0.13503401360544218
5956,-0.13020907334010934,0.13505668934240364
5957,-0.1303268646158109,0.13507936507936508
5958,-0.1304415341362023,0.13510204081632654
5959,-0.13055307310229697,0.13512471655328798
5960,-0.13066147281853965,0.13514739229024944
5961,-0.1307667246931759,0.13517006802721088
5962,-0.13086882023861857,0.13519274376417234
5963,-0.13096775107180947,0.13521541950113378
5964,-0.13106350891457794,0.13523809523809524
5965,-0.13115608559399528,0.13526077097505668
5966,-0.13124547304272546,0.13528344671201814
5967,-0.13133166329937207,0.1353061224489796
5968,-0.1314146485088213,0.13532879818594104
5969,-0.13149442092258087,0.1353514739229025
5970,-0.1315709728991155,0.13537414965986394
5971,-0.1316442969041783,0.1353968253968254
5972,-0.13171438551113798,0.13541950113378684
5973,-0.1317812314013026,0.1354421768707483
5974,-0.13184482736423908,0.13546485260770974
5975,-0.13190516629808877,0.1354875283446712
5976,-0.13196224120987943,0.13551020408163264
5977,-0.13201604521583238,0.1355328798185941
5978,-0.132066571541667,0.13555555555555557
5979,-0.1321138135228997,0.135578231292517
5980,-0.13215776460514034,0.13560090702947847
5981,-0.1321984183443834,0.1356235827664399
5982,-0.13223576840729603,0.13564625850340137
5983,-0.1322698085715016,0.1356689342403628
5984,-0.13230053272585918,0.13569160997732427
5985,-0.1323279348707392,0.1357142857142857
5986,-0.13235200911829512,0.13573696145124717
5987,-0.13237274969273016,0.1357596371882086
5988,-0.13239015093056142,0.13578231292517007
5989,-0.1324042072808784,0.13580498866213153
5990,-0.13241491330559846,0.13582766439909297
5991,-0.13242226367971754,0.13585034013605443
5992,-0.13242625319155726,0.13587301587301587
5993,-0.13242687674300713,0.13589569160997733
5994,-0.13242412934976341,0.13591836734693877
5995,-0.13241800614156346,0.13594104308390023
5996,-0.13240850236241583,0.13596371882086167
5997,-0.13239561337082612,0.13598639455782313
5998,-0.13237933464001908,0.13600907029478457
5999,-0.13235966175815583,0.13603174603174603
6000,-0.1323365904285478,0.1360544217687075
6001,-0.13231011646986535,0.13607709750566893
6002,-0.13228023581634302,0.1360997732426304
6003,-0.13224694451798022,0.13612244897959183
6004,-0.13221023874073784,0.1361451247165533
6005,-0.13217011476673007,0.13616780045351473
6006,-0.13212656899441286,0.1361904761904762
6007,-0.13207959793876728,0.13621315192743763
6008,-0.13202919823147935,0.1362358276643991
6009,-0.13197536662111467,0.13625850340136053
6010,-0.13191809997328974,0.136281179138322
6011,-0.1318573952708384,0.13630385487528346
6012,-0.1317932496139741,0.1363265306122449
6013,-0.13172566022044788,0.13634920634920636
6014,-0.13165462442570203,0.1363718820861678
6015,-0.13158013968301951,0.13639455782312926
6016,-0.13150220356366865,0.1364172335600907
6017,-0.1314208137570449,0.13643990929705216
6018,-0.13133596807080566,0.1364625850340136
6019,-0.13124766443100333,0.13648526077097506
6020,-0.13115590088221263,0.1365079365079365
6021,-0.131060675587654,0.13653061224489796
6022,-0.1309619868293127,0.13655328798185942
6023,-0.13085983300805304,0.13657596371882086
6024,-0.13075421264372897,0.13659863945578232
6025,-0.13064512437528983,0.13662131519274376
6026,-0.1305325669608816,0.13664399092970522
6027,-0.13041653927794453,0.13666666666666666
6028,-0.13029704032330522,0.13668934240362812
6029,-0.1301740692132654,0.13671201814058956
6030,-0.13004762518368582,0.13673469387755102
6031,-0.12991770759006538,0.13675736961451246
6032,-0.12978431590761702,0.13678004535147392
6033,-0.12964744973133757,0.1368027210884354
6034,-0.12950710877607488,0.13682539682539682
6035,-0.12936329287658924,0.13684807256235829
6036,-0.12921600198761096,0.13687074829931972
6037,-0.12906523618389376,0.13689342403628119
6038,-0.12891099566026304,0.13691609977324262
6039,-0.12875328073166037,0.13693877551020409
6040,-0.12859209183318343,0.13696145124716552
6041,-0.1284274295201211,0.13698412698412699
6042,-0.12825929446798465,0.13700680272108842
6043,-0.12808768747253438,0.13702947845804989
6044,-0.12791260944980154,0.13705215419501135
6045,-0.12773406143610633,0.13707482993197279
6046,-0.12755204458807073,0.13709750566893425
6047,-0.1273665601826277,0.13712018140589569
6048,-0.12717760961702562,0.13714285714285715
6049,-0.12698519440882783,0.13716553287981859
6050,-0.12678931619590872,0.13718820861678005
6051,-0.1265899767364446,0.13721088435374149
6052,-0.12638717790890008,0.13723356009070295
6053,-0.12618092171201079,0.13725623582766439
6054,-0.12597121026476094,0.13727891156462585
6055,-0.1257580458063566,0.1373015873015873
6056,-0.12554143069619494,0.13732426303854875
6057,-0.12532136741382832,0.1373469387755102
6058,-0.12509785855892475,0.13736961451247165
6059,-0.12487090685122335,0.1373922902494331
6060,-0.12464051513048552,0.13741496598639455
6061,-0.12440668635644168,0.137437641723356
6062,-0.1241694236087339,0.13746031746031745
6063,-0.12392873008685346,0.1374829931972789
6064,-0.12368460911007467,0.13750566893424035
6065,-0.1234370641173838,0.1375283446712018
6066,-0.12318609866740377,0.13755102040816328
6067,-0.12293171643831424,0.1375736961451247
6068,-0.12267392122776784,0.13759637188208618
6069,-0.12241271695280115,0.1376190476190476
6070,-0.12214810764974199,0.13764172335600908
6071,-0.12188009747411196,0.1376643990929705
6072,-0.12160869070052466,0.13768707482993198
6073,-0.12133389172257927,0.1377097505668934
6074,-0.1210557050527504,0.13773242630385488
6075,-0.12077413532227277,0.1377551020408163
6076,-0.12048918728102179,0.13777777777777778
6077,-0.12020086579739014,0.13780045351473924
6078,-0.11990917585815927,0.13782312925170068
6079,-0.11961412256836713,0.13784580498866214
6080,-0.1193157111511711,0.13786848072562358
6081,-0.11901394694770705,0.13789115646258504
6082,-0.11870883541694326,0.13791383219954648
6083,-0.11840038213553092,0.13793650793650794
6084,-0.11808859279764929,0.13795918367346938
6085,-0.11777347321484755,0.13798185941043084
6086,-0.11745502931588159,0.13800453514739228
6087,-0.11713326714654639,0.13802721088435374
6088,-0.11680819286950483,0.1380498866213152
6089,-0.11647981276411126,0.13807256235827664
6090,-0.11614813322623149,0.1380952380952381
6091,-0.11581316076805792,0.13811791383219954
6092,-0.11547490201792072,0.138140589569161
6093,-0.11513336372009467,0.13816326530612244
6094,-0.11478855273460141,0.1381859410430839
6095,-0.11444047603700779,0.13820861678004534
6096,-0.11408914071821988,0.1382312925170068
6097,-0.11373455398427226,0.13825396825396824
6098,-0.11337672315611366,0.1382766439909297
6099,-0.11301565566938815,0.13829931972789117
6100,-0.11265135907421178,0.1383219954648526
6101,-0.11228384103494529,0.13834467120181407
6102,-0.11191310932996262,0.1383673469387755
6103,-0.11153917185141482,0.13839002267573697
6104,-0.11116203660499052,0.1384126984126984
6105,-0.11078171170967091,0.13843537414965987
6106,-0.110398205397482,0.1384580498866213
6107,-0.1100115260132416,0.13848072562358277
6108,-0.10962168201430275,0.1385034013605442
6109,-0.10922868197029237,0.13852607709750567
6110,-0.10883253456284644,0.13854875283446713
6111,-0.10843324858534056,0.13857142857142857
6112,-0.10803083294261653,0.13859410430839003
6113,-0.10762529665070475,0.13861678004535147
6114,-0.10721664883654249,0.13863945578231293
6115,-0.10680489873768814,0.13866213151927437
6116,-0.10639005570203124,0.13868480725623583
6117,-0.1059721291874984,0.13870748299319727
6118,-0.10555112876175538,0.13873015873015873
6119,-0.10512706410190462,0.1387528344671202
6120,-0.10469994499417946,0.13877551020408163
6121,-0.1042697813336334,0.1387981859410431
6122,-0.10383658312382599,0.13882086167800453
6123,-0.10340036047650455,0.138843537414966
6124,-0.10296112361128174,0.13886621315192743
6125,-0.10251888285530902,0.1388888888888889
6126,-0.1020736486429465,0.13891156462585033
6127,-0.10162543151542866,0.1389342403628118
6128,-0.10117424212052584,0.13895691609977323
6129,-0.1007200912122019,0.1389795918367347
6130,-0.1002629896502684,0.13900226757369616
6131,-0.09980294840003406,0.1390249433106576
6132,-0.09933997853195091,0.13904761904761906
6133,-0.0988740912212562,0.1390702947845805
6134,-0.09840529774761064,0.13909297052154196
6135,-0.09793360949473258,0.1391156462585034
6136,-0.09745903795002844,0.13913832199546486
6137,-0.09698159470421923,0.1391609977324263
6138,-0.09650129145096324,0.13918367346938776
6139,-0.09601813998647496,0.1392063492063492
6140,-0.09553215220913999,0.13922902494331066
6141,-0.09504334011912646,0.13925170068027212
6142,-0.09455171581799239,0.13927437641723356
6143,-0.09405729150828948,0.13929705215419502
6144,0.04381743236591063,0.13931972789115646
6145,0.044191130708954904,0.13934240362811792
6146,0.04456554218097352,0.13936507936507936
6147,0.0449406514135452,0.13938775510204082
6148,0.04531644299274687,0.13941043083900226
6149,0.04569290145974614,0.13943310657596372
6150,0.04607001131139561,0.13945578231292516
6151,0.04644775700082913,0.13947845804988662
6152,0.04682612293805981,0.13950113378684809
6153,0.047205093490579865,0.13952380952380952
6154,0.04758465298396218,0.13954648526077099
6155,0.047964785702463694,0.13956916099773242
6156,0.04834547588963055,0.13959183673469389
6157,0.04872670774890492,0.13961451247165532
6158,0.04910846544423343,0.13963718820861679
6159,0.04949073310067742,0.13965986394557822
6160,0.04987349480502469,0.13968253968253969
6161,0.05025673460640301,0.13970521541950112
6162,0.05064043651689516,0.13972789115646259
6163,0.05102458451215544,0.13975056689342405
6164,0.05140916253202797,0.13977324263038549
6165,0.051794154481166255,0.13979591836734695
6166,0.05217954422965447,0.13981859410430839
6167,0.05256531561363012,0.13984126984126985
6168,0.05295145243590804,0.13986394557823129
6169,0.05333793846660623,0.13988662131519275
6170,0.05372475744377253,0.13990929705215419
6171,0.054111893074013144,0.13993197278911565
6172,0.05449932903312231,0.13995464852607709
6173,0.05488704896671352,0.13997732426303855
6174,0.055275036490851484,0.14
6175,0.05566327519268626,0.14002267573696145
6176,0.056051748631087854,0.1400453514739229
6177,0.05644044033728263,0.14006802721088435
6178,0.05682933381549046,0.1400907029478458
6179,0.05721841254356344,0.14011337868480725
6180,0.057607659973625644,0.1401360544217687
6181,0.05799705953271397,0.14015873015873015
6182,0.05838659462342022,0.1401814058956916
6183,0.05877624862453414,0.14020408163265305
6184,0.059166004891687614,0.1402267573696145
6185,0.05955584675799997,0.14024943310657598
6186,0.05994575753472413,0.1402721088435374
6187,0.06033572051189393,0.14029478458049888
6188,0.06072571895897237,0.1403174603174603
6189,0.061115736125500746,0.14034013605442178
6190,0.06150575524174873,0.1403628117913832
6191,0.06189575951936541,0.14038548752834468
6192,0.06228573215203126,0.1404081632653061
6193,0.06267565631611062,0.14043083900226758
6194,0.06306551517130556,0.140453514739229
6195,0.06345529186130992,0.14047619047619048
6196,0.0638449695144648,0.14049886621315194
6197,0.06423453124441413,0.14052154195011338
6198,0.06462396015076141,0.14054421768707484
6199,0.0650132393197271,0.14056689342403628
6200,0.06540235182480644,0.14058956916099774
6201,0.06579128072742824,0.14061224489795918
6202,0.06618000907761408,0.14063492063492064
6203,0.06656851991463816,0.14065759637188208
6204,0.06695679626768786,0.14068027210884354
6205,0.06734482115652461,0.14070294784580498
6206,0.06773257759214552,0.14072562358276644
6207,0.06812004857744526,0.1407482993197279
6208,0.06850721710787872,0.14077097505668934
6209,0.06889406617212403,0.1407936507936508
6210,0.0692805787527457,0.14081632653061224
6211,0.06966673782685848,0.1408390022675737
6212,0.07005252636679166,0.14086167800453514
6213,0.07043792734075348,0.1408843537414966
6214,0.07082292371349594,0.14090702947845804
6215,0.07120749844697999,0.1409297052154195
6216,0.07159163450104089,0.14095238095238094
6217,0.07197531483405394,0.1409750566893424
6218,0.07235852240360027,0.14099773242630387
6219,0.07274124016713296,0.1410204081632653
6220,0.07312345108264336,0.14104308390022677
6221,0.0735051381093274,0.1410657596371882
6222,0.07388628420825225,0.14108843537414967
6223,0.07426687234302266,0.1411111111111111
6224,0.07464688548044807,0.14113378684807257
6225,0.0750263065912089,0.141156462585034
6226,0.07540511865052375,0.14117913832199547
6227,0.07578330463881583,0.1412018140589569
6228,0.0761608475423799,0.14122448979591837
6229,0.07653773035404882,0.14124716553287983
6230,0.07691393607386021,0.14126984126984127
6231,0.07728944770972293,0.14129251700680273
6232,0.07766424827808342,0.14131519274376417
6233,0.07803832080459196,0.14133786848072563
6234,0.07841164832476863,0.14136054421768707
6235,0.07878421388466919,0.14138321995464853
6236,0.07915600054155059,0.14140589569160997
6237,0.07952699136453646,0.14142857142857143
6238,0.07989716943528194,0.14145124716553287
6239,0.0802665178486385,0.14147392290249433
6240,0.08063501971331846,0.1414965986394558
6241,0.08100265815255894,0.14151927437641723
6242,0.08136941630478554,0.1415419501133787
6243,0.08173527732427552,0.14156462585034013
6244,0.08210022438182073,0.1415873015873016
6245,0.08246424066538995,0.14160997732426303
6246,0.08282730938079078,0.1416326530612245
6247,0.08318941375233092,0.14165532879818593
6248,0.08355053702347912,0.1416780045351474
6249,0.08391066245752535,0.14170068027210883
6250,0.0842697733382406,0.1417233560090703
6251,0.08462785297053578,0.14174603174603176
6252,0.08498488468112042,0.1417687074829932
6253,0.08534085181916025,0.14179138321995466
6254,0.08569573775693437,0.1418140589569161
6255,0.08604952589049154,0.14183673469387756
6256,0.08640219964030611,0.141859410430839
6257,0.08675374245193247,0.14188208616780046
6258,0.08710413779665958,0.1419047619047619
6259,0.08745336917216402,0.14192743764172336
6260,0.08780142010316254,0.1419501133786848
6261,0.0881482741420636,0.14197278911564626
6262,0.08849391486961812,0.14199546485260772
6263,0.08883832589556935,0.14201814058956916
6264,0.08918149085930156,0.14204081632653062
6265,0.08952339343048817,0.14206349206349206
6266,0.08986401730973853,0.14208616780045352
6267,0.09020334622924389,0.14210884353741496
6268,0.09054136395342222,0.14213151927437642
6269,0.09087805427956216,0.14215419501133786
6270,0.09121340103846569,0.14217687074829932
6271,0.09154738809508975,0.14219954648526076
6272,0.0918799993491866,0.14222222222222222
6273,0.09221121873594394,0.14224489795918369
6274,0.09254103022662188,0.14226757369614512
6275,0.0928694178291907,0.14229024943310659
6276,0.09319636558896646,0.14231292517006802
6277,0.09352185758924533,0.14233560090702949
6278,0.09384587795193702,0.14235827664399092
6279,0.0941684108381965,0.14238095238095239
6280,0.09448944044905462,0.14240362811791382
6281,0.09480895102604743,0.14242630385487529
6282,0.09512692685184389,0.14244897959183672
6283,0.09544335225087247,0.14247165532879819
6284,0.09575821158994617,0.14249433106575965
6285,0.09607148927888604,0.14251700680272109
6286,0.09638316977114338,0.14253968253968255
6287,0.0966932375644202,0.14256235827664399
6288,0.09700167720128874,0.14258503401360545
6289,0.09730847326980846,0.14260770975056689
6290,0.09761361040414264,0.14263038548752835
6291,0.09791707328517238,0.14265306122448979
6292,0.09821884664110962,0.14267573696145125
6293,0.09851891524810827,0.14269841269841269
6294,0.09881726393087376,0.14272108843537415
6295,0.0991138775632708,0.1427437641723356
6296,0.09940874106892958,0.14276643990929705
6297,0.09970183942185015,0.1427891156462585
6298,0.09999315764700521,0.14281179138321995
6299,0.10028268082094077,0.1428344671201814
6300,0.10057039407237536,0.14285714285714285
6301,0.10085628258279743,0.1428798185941043
6302,0.10114033158706046,0.14290249433106575
6303,0.10142252637397682,0.1429251700680272
6304,0.1017028522869093,0.14294784580498865
6305,0.10198129472436097,0.1429705215419501
6306,0.10225783914056295,0.14299319727891158
6307,0.1025324710460602,0.143015873015873
6308,0.1028051760082956,0.14303854875283448
6309,0.10307593965219175,0.1430612244897959
6310,0.10334474766073087,0.14308390022675738
6311,0.10361158577553264,0.1431065759637188
6312,0.10387643979742987,0.14312925170068028
6313,0.10413929558704244,0.1431519274376417
6314,0.10440013906534851,0.14317460317460318
6315,0.10465895621425425,0.1431972789115646
6316,0.104915733077161,0.14321995464852608
6317,0.10517045575953035,0.14324263038548754
6318,0.1054231104294471,0.14326530612244898
6319,0.10567368331817999,0.14328798185941044
6320,0.10592216072074002,0.14331065759637188
6321,0.10616852899643671,0.14333333333333334
6322,0.10641277456943207,0.14335600907029478
6323,0.10665488392929204,0.14337868480725624
6324,0.10689484363153594,0.14340136054421768
6325,0.10713264029818322,0.14342403628117914
6326,0.10736826061829818,0.14344671201814058
6327,0.10760169134853205,0.14346938775510204
6328,0.10783291931366268,0.1434920634920635
6329,0.10806193140713201,0.14351473922902494
6330,0.10828871459158093,0.1435374149659864
6331,0.10851325589938159,0.14356009070294784
6332,0.1087355424331674,0.1435827664399093
6333,0.10895556136636032,0.14360544217687074
6334,0.10917329994369593,0.1436281179138322
6335,0.10938874548174557,0.14365079365079364
6336,0.10960188536943608,0.1436734693877551
6337,0.1098127070685672,0.14369614512471654
6338,0.11002119811432583,0.143718820861678
6339,0.1102273461157979,0.14374149659863947
6340,0.11043113875647796,0.1437641723356009
6341,0.11063256379477546,0.14378684807256237
6342,0.11083160906451879,0.1438095238095238
6343,0.11102826247545639,0.14383219954648527
6344,0.11122251201375523,0.1438548752834467
6345,0.11141434574249656,0.14387755102040817
6346,0.11160375180216883,0.1439002267573696
6347,0.1117907184111577,0.14392290249433107
6348,0.11197523386623356,0.1439455782312925
6349,0.11215728654303608,0.14396825396825397
6350,0.11233686489655566,0.14399092970521543
6351,0.11251395746161238,0.14401360544217687
6352,0.11268855285333217,0.14403628117913833
6353,0.11286063976761923,0.14405895691609977
6354,0.11303020698162689,0.14408163265306123
6355,0.11319724335422418,0.14410430839002267
6356,0.11336173782646045,0.14412698412698413
6357,0.11352367942202651,0.14414965986394557
6358,0.11368305724771284,0.14417233560090703
6359,0.11383986049386494,0.14419501133786847
6360,0.11399407843483551,0.14421768707482993
6361,0.1141457004294337,0.1442403628117914
6362,0.11429471592137126,0.14426303854875283
6363,0.11444111443970562,0.1442857142857143
6364,0.11458488559927968,0.14430839002267573
6365,0.11472601910115902,0.1443310657596372
6366,0.11486450473306534,0.14435374149659863
6367,0.11500033236980714,0.1443764172335601
6368,0.11513349197370723,0.14439909297052153
6369,0.1152639735950269,0.144421768707483
6370,0.1153917673723871,0.14444444444444443
6371,0.11551686353318605,0.1444671201814059
6372,0.11563925239401418,0.14448979591836736
6373,0.11575892436106527,0.1445124716553288
6374,0.11587586993054481,0.14453514739229026
6375,0.11599007968907456,0.1445578231292517
6376,0.11610154431409442,0.14458049886621316
6377,0.1162102545742605,0.1446031746031746
6378,0.11631620132984014,0.14462585034013606
6379,0.11641937553310347,0.1446485260770975
6380,0.11651976822871186,0.14467120181405896
6381,0.11661737055410246,0.1446938775510204
6382,0.11671217373986995,0.14471655328798186
6383,0.11680416911014467,0.14473922902494332
6384,0.1168933480829673,0.14476190476190476
6385,0.11697970217066,0.14478458049886622
6386,0.1170632229801945,0.14480725623582766
6387,0.11714390221355615,0.14482993197278912
6388,0.11722173166810532,0.14485260770975056
6389,0.11729670323693435,0.14487528344671202
6390,0.11736880890922184,0.14489795918367346
6391,0.1174380407705829,0.14492063492063492
6392,0.11750439100341611,0.14494331065759636
6393,0.11756785188724697,0.14496598639455782
6394,0.11762841579906763,0.14498866213151929
6395,0.11768607521367322,0.14501133786848072
6396,0.11774082270399444,0.14503401360544219
6397,0.11779265094142678,0.14505668934240362
6398,0.11784155269615604,0.14507936507936509
6399,0.1178875208374799,0.14510204081632652
6400,0.11793054833412707,0.14512471655328799
6401,0.11797062825456996,0.14514739229024942
6402,0.11800775376733807,0.14517006802721089
6403,0.11804191814132375,0.14519274376417232
6404,0.1180731147460863,0.14521541950113379
6405,0.11810133705215173,0.14523809523809525
6406,0.11812657863130915,0.14526077097505669
6407,0.1181488331569032,0.14528344671201815
6408,0.11816809440412285,0.14530612244897959
6409,0.11818435625028656,0.14532879818594105
6410,0.11819761267512341,0.14535147392290249
6411,0.11820785776105094,0.14537414965986395
6412,0.11821508569344871,0.14539682539682539
6413,0.11821929076092833,0.14541950113378685
6414,0.11822046735559988,0.1454421768707483
6415,0.11821860997333401,0.14546485260770975
6416,0.11821371321402105,0.1454875283446712
6417,0.11820577178182518,0.14551020408163265
6418,0.11819478048543602,0.1455328798185941
6419,0.11818073423831521,0.14555555555555555
6420,0.11816362805894015,0.145578231292517
6421,0.11814345707104307,0.14560090702947845
6422,0.11812021650384677,0.1456235827664399
6423,0.11809390169229629,0.14564625850340135
6424,0.11806450807728654,0.1456689342403628
6425,0.11803203120588633,0.14569160997732428
6426,0.11799646673155828,0.1457142857142857
6427,0.11795781041437495,0.14573696145124718
6428,0.11791605812123084,0.1457596371882086
6429,0.11787120582605089,0.14578231292517008
6430,0.11782324960999432,0.1458049886621315
6431,0.11777218566165537,0.14582766439909298
6432,0.11771801027725941,0.1458503401360544
6433,0.11766071986085544,0.14587301587301588
6434,0.11760031092450451,0.1458956916099773
6435,0.1175367800884641,0.14591836734693878
6436,0.11747012408136873,0.14594104308390024
6437,0.11740033974040626,0.14596371882086168
6438,0.11732742401149052,0.14598639455782314
6439,0.11725137394942961,0.14600907029478458
6440,0.11717218671809049,0.14603174603174604
6441,0.11708985959055933,0.14605442176870748
6442,0.11700438994929792,0.14607709750566894
6443,0.11691577528629599,0.14609977324263038
6444,0.11682401320321958,0.14612244897959184
6445,0.11672910141155537,0.14614512471655328
6446,0.11663103773275071,0.14616780045351474
6447,0.11652982009834995,0.1461904761904762
6448,0.11642544655012659,0.14621315192743764
6449,0.11631791524021098,0.1462358276643991
6450,0.1162072244312147,0.14625850340136054
6451,0.11609337249635002,0.146281179138322
6452,0.11597635791954619,0.14630385487528344
6453,0.1158561792955605,0.1463265306122449
6454,0.1157328353300864,0.14634920634920634
6455,0.11560632483985682,0.1463718820861678
6456,0.11547664675274348,0.14639455782312924
6457,0.11534380010785225,0.1464172335600907
6458,0.11520778405561444,0.14643990929705217
6459,0.11506859785787364,0.1464625850340136
6460,0.11492624088796885,0.14648526077097507
6461,0.11478071263081314,0.1465079365079365
6462,0.1146320126829685,0.14653061224489797
6463,0.11448014075271623,0.1465532879818594
6464,0.11432509666012346,0.14657596371882087
6465,0.11416688033710554,0.1465986394557823
6466,0.11400549182748393,0.14662131519274377
6467,0.1138409312870404,0.1466439909297052
6468,0.11367319898356679,0.14666666666666667
6469,0.1135022952969108,0.14668934240362813
6470,0.11332822071901757,0.14671201814058957
6471,0.11315097585396694,0.14673469387755103
6472,0.1129705614180069,0.14675736961451247
6473,0.11278697823958256,0.14678004535147393
6474,0.11260022725936111,0.14680272108843537
6475,0.11241030953025274,0.14682539682539683
6476,0.11221722621742705,0.14684807256235827
6477,0.11202097859832567,0.14687074829931973
6478,0.1118215680626705,0.14689342403628117
6479,0.1116189961124679,0.14691609977324263
6480,0.1114132643620087,0.1469387755102041
6481,0.11120437453786382,0.14696145124716553
6482,0.11099232847887616,0.146984126984127
6483,0.11077712813614796,0.14700680272108843
6484,0.11055877557302413,0.1470294784580499
6485,0.1103372729650714,0.14705215419501133
6486,0.11011262260005339,0.1470748299319728
6487,0.1098848268779013,0.14709750566893423
6488,0.10965388831068074,0.1471201814058957
6489,0.10941980952255403,0.14714285714285713
6490,0.10918259324973875,0.1471655328798186
6491,0.10894224234046182,0.14718820861678006
6492,0.10869875975490943,0.1472108843537415
6493,0.10845214856517314,0.14723356009070296
6494,0.10820241195519129,0.1472562358276644
6495,0.10794955322068676,0.14727891156462586
6496,0.10769357576910035,0.1473015873015873
6497,0.10743448311951995,0.14732426303854876
6498,0.1071722789026057,0.1473469387755102
6499,0.10690696686051068,0.14736961451247166
6500,0.10663855084679838,0.1473922902494331
6501,0.10636703482635451,0.14741496598639456
6502,0.10609242287529613,0.14743764172335602
6503,0.1058147191808759,0.14746031746031746
6504,0.10553392804138209,0.14748299319727892
6505,0.1052500538660351,0.14750566893424036
6506,0.10496310117487909,0.14752834467120182
6507,0.10467307459867012,0.14755102040816326
6508,0.10437997887875983,0.14757369614512472
6509,0.10408381886697493,0.14759637188208616
6510,0.10378459952549297,0.14761904761904762
6511,0.10348232592671358,0.14764172335600906
6512,0.10317700325312598,0.14766439909297052
6513,0.10286863679717186,0.14768707482993199
6514,0.10255723196110487,0.14770975056689342
6515,0.10224279425684543,0.14773242630385489
6516,0.10192532930583192,0.14775510204081632
6517,0.10160484283886717,0.14777777777777779
6518,0.10128134069596162,0.14780045351473922
6519,0.10095482882617185,0.14782312925170069
6520,0.10062531328743532,0.14784580498866212
6521,0.100292800246401,0.14786848072562359
6522,0.09995729597825578,0.14789115646258502
6523,0.09961880686654725,0.14791383219954649
6524,0.09927733940300193,0.14793650793650795
6525,0.0989329001873397,0.14795918367346939
6526,0.0985854959270845,0.14798185941043085
6527,0.09823513343737031,0.14800453514739229
6528,0.09788181964074377,0.14802721088435375
6529,0.09752556156696293,0.14804988662131519
6530,0.09716636635279066,0.14807256235827665
6531,0.09680424124178587,0.14809523809523809
6532,0.0964391935840895,0.14811791383219955
6533,0.09607123083620711,0.14814058956916099
6534,0.0957003605607872,0.14816326530612245
6535,0.09532659042639594,0.1481859410430839
6536,0.09494992820728729,0.14820861678004535
6537,0.0945703817831699,0.1482312925170068
6538,0.0941879591389697,0.14825396825396825
6539,0.09380266836458859,0.1482766439909297
6540,0.09341451765465916,0.14829931972789115
6541,0.09302351530829564,0.1483219954648526
6542,0.09262966972884093,0.14834467120181405
6543,0.09223298942360957,0.1483673469387755
6544,0.0918334830036271,0.14839002267573695
6545,0.09143115918336506,0.1484126984126984
6546,0.09102602678047289,0.14843537414965988
6547,0.09061809471550514,0.1484580498866213
6548,0.0902073720116455,0.14848072562358278
6549,0.0897938677944265,0.1485034013605442
6550,0.08937759129144567,0.14852607709750568
6551,0.08895855183207793,0.1485487528344671
6552,0.08853675884718384,0.14857142857142858
6553,0.08811222186881437,0.14859410430839
6554,0.08768495052991182,0.14861678004535148
6555,0.08725495456400678,0.1486394557823129
6556,0.08682224380491166,0.14866213151927438
6557,0.08638682818641008,0.14868480725623584
6558,0.08594871774194282,0.14870748299319728
6559,0.08550792260428983,0.14873015873015874
6560,0.08506445300524879,0.14875283446712018
6561,0.08461831927530965,0.14877551020408164
6562,0.08416953184332561,0.14879818594104308
6563,0.08371810123618043,0.14882086167800454
6564,0.08326403807845215,0.14884353741496598
6565,0.08280735309207285,0.14886621315192744
6566,0.08234805709598525,0.14888888888888888
6567,0.08188616100579507,0.14891156462585034
6568,0.0814216758334203,0.1489342403628118
6569,0.0809546126867366,0.14895691609977324
6570,0.08048498276921906,0.1489795918367347
6571,0.0800127973795806,0.14900226757369614
6572,0.0795380679114065,0.1490249433106576
6573,0.07906080585278562,0.14904761904761904
6574,0.07858102278593794,0.1490702947845805
6575,0.07809873038683866,0.14909297052154194
6576,0.07761394042483874,0.1491156462585034
6577,0.07712666476228178,0.14913832199546484
6578,0.07663691535411765,0.1491609977324263
6579,0.07614470424751266,0.14918367346938777
6580,0.07565004358145594,0.1492063492063492
6581,0.07515294558636265,0.14922902494331067
6582,0.07465342258367381,0.1492517006802721
6583,0.07415148698545247,0.14927437641723357
6584,0.0736471512939766,0.149297052154195
6585,0.07314042810132852,0.14931972789115647
6586,0.07263133008898123,0.1493424036281179
6587,0.07211987002738099,0.14936507936507937
6588,0.0716060607755267,0.1493877551020408
6589,0.07108991528054609,0.14941043083900227
6590,0.07057144657726844,0.14943310657596373
6591,0.07005066778779406,0.14945578231292517
6592,0.06952759212106038,0.14947845804988663
6593,0.06900223287240509,0.14950113378684807
6594,0.06847460342312547,0.14952380952380953
6595,0.06794471724003512,0.14954648526077097
6596,0.06741258787501693,0.14956916099773243
6597,0.06687822896457327,0.14959183673469387
6598,0.06634165422937265,0.14961451247165533
6599,0.06580287747379347,0.14963718820861677
6600,0.06526191258546449,0.14965986394557823
6601,0.06471877353480207,0.1496825396825397
6602,0.06417347437454451,0.14970521541950113
6603,0.06362602923928327,0.1497278911564626
6604,0.06307645234499074,0.14975056689342403
6605,0.0625247579885454,0.1497732426303855
6606,0.061970960547253665,0.14979591836734693
6607,0.06141507447836887,0.1498185941043084
6608,0.06085711431860703,0.14984126984126983
6609,0.06029709468365972,0.1498639455782313
6610,0.05973503026770397,0.14988662131519273
6611,0.059170935842909216,0.1499092970521542
6612,0.05860482625894127,0.14993197278911566
6613,0.05803671644246325,0.1499546485260771
6614,0.0574666213966339,0.14997732426303856
6615,0.05689455620060274,0.15
6616,0.056320536009002456,0.15002267573696146
6617,0.05574457605143827,0.1500453514739229
6618,0.05516669163197496,0.15006802721088436
6619,0.054586898128620435,0.1500907029478458
6620,0.05400521099280689,0.15011337868480726
6621,0.05342164574886912,0.1501360544217687
6622,0.052836217993520014,0.15015873015873016
6623,0.05224894339532339,0.15018140589569162
6624,0.05165983769416402,0.15020408163265306
6625,0.051068916700714985,0.15022675736961452
6626,0.050476196295902456,0.15024943310657596
6627,0.04988169243036753,0.15027210884353742
6628,0.049285421123925886,0.15029478458049886
6629,0.04868739846502411,0.15031746031746032
6630,0.048087640610194354,0.15034013605442176
6631,0.04748616378350557,0.15036281179138322
6632,0.04688298427601247,0.15038548752834466
6633,0.04627811844520232,0.15040816326530612
6634,0.04567158271443848,0.15043083900226759
6635,0.045063393572402195,0.15045351473922902
6636,0.044453567572531286,0.15047619047619049
6637,0.04384212133245668,0.15049886621315192
6638,0.0432290715334365,0.15052154195011339
6639,0.04261443491978787,0.15054421768707482
6640,0.041998228298315815,0.15056689342403629
6641,0.04138046853774033,0.15058956916099772
6642,0.04076117256812075,0.15061224489795919
6643,0.04014035738027805,0.15063492063492062
6644,0.03951804002521465,0.15065759637188209
6645,0.038894237613531724,0.15068027210884355
6646,0.03826896731484488,0.15070294784580499
6647,0.03764224635719689,0.15072562358276645
6648,0.03701409202646854,0.15074829931972789
6649,0.03638452166578726,0.15077097505668935
6650,0.03575355267493358,0.15079365079365079
6651,0.035121202509745236,0.15081632653061225
6652,0.0344874886815193,0.15083900226757369
6653,0.03385242875641223,0.15086167800453515
6654,0.03321604035483766,0.15088435374149659
6655,0.032578341150862236,0.15090702947845805
6656,-0.06297022058608295,0.1509297052154195
6657,-0.06327892158367462,0.15095238095238095
6658,-0.0635872098430023,0.1509750566893424
6659,-0.0638950720529872,0.15099773242630385
6660,-0.06420249490237151,0.1510204081632653
6661,-0.0645094650802356,0.15104308390022675
6662,-0.0648159692765156,0.1510657596371882
6663,-0.06512199418252103,0.15108843537414965
6664,-0.06542752649145249,0.1511111111111111
6665,-0.06573255289891941,0.15113378684807255
6666,-0.066037060103458,0.151156462585034
6667,-0.06634103480704906,0.15117913832199548
6668,-0.06664446371563597,0.1512018140589569
6669,-0.06694733353964262,0.15122448979591838
6670,-0.06724963099449116,0.1512471655328798
6671,-0.0675513428011201,0.15126984126984128
6672,-0.06785245568650199,0.1512925170068027
6673,-0.06815295638416109,0.15131519274376418
6674,-0.0684528316346912,0.1513378684807256
6675,-0.06875206818627294,0.15136054421768708
6676,-0.06905065279519149,0.1513832199546485
6677,-0.06934857222635338,0.15140589569160998
6678,-0.06964581325380388,0.15142857142857144
6679,-0.06994236266124376,0.15145124716553288
6680,-0.0702382072425459,0.15147392290249434
6681,-0.0705333338022718,0.15149659863945578
6682,-0.07082772915618755,0.15151927437641724
6683,-0.07112138013178003,0.15154195011337868
6684,-0.07141427356877221,0.15156462585034014
6685,-0.07170639631963861,0.15158730158730158
6686,-0.07199773525012015,0.15160997732426304
6687,-0.07228827723973885,0.15163265306122448
6688,-0.072578009182312,0.15165532879818594
6689,-0.07286691798646605,0.1516780045351474
6690,-0.07315499057614992,0.15170068027210884
6691,-0.07344221389114816,0.1517233560090703
6692,-0.0737285748875934,0.15174603174603174
6693,-0.07401406053847845,0.1517687074829932
6694,-0.07429865783416799,0.15179138321995464
6695,-0.07458235378290949,0.1518140589569161
6696,-0.07486513541134393,0.15183673469387754
6697,-0.07514698976501566,0.151859410430839
6698,-0.07542790390888206,0.15188208616780044
6699,-0.07570786492782214,0.1519047619047619
6700,-0.07598685992714516,0.15192743764172337
6701,-0.07626487603309785,0.1519501133786848
6702,-0.07654190039337169,0.15197278911564627
6703,-0.07681792017760915,0.1519954648526077
6704,-0.07709292257790944,0.15201814058956917
6705,-0.07736689480933319,0.1520408163265306
6706,-0.07763982411040707,0.15206349206349207
6707,-0.07791169774362686,0.1520861678004535
6708,-0.07818250299596058,0.15210884353741497
6709,-0.07845222717935016,0.15213151927437643
6710,-0.0787208576312127,0.15215419501133787
6711,-0.07898838171494084,0.15217687074829933
6712,-0.07925478682040221,0.15219954648526077
6713,-0.07952006036443811,0.15222222222222223
6714,-0.07978418979136132,0.15224489795918367
6715,-0.08004716257345287,0.15226757369614513
6716,-0.08030896621145824,0.15229024943310657
6717,-0.08056958823508213,0.15231292517006803
6718,-0.08082901620348282,0.15233560090702947
6719,-0.08108723770576506,0.15235827664399093
6720,-0.08134424036147239,0.1523809523809524
6721,-0.0816000118210783,0.15240362811791383
6722,-0.08185453976647625,0.1524263038548753
6723,-0.08210781191146865,0.15244897959183673
6724,-0.08235981600225516,0.1524716553287982
6725,-0.08261053981791926,0.15249433106575963
6726,-0.08285997117091448,0.1525170068027211
6727,-0.08310809790754882,0.15253968253968253
6728,-0.08335490790846843,0.152562358276644
6729,-0.08360038908914012,0.15258503401360543
6730,-0.08384452940033242,0.1526077097505669
6731,-0.0840873168285959,0.15263038548752836
6732,-0.08432873939674179,0.1526530612244898
6733,-0.08456878516431979,0.15267573696145126
6734,-0.08480744222809436,0.1526984126984127
6735,-0.08504469872251985,0.15272108843537416
6736,-0.08528054282021448,0.1527437641723356
6737,-0.08551496273243253,0.15276643990929706
6738,-0.08574794670953599,0.1527891156462585
6739,-0.0859794830414642,0.15281179138321996
6740,-0.0862095600582024,0.1528344671201814
6741,-0.08643816613024898,0.15285714285714286
6742,-0.08666528966908116,0.15287981859410432
6743,-0.08689091912761943,0.15290249433106576
6744,-0.08711504300069041,0.15292517006802722
6745,-0.08733764982548847,0.15294784580498866
6746,-0.08755872818203561,0.15297052154195012
6747,-0.08777826669364013,0.15299319727891156
6748,-0.08799625402735375,0.15301587301587302
6749,-0.08821267889442697,0.15303854875283446
6750,-0.08842753005076322,0.15306122448979592
6751,-0.0886407962973713,0.15308390022675736
6752,-0.08885246648081635,0.15310657596371882
6753,-0.08906252949366913,0.15312925170068029
6754,-0.0892709742749537,0.15315192743764172
6755,-0.0894777898105936,0.15317460317460319
6756,-0.08968296513385621,0.15319727891156462
6757,-0.0898864893257958,0.15321995464852609
6758,-0.09008835151569441,0.15324263038548752
6759,-0.09028854088150161,0.15326530612244899
6760,-0.09048704665027196,0.15328798185941042
6761,-0.09068385809860136,0.15331065759637189
6762,-0.09087896455306113,0.15333333333333332
6763,-0.09107235539063076,0.15335600907029479
6764,-0.09126402003912859,0.15337868480725625
6765,-0.09145394797764088,0.15340136054421769
6766,-0.09164212873694896,0.15342403628117915
6767,-0.09182855189995472,0.15344671201814059
6768,-0.09201320710210416,0.15346938775510205
6769,-0.09219608403180896,0.15349206349206349
6770,-0.09237717243086645,0.15351473922902495
6771,-0.09255646209487768,0.15353741496598639
6772,-0.09273394287366318,0.15356009070294785
6773,-0.09290960467167744,0.15358276643990929
6774,-0.0930834374484209,0.15360544217687075
6775,-0.09325543121885031,0.1536281179138322
6776,-0.09342557605378704,0.15365079365079365
6777,-0.09359386208032347,0.1536734693877551
6778,-0.09376027948222718,0.15369614512471655
6779,-0.09392481850034344,0.153718820861678
6780,-0.09408746943299551,0.15374149659863945
6781,-0.09424822263638274,0.1537641723356009
6782,-0.09440706852497696,0.15378684807256235
6783,-0.09456399757191665,0.1538095238095238
6784,-0.09471900030939857,0.15383219954648525
6785,-0.09487206732906886,0.1538548752834467
6786,-0.09502318928240931,0.15387755102040818
6787,-0.09517235688112424,0.1539002267573696
6788,-0.09531956089752361,0.15392290249433108
6789,-0.09546479216490447,0.1539455782312925
6790,-0.0956080415779303,0.15396825396825398
6791,-0.09574930009300808,0.1539909297052154
6792,-0.09588855872866293,0.15401360544217688
6793,-0.09602580856591096,0.1540362811791383
6794,-0.0961610407486295,0.15405895691609978
6795,-0.09629424648392534,0.1540816326530612
6796,-0.09642541704250063,0.15410430839002268
6797,-0.0965545437590164,0.15412698412698414
6798,-0.096681618032454,0.15414965986394558
6799,-0.09680663132647396,0.15417233560090704
6800,-0.09692957516977298,0.15419501133786848
6801,-0.09705044115643788,0.15421768707482994
6802,-0.09716922094629807,0.15424036281179138
6803,-0.09728590626527489,0.15426303854875284
6804,-0.09740048890572915,0.15428571428571428
6805,-0.09751296072680586,0.15430839002267574
6806,-0.0976233136547768,0.15433106575963718
6807,-0.09773153968338079,0.15435374149659864
6808,-0.09783763087416113,0.1543764172335601
6809,-0.09794157935680095,0.15439909297052154
6810,-0.09804337732945606,0.154421768707483
6811,-0.0981430170590852,0.15444444444444444
6812,-0.09824049088177796,0.1544671201814059
6813,-0.09833579120308007,0.15448979591836734
6814,-0.09842891049831637,0.1545124716553288
6815,-0.09851984131291107,0.15453514739229024
6816,-0.0986085762627056,0.1545578231292517
6817,-0.09869510803427396,0.15458049886621314
6818,-0.09877942938523547,0.1546031746031746
6819,-0.09886153314456467,0.15462585034013607
6820,-0.09894141221289936,0.1546485260770975
6821,-0.09901905956284532,0.15467120181405897
6822,-0.09909446823927869,0.1546938775510204
6823,-0.09916763135964606,0.15471655328798187
6824,-0.09923854211426138,0.1547392290249433
6825,-0.09930719376660058,0.15476190476190477
6826,-0.09937357965359354,0.1547845804988662
6827,-0.09943769318591326,0.15480725623582767
6828,-0.09949952784826253,0.1548299319727891
6829,-0.09955907719965773,0.15485260770975057
6830,-0.09961633487371013,0.15487528344671203
6831,-0.0996712945789043,0.15489795918367347
6832,-0.09972395009887405,0.15492063492063493
6833,-0.09977429529267536,0.15494331065759637
6834,-0.09982232409505681,0.15496598639455783
6835,-0.09986803051672716,0.15498866213151927
6836,-0.09991140864462025,0.15501133786848073
6837,-0.09995245264215698,0.15503401360544217
6838,-0.09999115674950466,0.15505668934240363
6839,-0.10002751528383363,0.15507936507936507
6840,-0.10006152263957077,0.15510204081632653
6841,-0.10009317328865065,0.155124716553288
6842,-0.10012246178076355,0.15514739229024943
6843,-0.10014938274360072,0.1551700680272109
6844,-0.10017393088309683,0.15519274376417233
6845,-0.10019610098366963,0.1552154195011338
6846,-0.10021588790845665,0.15523809523809523
6847,-0.10023328659954915,0.1552607709750567
6848,-0.10024829207822306,0.15528344671201813
6849,-0.10026089944516735,0.1553061224489796
6850,-0.1002711038807089,0.15532879818594103
6851,-0.10027890064503514,0.1553514739229025
6852,-0.10028428507841344,0.15537414965986396
6853,-0.1002872526014076,0.1553968253968254
6854,-0.1002877987150915,0.15541950113378686
6855,-0.10028591900125974,0.1554421768707483
6856,-0.10028160912263542,0.15546485260770976
6857,-0.10027486482307485,0.1554875283446712
6858,-0.1002656819277695,0.15551020408163266
6859,-0.10025405634344474,0.1555328798185941
6860,-0.10023998405855578,0.15555555555555556
6861,-0.10022346114348067,0.155578231292517
6862,-0.10020448375071002,0.15560090702947846
6863,-0.10018304811503409,0.15562358276643992
6864,-0.10015915055372675,0.15564625850340136
6865,-0.10013278746672612,0.15566893424036282
6866,-0.10010395533681282,0.15569160997732426
6867,-0.10007265072978463,0.15571428571428572
6868,-0.10003887029462831,0.15573696145124716
6869,-0.10000261076368851,0.15575963718820862
6870,-0.09996386895283345,0.15578231292517006
6871,-0.09992264176161761,0.15580498866213152
6872,-0.0998789261734415,0.15582766439909296
6873,-0.09983271925570805,0.15585034013605442
6874,-0.09978401815997616,0.15587301587301589
6875,-0.0997328201221113,0.15589569160997732
6876,-0.0996791224624326,0.15591836734693879
6877,-0.09962292258585732,0.15594104308390022
6878,-0.09956421798204185,0.15596371882086169
6879,-0.0995030062255198,0.15598639455782312
6880,-0.09943928497583711,0.15600907029478459
6881,-0.09937305197768366,0.15603174603174602
6882,-0.09930430506102209,0.15605442176870749
6883,-0.09923304214121345,0.15607709750566892
6884,-0.09915926121913955,0.15609977324263039
6885,-0.09908296038132239,0.15612244897959185
6886,-0.09900413780004036,0.15614512471655329
6887,-0.09892279173344116,0.15616780045351475
6888,-0.09883892052565199,0.15619047619047619
6889,-0.09875252260688586,0.15621315192743765
6890,-0.09866359649354574,0.15623582766439909
6891,-0.09857214078832452,0.15625850340136055
6892,-0.09847815418030256,0.15628117913832199
6893,-0.09838163544504165,0.15630385487528345
6894,-0.098282583444676,0.15632653061224488
6895,-0.09818099712800007,0.15634920634920635
6896,-0.098076875530553,0.1563718820861678
6897,-0.09797021777470001,0.15639455782312925
6898,-0.0978610230697108,0.1564172335600907
6899,-0.09774929071183425,0.15643990929705215
6900,-0.09763502008437053,0.1564625850340136
6901,-0.09751821065773947,0.15648526077097505
6902,-0.0973988619895462,0.1565079365079365
6903,-0.09727697372464317,0.15653061224489795
6904,-0.09715254559518931,0.1565532879818594
6905,-0.09702557742070571,0.15657596371882085
6906,-0.09689606910812829,0.1565986394557823
6907,-0.09676402065185712,0.15662131519274378
6908,-0.09662943213380266,0.1566439909297052
6909,-0.09649230372342855,0.15666666666666668
6910,-0.09635263567779152,0.1566893424036281
6911,-0.09621042834157766,0.15671201814058958
6912,-0.09606568214713622,0.156734693877551
6913,-0.09591839761450835,0.15675736961451248
6914,-0.09576857535145568,0.1567800453514739
6915,-0.09561621605348275,0.15680272108843538
6916,-0.09546132050385779,0.1568253968253968
6917,-0.09530388957362956,0.15684807256235828
6918,-0.09514392422164156,0.15687074829931974
6919,-0.09498142549454248,0.15689342403628118
6920,-0.09481639452679382,0.15691609977324264
6921,-0.09464883254067379,0.15693877551020408
6922,-0.09447874084627861,0.15696145124716554
6923,-0.09430612084152001,0.15698412698412698
6924,-0.09413097401211984,0.15700680272108844
6925,-0.09395330193160117,0.15702947845804988
6926,-0.0937731062612765,0.15705215419501134
6927,-0.09359038875023229,0.15707482993197278
6928,-0.09340515123531085,0.15709750566893424
6929,-0.09321739564108827,0.1571201814058957
6930,-0.09302712397984977,0.15714285714285714
6931,-0.09283433835156132,0.1571655328798186
6932,-0.09263904094383842,0.15718820861678004
6933,-0.0924412340319114,0.1572108843537415
6934,-0.09224091997858744,0.15723356009070294
6935,-0.09203810123420968,0.1572562358276644
6936,-0.0918327803366127,0.15727891156462584
6937,-0.09162495991107504,0.1573015873015873
6938,-0.09141464267026846,0.15732426303854874
6939,-0.09120183141420374,0.1573469387755102
6940,-0.09098652903017372,0.15736961451247167
6941,-0.09076873849269257,0.1573922902494331
6942,-0.09054846286343221,0.15741496598639457
6943,-0.09032570529115544,0.157437641723356
6944,-0.0901004690116457,0.15746031746031747
6945,-0.08987275734763384,0.1574829931972789
6946,-0.08964257370872156,0.15750566893424037
6947,-0.08940992159130154,0.1575283446712018
6948,-0.08917480457847454,0.15755102040816327
6949,-0.08893722633996314,0.1575736961451247
6950,-0.08869719063202257,0.15759637188208617
6951,-0.0884547012973478,0.15761904761904763
6952,-0.08820976226497804,0.15764172335600907
6953,-0.08796237755019762,0.15766439909297053
6954,-0.08771255125443386,0.15768707482993197
6955,-0.0874602875651517,0.15770975056689343
6956,-0.08720559075574517,0.15773242630385487
6957,-0.0869484651854257,0.15775510204081633
6958,-0.08668891529910716,0.15777777777777777
6959,-0.08642694562728784,0.15780045351473923
6960,-0.08616256078592924,0.15782312925170067
6961,-0.08589576547633157,0.15784580498866213
6962,-0.0856265644850063,0.1578684807256236
6963,-0.08535496268354535,0.15789115646258503
6964,-0.08508096502848736,0.1579138321995465
6965,-0.08480457656118043,0.15793650793650793
6966,-0.08452580240764221,0.1579591836734694
6967,-0.08424464777841653,0.15798185941043083
6968,-0.08396111796842687,0.1580045351473923
6969,-0.08367521835682687,0.15802721088435373
6970,-0.08338695440684776,0.1580498866213152
6971,-0.0830963316656424,0.15807256235827663
6972,-0.08280335576412642,0.1580952380952381
6973,-0.08250803241681628,0.15811791383219956
6974,-0.0822103674216641,0.158140589569161
6975,-0.0819103666598894,0.15816326530612246
6976,-0.08160803609580788,0.1581859410430839
6977,-0.0813033817766571,0.15820861678004536
6978,-0.08099640983241886,0.1582312925170068
6979,-0.08068712647563879,0.15825396825396826
6980,-0.08037553800124267,0.1582766439909297
6981,-0.08006165078634986,0.15829931972789116
6982,-0.07974547129008361,0.1583219954648526
6983,-0.07942700605337824,0.15834467120181406
6984,-0.07910626169878339,0.15836734693877552
6985,-0.07878324493026524,0.15839002267573696
6986,-0.07845796253300455,0.15841269841269842
6987,-0.07813042137319208,0.15843537414965986
6988,-0.07780062839782038,0.15845804988662132
6989,-0.07746859063447309,0.15848072562358276
6990,-0.07713431519111115,0.15850340136054422
6991,-0.0767978092558558,0.15852607709750566
6992,-0.07645908009676891,0.15854875283446712
6993,-0.07611813506162998,0.15857142857142856
6994,-0.07577498157771058,0.15859410430839002
6995,-0.07542962715154553,0.15861678004535149
6996,-0.0750820793687012,0.15863945578231292
6997,-0.07473234589354093,0.15866213151927439
6998,-0.07438043446898762,0.15868480725623582
6999,-0.07402635291628298,0.15870748299319729
7000,-0.07367010913474455,0.15873015873015872
7001,-0.07331171110151899,0.15875283446712019
7002,-0.07295116687133324,0.15877551020408162
7003,-0.07258848457624226,0.15879818594104309
7004,-0.07222367242537428,0.15882086167800455
7005,-0.0718567387046727,0.15884353741496599
7006,-0.07148769177663569,0.15886621315192745
7007,-0.07111654008005253,0.15888888888888889
7008,-0.07074329212973729,0.15891156462585035
7009,-0.07036795651625963,0.15893424036281179
7010,-0.06999054190567264,0.15895691609977325
7011,-0.06961105703923831,0.15897959183673468
7012,-0.06922951073314966,0.15900226757369615
7013,-0.06884591187825027,0.15902494331065758
7014,-0.06846026943975131,0.15904761904761905
7015,-0.06807259245694536,0.1590702947845805
7016,-0.06768289004291776,0.15909297052154195
7017,-0.06729117138425494,0.1591156462585034
7018,-0.0668974457407505,0.15913832199546485
7019,-0.06650172244510796,0.1591609977324263
7020,-0.06610401090264122,0.15918367346938775
7021,-0.06570432059097203,0.1592063492063492
7022,-0.06530266105972504,0.15922902494331065
7023,-0.06489904193021999,0.1592517006802721
7024,-0.0644934728951611,0.15927437641723355
7025,-0.06408596371832412,0.159297052154195
7026,-0.06367652423424049,0.15931972789115648
7027,-0.06326516434787889,0.1593424036281179
7028,-0.06285189403432426,0.15936507936507938
7029,-0.062436723338454,0.1593877551020408
7030,-0.062019662374611866,0.15941043083900228
7031,-0.061600721326278904,0.1594331065759637
7032,-0.06117991044574215,0.15945578231292518
7033,-0.06075724005376052,0.1594784580498866
7034,-0.06033272053922823,0.15950113378684808
7035,-0.059906362358835674,0.1595238095238095
7036,-0.05947817603672779,0.15954648526077098
7037,-0.05904817216415966,0.15956916099773244
7038,-0.05861636139915012,0.15959183673469388
7039,-0.05818275446613232,0.15961451247165534
7040,-0.05774736215560202,0.15963718820861678
7041,-0.05731019532376373,0.15965986394557824
7042,-0.05687126489217376,0.15968253968253968
7043,-0.05643058184738124,0.15970521541950114
7044,-0.05598815724056657,0.15972789115646258
7045,-0.05554400218717767,0.15975056689342404
7046,-0.05509812786656351,0.15977324263038548
7047,-0.054650545521605476,0.15979591836734694
7048,-0.05420126645834611,0.1598185941043084
7049,-0.05375030204561582,0.15984126984126984
7050,-0.05329766371465688,0.1598639455782313
7051,-0.05284336295874548,0.15988662131519274
7052,-0.05238741133281099,0.1599092970521542
7053,-0.051929820453053305,0.15993197278911564
7054,-0.05147060199655776,0.1599546485260771
7055,-0.05100976770090755,0.15997732426303854
7056,-0.05054732936379444,0.16
7057,-0.050083298842626384,0.16002267573696144
7058,-0.049617688054133746,0.1600453514739229
7059,-0.04915050897397273,0.16006802721088437
7060,-0.048681773636326864,0.1600907029478458
7061,-0.048211494133506054,0.16011337868480727
7062,-0.04773968261554393,0.1601360544217687
7063,-0.047266351289792286,0.16015873015873017
7064,-0.04679151242051407,0.1601814058956916
7065,-0.046315178328473816,0.16020408163265307
7066,-0.04583736139052617,0.1602267573696145
7067,-0.045358074039201994,0.16024943310657597
7068,-0.04487732876229296,0.1602721088435374
7069,-0.0443951381024333,0.16029478458049887
7070,-0.04391151465668013,0.16031746031746033
7071,-0.04342647107609151,0.16034013605442177
7072,-0.04294002006530223,0.16036281179138323
7073,-0.04245217438209798,0.16038548752834467
7074,-0.04196294683698731,0.16040816326530613
7075,-0.04147235029277153,0.16043083900226757
7076,-0.04098039766411281,0.16045351473922903
7077,-0.04048710191710017,0.16047619047619047
7078,-0.039992476068813794,0.16049886621315193
7079,-0.039496533186886895,0.16052154195011337
7080,-0.038999286389066405,0.16054421768707483
7081,-0.03850074884277103,0.1605668934240363
7082,-0.038000933764648054,0.16058956916099773
7083,-0.03749985442012777,0.1606122448979592
7084,-0.03699752412297653,0.16063492063492063
7085,-0.03649395623484753,0.1606575963718821
7086,-0.03598916416483014,0.16068027210884353
7087,-0.035483161368997256,0.160702947845805
7088,-0.034975961349950936,0.16072562358276643
7089,-0.03446757765636619,0.1607482993197279
7090,-0.03395802388253315,0.16077097505668933
7091,-0.03344731366789748,0.1607936507936508
7092,-0.03293546069659901,0.16081632653061226
7093,-0.03242247869700858,0.1608390022675737
7094,-0.03190838144126368,0.16086167800453516
7095,-0.0313931827448018,0.1608843537414966
7096,-0.0308768964658925,0.16090702947845806
7097,-0.030359536505167865,0.1609297052154195
7098,-0.029841116805151183,0.16095238095238096
7099,-0.029321651349784206,0.1609750566893424
7100,-0.02880115416395268,0.16099773242630386
7101,-0.028279639313010384,0.1610204081632653
7102,-0.027757120902301702,0.16104308390022676
7103,-0.02723361307668261,0.16106575963718822
7104,-0.026709130020040085,0.16108843537414966
7105,-0.026183685954810167,0.16111111111111112
7106,-0.02565729514149445,0.16113378684807256
7107,-0.0251299718781752,0.16115646258503402
7108,-0.02460173050002895,0.16117913832199546
7109,-0.024072585378838725,0.16120181405895692
7110,-0.023542550922505,0.16122448979591836
7111,-0.023011641574554875,0.16124716553287982
7112,-0.02247987181365052,0.16126984126984126
7113,-0.02194725615309563,0.16129251700680272
7114,-0.021413809140341043,0.16131519274376419
7115,-0.020879545356488713,0.16133786848072562
7116,-0.020344479415794585,0.16136054421768709
7117,-0.01980862596517015,0.16138321995464852
7118,-0.01927199968368283,0.16140589569160999
7119,-0.01873461528205486,0.16142857142857142
7120,-0.01819648750216135,0.16145124716553289
7121,-0.017657631116526754,0.16147392290249432
7122,-0.017118060927820485,0.16149659863945579
7123,-0.01657779176835114,0.16151927437641722
7124,-0.016036838499559697,0.16154195011337869
7125,-0.015495216011511583,0.16156462585034015
7126,-0.014952939222387635,0.16158730158730158
7127,-0.014410023077973858,0.16160997732426305
7128,-0.013866482551150375,0.16163265306122448
7129,-0.013322332641378998,0.16165532879818595
7130,-0.012777588374190116,0.16167800453514738
7131,-0.01223226480066824,0.16170068027210885
7132,-0.011686376996936816,0.16172335600907028
7133,-0.011139940063641864,0.16174603174603175
7134,-0.010592969125434934,0.16176870748299318
7135,-0.010045479330454743,0.16179138321995465
7136,-0.009497485849808265,0.1618140589569161
7137,-0.008949003877050658,0.16183673469387755
7138,-0.008400048627664539,0.161859410430839
7139,-0.007850635338538123,0.16188208616780045
7140,-0.007300779267442867,0.1619047619047619
7141,-0.00675049569250992,0.16192743764172335
7142,-0.006199799911706133,0.1619501133786848
7143,-0.005648707242308981,0.16197278911564625
7144,-0.005097233020380912,0.1619954648526077
7145,-0.004545392600242858,0.16201814058956915
7146,-0.003993201353947179,0.1620408163265306
7147,-0.0034406746707496064,0.16206349206349208
7148,-0.00288782795658081,0.1620861678004535
7149,-0.002334676633517087,0.16210884353741498
7150,-0.0017812361392505194,0.1621315192743764
7151,-0.0012275219265585197,0.16215419501133788
7152,-6.735494627726005E-4,0.1621768707482993
7153,-1.1933422924671061E-4,0.16219954648526078
7154,4.351082791748673E-4,0.1622222222222222
7155,9.897625546905903E-4,0.16224489795918368
7156,0.0015446130770748676,0.1622675736961451
7157,0.0020996443142119597,0.16229024943310658
7158,0.002654840722630232,0.16231292517006804
7159,0.0032101867480370944,0.16233560090702948
7160,0.0037656668258541567,0.16235827664399094
7161,0.004321265381753092,0.16238095238095238
7162,0.004876966832191534,0.16240362811791384
7163,0.005432755584949739,0.16242630385487528
7164,0.005988616039667383,0.16244897959183674
7165,0.006544532588380864,0.16247165532879818
7166,0.007100489616060739,0.16249433106575964
7167,0.007656471501149703,0.16251700680272108
7168,0.05576808932535858,0.16253968253968254
7169,0.05591656212885412,0.162562358276644
7170,0.05606411289310101,0.16258503401360544
7171,0.05621073397137679,0.1626077097505669
7172,0.05635641774186691,0.16263038548752834
7173,0.0565011566079714,0.1626530612244898
7174,0.056644942998610746,0.16267573696145124
7175,0.056787769368531006,0.1626984126984127
7176,0.05692962819860782,0.16272108843537414
7177,0.05707051199614974,0.1627437641723356
7178,0.05721041329520059,0.16276643990929704
7179,0.05734932465684084,0.1627891156462585
7180,0.05748723866948821,0.16281179138321997
7181,0.05762414794919711,0.1628344671201814
7182,0.05776004513995742,0.16285714285714287
7183,0.05789492291399202,0.1628798185941043
7184,0.05802877397205364,0.16290249433106577
7185,0.05816159104372044,0.1629251700680272
7186,0.058293366887690816,0.16294784580498867
7187,0.05842409429207705,0.1629705215419501
7188,0.05855376607469817,0.16299319727891157
7189,0.05868237508337148,0.163015873015873
7190,0.058809914196203225,0.16303854875283447
7191,0.058936376321878245,0.16306122448979593
7192,0.059061754399948437,0.16308390022675737
7193,0.059186041401120326,0.16310657596371883
7194,0.05930923032754129,0.16312925170068027
7195,0.05943131421308501,0.16315192743764173
7196,0.05955228612363552,0.16317460317460317
7197,0.059672139157370414,0.16319727891156463
7198,0.05979086644504263,0.16321995464852607
7199,0.05990846115026134,0.16324263038548753
7200,0.060024916469771664,0.16326530612244897
7201,0.06014022563373309,0.16328798185941043
7202,0.06025438190599682,0.1633106575963719
7203,0.0603673785843819,0.16333333333333333
7204,0.0604792090009503,0.1633560090702948
7205,0.06058986652228056,0.16337868480725623
7206,0.06069934454974033,0.1634013605442177
7207,0.06080763651975776,0.16342403628117913
7208,0.06091473590409166,0.1634467120181406
7209,0.06102063621010017,0.16346938775510203
7210,0.061125330981008516,0.1634920634920635
7211,0.06122881379617531,0.16351473922902493
7212,0.06133107827135765,0.1635374149659864
7213,0.06143211805897478,0.16356009070294786
7214,0.061531926848370694,0.1635827664399093
7215,0.061630498366075336,0.16360544217687076
7216,0.06172782637606438,0.1636281179138322
7217,0.06182390468001778,0.16365079365079366
7218,0.061918727117577135,0.1636734693877551
7219,0.06201228756660135,0.16369614512471656
7220,0.06210457994342135,0.163718820861678
7221,0.06219559820309302,0.16374149659863946
7222,0.06228533633964921,0.1637641723356009
7223,0.062373788386349965,0.16378684807256236
7224,0.06246094841593164,0.16380952380952382
7225,0.06254681054085437,0.16383219954648526
7226,0.06263136891354842,0.16385487528344672
7227,0.06271461772665886,0.16387755102040816
7228,0.06279655121328893,0.16390022675736962
7229,0.06287716364724191,0.16392290249433106
7230,0.06295644934326158,0.16394557823129252
7231,0.06303440265727131,0.16396825396825396
7232,0.06311101798661137,0.16399092970521542
7233,0.06318628977027527,0.16401360544217686
7234,0.06326021248914404,0.16403628117913832
7235,0.06333278066621943,0.16405895691609979
7236,0.06340398886685547,0.16408163265306122
7237,0.06347383169898851,0.16410430839002269
7238,0.06354230381336573,0.16412698412698412
7239,0.06360939990377215,0.16414965986394559
7240,0.06367511470725608,0.16417233560090702
7241,0.06373944300435301,0.16419501133786849
7242,0.06380237961930799,0.16421768707482992
7243,0.0638639194202964,0.16424036281179138
7244,0.06392405731964322,0.16426303854875282
7245,0.06398278827404047,0.16428571428571428
7246,0.06404010728476352,0.16430839002267575
7247,0.06409600939788526,0.16433106575963718
7248,0.06415048970448917,0.16435374149659865
7249,0.06420354334088027,0.16437641723356008
7250,0.06425516548879497,0.16439909297052155
7251,0.06430535137560885,0.16442176870748298
7252,0.06435409627454305,0.16444444444444445
7253,0.06440139550486895,0.16446712018140588
7254,0.06444724443211106,0.16448979591836735
7255,0.06449163846824855,0.16451247165532878
7256,0.06453457307191478,0.16453514739229025
7257,0.0645760437485953,0.1645578231292517
7258,0.06461604605082426,0.16458049886621315
7259,0.06465457557837892,0.1646031746031746
7260,0.06469162797847267,0.16462585034013605
7261,0.064727198945946,0.1646485260770975
7262,0.06476128422345626,0.16467120181405895
7263,0.06479387960166516,0.1646938775510204
7264,0.06482498091942503,0.16471655328798185
7265,0.06485458406396293,0.1647392290249433
7266,0.06488268497106321,0.16476190476190475
7267,0.06490927962524828,0.1647845804988662
7268,0.06493436405995781,0.16480725623582768
7269,0.06495793435772565,0.1648299319727891
7270,0.06497998665035558,0.16485260770975058
7271,0.06500051711909485,0.164875283446712
7272,0.06501952199480623,0.16489795918367348
7273,0.06503699755813794,0.1649206349206349
7274,0.06505294013969203,0.16494331065759638
7275,0.06506734612019091,0.1649659863945578
7276,0.06508021193064205,0.16498866213151928
7277,0.06509153405250073,0.1650113378684807
7278,0.06510130901783115,0.16503401360544218
7279,0.06510953340946558,0.16505668934240364
7280,0.06511620386116186,0.16507936507936508
7281,0.06512131705775862,0.16510204081632654
7282,0.06512486973532919,0.16512471655328798
7283,0.06512685868133332,0.16514739229024944
7284,0.06512728073476706,0.16517006802721088
7285,0.06512613278631088,0.16519274376417234
7286,0.0651234117784758,0.16521541950113378
7287,0.06511911470574773,0.16523809523809524
7288,0.06511323861472987,0.16526077097505668
7289,0.06510578060428315,0.16528344671201814
7290,0.065096737825665,0.1653061224489796
7291,0.06508610748266591,0.16532879818594104
7292,0.06507388683174437,0.1653514739229025
7293,0.06506007318215953,0.16537414965986394
7294,0.06504466389610243,0.1653968253968254
7295,0.0650276563888249,0.16541950113378684
7296,0.06500904812876647,0.1654421768707483
7297,0.06498883663768021,0.16546485260770974
7298,0.06496701949075502,0.1654875283446712
7299,0.06494359431673757,0.16551020408163264
7300,0.0649185587980514,0.1655328798185941
7301,0.06489191067091434,0.16555555555555557
7302,0.06486364772545389,0.165578231292517
7303,0.06483376780582063,0.16560090702947847
7304,0.06480226881029985,0.1656235827664399
7305,0.06476914869142081,0.16564625850340137
7306,0.06473440545606446,0.1656689342403628
7307,0.0646980371655689,0.16569160997732427
7308,0.06466004193583297,0.1657142857142857
7309,0.06462041793741766,0.16573696145124717
7310,0.06457916339564586,0.16575963718820863
7311,0.06453627659069984,0.16578231292517007
7312,0.06449175585771684,0.16580498866213153
7313,0.06444559958688248,0.16582766439909297
7314,0.06439780622352251,0.16585034013605443
7315,0.06434837426819218,0.16587301587301587
7316,0.06429730227676383,0.16589569160997733
7317,0.06424458886051228,0.16591836734693877
7318,0.06419023268619839,0.16594104308390023
7319,0.06413423247615044,0.16596371882086167
7320,0.06407658700834339,0.16598639455782313
7321,0.06401729511647651,0.1660090702947846
7322,0.06395635569004847,0.16603174603174603
7323,0.06389376767443074,0.1660544217687075
7324,0.06382953007093868,0.16607709750566893
7325,0.06376364193690091,0.1660997732426304
7326,0.06369610238572623,0.16612244897959183
7327,0.06362691058696887,0.1661451247165533
7328,0.06355606576639142,0.16616780045351473
7329,0.06348356720602578,0.1661904761904762
7330,0.0634094142442321,0.16621315192743763
7331,0.06333360627575554,0.1662358276643991
7332,0.06325614275178112,0.16625850340136056
7333,0.06317702317998639,0.166281179138322
7334,0.06309624712459194,0.16630385487528346
7335,0.0630138142064101,0.1663265306122449
7336,0.06292972410289134,0.16634920634920636
7337,0.06284397654816863,0.1663718820861678
7338,0.06275657133309985,0.16639455782312926
7339,0.06266750830530789,0.1664172335600907
7340,0.0625767873692189,0.16643990929705216
7341,0.06248440848609835,0.1664625850340136
7342,0.06239037167408483,0.16648526077097506
7343,0.06229467700822218,0.16650793650793652
7344,0.0621973246204892,0.16653061224489796
7345,0.06209831469982717,0.16655328798185942
7346,0.06199764749216571,0.16657596371882086
7347,0.061895323300446184,0.16659863945578232
7348,0.061791342484643116,0.16662131519274376
7349,0.061685705461783445,0.16664399092970522
7350,0.06157841270596392,0.16666666666666666
7351,0.06146946474836605,0.16668934240362812
7352,0.06135886217726921,0.16671201814058956
7353,0.061246605638061516,0.16673469387755102
7354,0.06113269583324875,0.16675736961451249
7355,0.061017133522460965,0.16678004535147392
7356,0.06089991952245716,0.16680272108843539
7357,0.06078105470712773,0.16682539682539682
7358,0.060660540007494976,0.16684807256235828
7359,0.06053837641171135,0.16687074829931972
7360,0.060414564965055616,0.16689342403628118
7361,0.06028910676992713,0.16691609977324262
7362,0.060162002985837584,0.16693877551020408
7363,0.06003325482940103,0.16696145124716552
7364,0.059902863574321716,0.16698412698412698
7365,0.05977083055137962,0.16700680272108845
7366,0.05963715714841419,0.16702947845804988
7367,0.059501844810305675,0.16705215419501135
7368,0.059364895038954625,0.16707482993197278
7369,0.05922630939325902,0.16709750566893425
7370,0.059086089489089604,0.16712018140589568
7371,0.058944236999262774,0.16714285714285715
7372,0.05880075365351169,0.16716553287981858
7373,0.05865564123845504,0.16718820861678005
7374,0.05850890159756384,0.16721088435374148
7375,0.05836053663112614,0.16723356009070295
7376,0.058210548296209544,0.1672562358276644
7377,0.058058938606621646,0.16727891156462585
7378,0.057905709632868535,0.1673015873015873
7379,0.05775086350211093,0.16732426303854875
7380,0.057594402398118485,0.1673469387755102
7381,0.05743632856122186,0.16736961451247165
7382,0.057276644288262665,0.1673922902494331
7383,0.057115351932541504,0.16741496598639455
7384,0.05695245390376372,0.167437641723356
7385,0.05678795266798312,0.16746031746031745
7386,0.0566218507475438,0.1674829931972789
7387,0.056454150721019544,0.16750566893424038
7388,0.05628485522315148,0.1675283446712018
7389,0.05611396694478341,0.16755102040816328
7390,0.055941488632795223,0.1675736961451247
7391,0.055767423090034185,0.16759637188208618
7392,0.05559177317524411,0.1676190476190476
7393,0.05541454180299256,0.16764172335600908
7394,0.055235731943595864,0.1676643990929705
7395,0.055055346623042206,0.16768707482993198
7396,0.05487338892291249,0.1677097505668934
7397,0.054689861980299334,0.16773242630385488
7398,0.05450476898772387,0.16775510204081634
7399,0.05431811319305052,0.16777777777777778
7400,0.054129897899399745,0.16780045351473924
7401,0.05394012646505876,0.16782312925170068
7402,0.053748802303390186,0.16784580498866214
7403,0.05355592888273859,0.16786848072562358
7404,0.05336150972633527,0.16789115646258504
7405,0.053165548412200406,0.16791383219954648
7406,0.052968048573043956,0.16793650793650794
7407,0.05276901389616398,0.16795918367346938
7408,0.05256844812334305,0.16798185941043084
7409,0.05236635505074275,0.1680045351473923
7410,0.05216273852879608,0.16802721088435374
7411,0.051957602462097865,0.1680498866213152
7412,0.051750950809293206,0.16807256235827664
7413,0.05154278758296371,0.1680952380952381
7414,0.05133311684951214,0.16811791383219954
7415,0.051121942729044544,0.168140589569161
7416,0.050909269395250825,0.16816326530612244
7417,0.05069510107528309,0.1681859410430839
7418,0.05047944204963211,0.16820861678004534
7419,0.05026229665200174,0.1682312925170068
7420,0.05004366926918143,0.16825396825396827
7421,0.049823564340916615,0.1682766439909297
7422,0.0496019863597774,0.16829931972789117
7423,0.04937893987102505,0.1683219954648526
7424,0.04915442947247674,0.16834467120181407
7425,0.048928459814367636,0.1683673469387755
7426,0.048701035599212496,0.16839002267573697
7427,0.04847216158166387,0.1684126984126984
7428,0.04824184256836907,0.16843537414965987
7429,0.04801008341782502,0.1684580498866213
7430,0.04777688904023127,0.16848072562358277
7431,0.04754226439734102,0.16850340136054423
7432,0.04730621450231031,0.16852607709750567
7433,0.04706874441954509,0.16854875283446713
7434,0.046829859264546726,0.16857142857142857
7435,0.04658956420375522,0.16859410430839003
7436,0.0463478644543909,0.16861678004535147
7437,0.046104765284293844,0.16863945578231293
7438,0.0458602720117618,0.16866213151927437
7439,0.04561439000538591,0.16868480725623583
7440,0.04536712468388483,0.16870748299319727
7441,0.04511848151593668,0.16873015873015873
7442,0.04486846602000945,0.1687528344671202
7443,0.04461708376418934,0.16877551020408163
7444,0.044364340366007296,0.1687981859410431
7445,0.04411024149226375,0.16882086167800453
7446,0.04385479285885151,0.168843537414966
7447,0.04359800023057678,0.16886621315192743
7448,0.04333986942097839,0.1688888888888889
7449,0.043080406292145136,0.16891156462585033
7450,0.042819616754531525,0.1689342403628118
7451,0.0425575067667714,0.16895691609977323
7452,0.04229408233549006,0.1689795918367347
7453,0.04202934951511438,0.16900226757369616
7454,0.041763314407681246,0.1690249433106576
7455,0.04149598316264421,0.16904761904761906
7456,0.041227361976678374,0.1690702947845805
7457,0.04095745709348343,0.16909297052154196
7458,0.04068627480358515,0.1691156462585034
7459,0.0404138214441348,0.16913832199546486
7460,0.040140103398707175,0.1691609977324263
7461,0.0398651270970966,0.16918367346938776
7462,0.03958889901511144,0.1692063492063492
7463,0.03931142567436663,0.16922902494331066
7464,0.03903271364207482,0.16925170068027212
7465,0.038752769530835514,0.16927437641723356
7466,0.038471599998422715,0.16929705215419502
7467,0.03818921174757069,0.16931972789115646
7468,0.03790561152575832,0.16934240362811792
7469,0.03762080612499148,0.16936507936507936
7470,0.03733480238158397,0.16938775510204082
7471,0.03704760717593671,0.16941043083900226
7472,0.0367592274323153,0.16943310657596372
7473,0.03646967011862581,0.16945578231292516
7474,0.03617894224618923,0.16947845804988662
7475,0.035887050869513965,0.16950113378684808
7476,0.035594003086067,0.16952380952380952
7477,0.03529980603604311,0.16954648526077098
7478,0.035004466902132964,0.16956916099773242
7479,0.03470799290928909,0.16959183673469388
7480,0.034410391324490634,0.16961451247165532
7481,0.03411166945650642,0.16963718820861678
7482,0.03381183465565645,0.16965986394557822
7483,0.03351089431357181,0.16968253968253968
7484,0.03320885586295313,0.16970521541950112
7485,0.03290572677732727,0.16972789115646258
7486,0.032601514570802834,0.16975056689342405
7487,0.03229622679782385,0.16977324263038548
7488,0.0319898710529221,0.16979591836734695
7489,0.03168245497046782,0.16981859410430838
7490,0.03137398622441906,0.16984126984126985
7491,0.031064472528069396,0.16986394557823128
7492,0.03075392163379434,0.16988662131519275
7493,0.03044234133279604,0.16990929705215418
7494,0.03012973945484681,0.16993197278911565
7495,0.02981612386803096,0.16995464852607708
7496,0.029501502478485334,0.16997732426303855
7497,0.029185883230138376,0.17
7498,0.028869274104447708,0.17002267573696145
7499,0.028551683120136413,0.1700453514739229
7500,0.028233118332927867,0.17006802721088435
7501,0.027913587835279065,0.1700907029478458
7502,0.027593099756112797,0.17011337868480725
7503,0.02727166226054825,0.1701360544217687
7504,0.026949283549630325,0.17015873015873015
7505,0.02662597186005755,0.1701814058956916
7506,0.02630173546390877,0.17020408163265305
7507,0.025976582668368373,0.1702267573696145
7508,0.0256505218154502,0.17024943310657598
7509,0.025323561281720273,0.1702721088435374
7510,0.024995709478018005,0.17029478458049888
7511,0.024666974849176397,0.1703174603174603
7512,0.024337365873740614,0.17034013605442178
7513,0.02400689106368557,0.1703628117913832
7514,0.023675558964132138,0.17038548752834468
7515,0.023343378153062068,0.1704081632653061
7516,0.023010357241031756,0.17043083900226758
7517,0.022676504870884663,0.170453514739229
7518,0.022341829717462663,0.17047619047619048
7519,0.02200634048731603,0.17049886621315194
7520,0.021670045918412345,0.17052154195011338
7521,0.021332954779844093,0.17054421768707484
7522,0.020995075871535214,0.17056689342403628
7523,0.020656418023946355,0.17058956916099774
7524,0.020316990097779115,0.17061224489795918
7525,0.019976800983678933,0.17063492063492064
7526,0.01963585960193708,0.17065759637188208
7527,0.019294174902191312,0.17068027210884354
7528,0.018951755863125606,0.17070294784580498
7529,0.018608611492168563,0.17072562358276644
7530,0.01826475082519095,0.1707482993197279
7531,0.017920182926202,0.17077097505668934
7532,0.01757491688704481,0.1707936507936508
7533,0.017228961827090283,0.17081632653061224
7534,0.01688232689293066,0.1708390022675737
7535,0.016535021258071426,0.17086167800453514
7536,0.016187054122622533,0.1708843537414966
7537,0.01583843471298843,0.17090702947845804
7538,0.015489172281557207,0.1709297052154195
7539,0.015139276106388714,0.17095238095238094
7540,0.014788755490901653,0.1709750566893424
7541,0.014437619763559686,0.17099773242630387
7542,0.014085878277556793,0.1710204081632653
7543,0.013733540410501361,0.17104308390022677
7544,0.01338061556409962,0.1710657596371882
7545,0.013027113163837888,0.17108843537414967
7546,0.012673042658664296,0.1711111111111111
7547,0.01231841352066915,0.17113378684807257
7548,0.011963235244764767,0.171156462585034
7549,0.011607517348364179,0.17117913832199547
7550,0.011251269371059205,0.1712018140589569
7551,0.010894500874297514,0.17122448979591837
7552,0.010537221441058883,0.17124716553287983
7553,0.010179440675530605,0.17126984126984127
7554,0.009821168202782185,0.17129251700680273
7555,0.009462413668439067,0.17131519274376417
7556,0.009103186738355761,0.17133786848072563
7557,0.008743497098287908,0.17136054421768707
7558,0.00838335445356398,0.17138321995464853
7559,0.008022768528755775,0.17140589569160997
7560,0.007661749067348553,0.17142857142857143
7561,0.007300305831410156,0.17145124716553287
7562,0.00693844860125957,0.17147392290249433
7563,0.006576187175134765,0.1714965986394558
7564,0.0062135313688597565,0.17151927437641723
7565,0.005850491015510974,0.1715419501133787
7566,0.005487075965083157,0.17156462585034013
7567,0.005123296084154332,0.1715873015873016
7568,0.004759161255550318,0.17160997732426303
7569,0.004394681378008462,0.1716326530612245
7570,0.004029866365840934,0.17165532879818593
7571,0.003664726148597211,0.1716780045351474
7572,0.003299270670726103,0.17170068027210883
7573,0.002933509891237099,0.1717233560090703
7574,0.0025674537833612343,0.17174603174603176
7575,0.0022011123342113442,0.1717687074829932
7576,0.0018344955444417124,0.17179138321995466
7577,0.0014676134279073064,0.1718140589569161
7578,0.0011004760113224113,0.17183673469387756
7579,7.330933339187613E-4,0.171859410430839
7580,3.6547544710315016E-4,0.17188208616780046
7581,-2.3675858853745846E-6,0.1719047619047619
7582,-3.7042569031883743E-4,0.17192743764172336
7583,-7.386887803241676E-4,0.1719501133786848
7584,-0.0011071467592273301,0.17197278911564626
7585,-0.0014757895198981331,0.17199546485260772
7586,-0.00184460694509515,0.17201814058956916
7587,-0.002213588907811377,0.17204081632653062
7588,-0.0025827252716199983,0.17206349206349206
7589,-0.0029520058910207855,0.17208616780045352
7590,-0.003321420611786658,0.17210884353741496
7591,-0.0036909592713107557,0.17213151927437642
7592,-0.004060611698953751,0.17215419501133786
7593,-0.00443036771639161,0.17217687074829932
7594,-0.0048002171379635285,0.17219954648526076
7595,-0.00517014977102034,0.17222222222222222
7596,-0.005540155416273031,0.17224489795918368
7597,-0.005910223868141801,0.17226757369614512
7598,-0.006280344915105089,0.17229024943310658
7599,-0.006650508340049068,0.17231292517006802
7600,-0.0070207039206172835,0.17233560090702948
7601,-0.0073909214295606665,0.17235827664399092
7602,-0.007761150635087508,0.17238095238095238
7603,-0.008131381301213887,0.17240362811791382
7604,-0.008501603188114198,0.17242630385487528
7605,-0.00887180605247185,0.17244897959183675
7606,-0.009241979647830061,0.17247165532879818
7607,-0.00961211372494301,0.17249433106575965
7608,-0.009982198032126896,0.17251700680272108
7609,-0.010352222315611365,0.17253968253968255
7610,-0.010722176319890746,0.17256235827664398
7611,-0.011092049788075754,0.17258503401360545
7612,-0.011461832462244907,0.17260770975056688
7613,-0.011831514083796457,0.17263038548752835
7614,-0.012201084393799876,0.17265306122448978
7615,-0.012570533133347826,0.17267573696145125
7616,-0.012939850043907897,0.1726984126984127
7617,-0.013309024867674612,0.17272108843537415
7618,-0.013678047347921116,0.1727437641723356
7619,-0.014046907229351197,0.17276643990929705
7620,-0.014415594258451039,0.1727891156462585
7621,-0.014784098183841188,0.17281179138321995
7622,-0.015152408756628235,0.1728344671201814
7623,-0.015520515730756603,0.17285714285714285
7624,-0.015888408863360213,0.1728798185941043
7625,-0.016256077915114145,0.17290249433106575
7626,-0.016623512650586016,0.1729251700680272
7627,-0.016990702838587547,0.17294784580498868
7628,-0.01735763825252572,0.1729705215419501
7629,-0.01772430867075406,0.17299319727891158
7630,-0.018090703876923544,0.173015873015873
7631,-0.018456813660333506,0.17303854875283448
7632,-0.018822627816282356,0.1730612244897959
7633,-0.019188136146418042,0.17308390022675738
7634,-0.019553328459088432,0.1731065759637188
7635,-0.019918194569691357,0.17312925170068028
7636,-0.02028272430102455,0.1731519274376417
7637,-0.020646907483635346,0.17317460317460318
7638,-0.021010733956169956,0.17319727891156464
7639,-0.021374193565722763,0.17321995464852608
7640,-0.02173727616818514,0.17324263038548754
7641,-0.022099971628594093,0.17326530612244898
7642,-0.022462269821480488,0.17328798185941044
7643,-0.022824160631217144,0.17331065759637188
7644,-0.023185633952366395,0.17333333333333334
7645,-0.023546679690027564,0.17335600907029478
7646,-0.023907287760183832,0.17337868480725624
7647,-0.024267448090048892,0.17340136054421768
7648,-0.024627150618413238,0.17342403628117914
7649,-0.024986385295990052,0.1734467120181406
7650,-0.025345142085760584,0.17346938775510204
7651,-0.0257034109633193,0.1734920634920635
7652,-0.026061181917218432,0.17351473922902494
7653,-0.026418444949312288,0.1735374149659864
7654,-0.0267751900751009,0.17356009070294784
7655,-0.02713140732407332,0.1735827664399093
7656,-0.027487086740050494,0.17360544217687074
7657,-0.027842218381527527,0.1736281179138322
7658,-0.02819679232201552,0.17365079365079364
7659,-0.028550798650382903,0.1736734693877551
7660,-0.028904227471196118,0.17369614512471657
7661,-0.029257068905060083,0.173718820861678
7662,-0.029609313088957662,0.17374149659863947
7663,-0.02996095017658893,0.1737641723356009
7664,-0.03031197033870968,0.17378684807256237
7665,-0.0306623637634694,0.1738095238095238
7666,-0.03101212065674868,0.17383219954648527
7667,-0.031361231242495916,0.1738548752834467
7668,-0.03170968576306353,0.17387755102040817
7669,-0.03205747447954338,0.1739002267573696
7670,-0.03240458767210164,0.17392290249433107
7671,-0.032751015640313,0.17394557823129253
7672,-0.03309674870349416,0.17396825396825397
7673,-0.0334417772010367,0.17399092970521543
7674,-0.03378609149273912,0.17401360544217687
7675,-0.03412968195913836,0.17403628117913833
7676,-0.034472539001840406,0.17405895691609977
7677,-0.03481465304385032,0.17408163265306123
7678,-0.0351560145299014,0.17410430839002267
7679,-0.03549661392678369,0.17412698412698413
7680,-0.03497783348588464,0.17414965986394557
7681,-0.03503362355586033,0.17417233560090703
7682,-0.03508871030526783,0.1741950113378685
7683,-0.03514309107720418,0.17421768707482993
7684,-0.03519676323626077,0.1742403628117914
7685,-0.03524972416862802,0.17426303854875283
7686,-0.03530197128219945,0.1742857142857143
7687,-0.035353502006674885,0.17430839002267573
7688,-0.03540431379366287,0.1743310657596372
7689,-0.035454404116782336,0.17435374149659863
7690,-0.03550377047176354,0.1743764172335601
7691,-0.03555241037654813,0.17439909297052153
7692,-0.03560032137138851,0.174421768707483
7693,-0.035647501018946266,0.17444444444444446
7694,-0.035693946904389984,0.1744671201814059
7695,-0.03573965663549217,0.17448979591836736
7696,-0.03578462784272532,0.1745124716553288
7697,-0.035828858179357256,0.17453514739229026
7698,-0.03587234532154571,0.1745578231292517
7699,-0.035915086968431834,0.17458049886621316
7700,-0.0359570808422333,0.1746031746031746
7701,-0.03599832468833618,0.17462585034013606
7702,-0.03603881627538621,0.1746485260770975
7703,-0.036078553395379236,0.17467120181405896
7704,-0.03611753386375073,0.17469387755102042
7705,-0.03615575551946453,0.17471655328798186
7706,-0.036193216225100716,0.17473922902494332
7707,-0.03622991386694269,0.17476190476190476
7708,-0.03626584635506336,0.17478458049886622
7709,-0.03630101162341047,0.17480725623582766
7710,-0.03633540762989113,0.17482993197278912
7711,-0.03636903235645542,0.17485260770975056
7712,-0.03640188380917923,0.17487528344671202
7713,-0.03643396001834616,0.17489795918367346
7714,-0.03646525903852852,0.17492063492063492
7715,-0.03649577894866762,0.17494331065759638
7716,-0.036525517852152994,0.17496598639455782
7717,-0.03655447387690092,0.17498866213151928
7718,-0.0365826451754319,0.17501133786848072
7719,-0.036610029924947426,0.17503401360544218
7720,-0.03663662632740574,0.17505668934240362
7721,-0.03666243260959677,0.17507936507936508
7722,-0.0366874470232161,0.17510204081632652
7723,-0.0367116678449382,0.17512471655328798
7724,-0.03673509337648855,0.17514739229024942
7725,-0.036757721944715105,0.17517006802721088
7726,-0.036779551901658616,0.17519274376417235
7727,-0.03680058162462224,0.17521541950113378
7728,-0.03682080951624018,0.17523809523809525
7729,-0.03684023400454532,0.17526077097505668
7730,-0.03685885354303617,0.17528344671201815
7731,-0.0368766666107426,0.17530612244897958
7732,-0.036893671712291014,0.17532879818594105
7733,-0.03690986737796824,0.17535147392290248
7734,-0.03692525216378475,0.17537414965986395
7735,-0.036939824651536904,0.17539682539682538
7736,-0.03695358344886817,0.17541950113378685
7737,-0.03696652718932953,0.1754421768707483
7738,-0.03697865453243892,0.17546485260770975
7739,-0.036989964163739696,0.1754875283446712
7740,-0.03700045479485824,0.17551020408163265
7741,-0.037010125163560524,0.1755328798185941
7742,-0.037018974033807855,0.17555555555555555
7743,-0.03702700019581161,0.175578231292517
7744,-0.037034202466086956,0.17560090702947845
7745,-0.037040579687505876,0.1756235827664399
7746,-0.037046130729348856,0.17564625850340135
7747,-0.037050854487356004,0.1756689342403628
7748,-0.03705474988377699,0.17569160997732428
7749,-0.03705781586742006,0.1757142857142857
7750,-0.0370600514137002,0.17573696145124718
7751,-0.037061455524686246,0.1757596371882086
7752,-0.037062027229147,0.17578231292517008
7753,-0.03706176558259651,0.1758049886621315
7754,-0.03706066966733826,0.17582766439909298
7755,-0.037058738592508536,0.1758503401360544
7756,-0.03705597149411862,0.17587301587301588
7757,-0.03705236753509624,0.1758956916099773
7758,-0.0370479259053259,0.17591836734693878
7759,-0.03704264582168827,0.17594104308390024
7760,-0.03703652652809867,0.17596371882086168
7761,-0.03702956729554441,0.17598639455782314
7762,-0.03702176742212143,0.17600907029478458
7763,-0.03701312623306966,0.17603174603174604
7764,-0.037003643080807606,0.17605442176870748
7765,-0.03699331734496588,0.17607709750566894
7766,-0.036982148432419724,0.17609977324263038
7767,-0.036970135777320653,0.17612244897959184
7768,-0.036957278841126956,0.17614512471655328
7769,-0.03694357711263335,0.17616780045351474
7770,-0.03692903010799962,0.1761904761904762
7771,-0.036913637370778164,0.17621315192743764
7772,-0.03689739847194069,0.1762358276643991
7773,-0.036880313009903874,0.17625850340136054
7774,-0.03686238061055393,0.176281179138322
7775,-0.03684360092727037,0.17630385487528344
7776,-0.036823973640948617,0.1763265306122449
7777,-0.0368034984600217,0.17634920634920634
7778,-0.03678217512048092,0.1763718820861678
7779,-0.036760003385895516,0.17639455782312924
7780,-0.036736983047431344,0.1764172335600907
7781,-0.03671311392386863,0.17643990929705217
7782,-0.03668839586161859,0.1764625850340136
7783,-0.03666282873473911,0.17648526077097507
7784,-0.03663641244494948,0.1765079365079365
7785,-0.036609146921644055,0.17653061224489797
7786,-0.03658103212190494,0.1765532879818594
7787,-0.036552068030513654,0.17657596371882087
7788,-0.036522254659961846,0.1765986394557823
7789,-0.03649159205046095,0.17662131519274377
7790,-0.03646008026995086,0.1766439909297052
7791,-0.03642771941410759,0.17666666666666667
7792,-0.03639450960634998,0.17668934240362813
7793,-0.03636045099784526,0.17671201814058957
7794,-0.036325543767513804,0.17673469387755103
7795,-0.036289788122032755,0.17675736961451247
7796,-0.03625318429583863,0.17678004535147393
7797,-0.03621573255112901,0.17680272108843537
7798,-0.036177433177863094,0.17682539682539683
7799,-0.03613828649376145,0.17684807256235827
7800,-0.03609829284430448,0.17687074829931973
7801,-0.036057452602730175,0.17689342403628117
7802,-0.036015766170030626,0.17691609977324263
7803,-0.0359732339749477,0.1769387755102041
7804,-0.035929856473967535,0.17696145124716553
7805,-0.035885634151314245,0.176984126984127
7806,-0.03584056751894239,0.17700680272108843
7807,-0.0357946571165287,0.1770294784580499
7808,-0.03574790351146238,0.17705215419501133
7809,-0.03570030729883516,0.1770748299319728
7810,-0.03565186910142928,0.17709750566893423
7811,-0.03560258956970544,0.1771201814058957
7812,-0.03555246938178917,0.17714285714285713
7813,-0.03550150924345649,0.1771655328798186
7814,-0.035449709888118394,0.17718820861678006
7815,-0.03539707207680441,0.1772108843537415
7816,-0.03534359659814515,0.17723356009070296
7817,-0.035289284268353815,0.1772562358276644
7818,-0.03523413593120675,0.17727891156462586
7819,-0.03517815245802302,0.1773015873015873
7820,-0.03512133474764289,0.17732426303854876
7821,-0.03506368372640539,0.1773469387755102
7822,-0.03500520034812484,0.17736961451247166
7823,-0.03494588559406642,0.1773922902494331
7824,-0.034885740472920694,0.17741496598639456
7825,-0.03482476602077714,0.17743764172335602
7826,-0.034762963301096746,0.17746031746031746
7827,-0.03470033340468355,0.17748299319727892
7828,-0.034636877449655185,0.17750566893424036
7829,-0.03457259658141248,0.17752834467120182
7830,-0.03450749197260804,0.17755102040816326
7831,-0.03444156482311381,0.17757369614512472
7832,-0.03437481635998775,0.17759637188208616
7833,-0.03430724783743933,0.17761904761904762
7834,-0.0342388605367943,0.17764172335600906
7835,-0.034169655766458175,0.17766439909297052
7836,-0.03409963486187908,0.17768707482993198
7837,-0.03402879918550924,0.17770975056689342
7838,-0.03395715012676579,0.17773242630385488
7839,-0.03388468910199048,0.17775510204081632
7840,-0.03381141755440835,0.17777777777777778
7841,-0.03373733695408555,0.17780045351473922
7842,-0.033662448797886095,0.17782312925170068
7843,-0.033586754609427644,0.17784580498866212
7844,-0.0335102559390364,0.17786848072562358
7845,-0.033432954363700904,0.17789115646258502
7846,-0.03335485148702498,0.17791383219954648
7847,-0.03327594893917963,0.17793650793650795
7848,-0.03319624837685399,0.17795918367346938
7849,-0.033115751483205384,0.17798185941043085
7850,-0.03303445996780823,0.17800453514739228
7851,-0.03295237556660226,0.17802721088435375
7852,-0.0328695000418395,0.17804988662131518
7853,-0.03278583518203053,0.17807256235827665
7854,-0.032701382801889584,0.17809523809523808
7855,-0.03261614474227889,0.17811791383219955
7856,-0.0325301228701519,0.17814058956916098
7857,-0.032443319078495625,0.17816326530612245
7858,-0.032355735286272114,0.1781859410430839
7859,-0.03226737343835877,0.17820861678004535
7860,-0.032178235505488026,0.1782312925170068
7861,-0.032088323484185735,0.17825396825396825
7862,-0.03199763939670894,0.1782766439909297
7863,-0.031906185290982485,0.17829931972789115
7864,-0.0318139632405348,0.1783219954648526
7865,-0.031720975344432745,0.17834467120181405
7866,-0.03162722372721542,0.1783673469387755
7867,-0.03153271053882728,0.17839002267573695
7868,-0.031437437954550014,0.1784126984126984
7869,-0.03134140817493379,0.17843537414965988
7870,-0.03124462342572738,0.1784580498866213
7871,-0.031147085957807474,0.17848072562358278
7872,-0.03104879804710705,0.1785034013605442
7873,-0.030949761994542836,0.17852607709750568
7874,-0.03084998012594183,0.1785487528344671
7875,-0.030749454791966932,0.17857142857142858
7876,-0.030648188368041708,0.17859410430839
7877,-0.030546183254274203,0.17861678004535148
7878,-0.0304434418753799,0.1786394557823129
7879,-0.030339966680603694,0.17866213151927438
7880,-0.0302357601436411,0.17868480725623584
7881,-0.030130824762558482,0.17870748299319728
7882,-0.030025163059712413,0.17873015873015874
7883,-0.02991877758166813,0.17875283446712018
7884,-0.02981167089911722,0.17877551020408164
7885,-0.0297038456067942,0.17879818594104308
7886,-0.02959530432339249,0.17882086167800454
7887,-0.029486049691479305,0.17884353741496598
7888,-0.02937608437740979,0.17886621315192744
7889,-0.029265411071240227,0.17888888888888888
7890,-0.02915403248664044,0.17891156462585034
7891,-0.029041951360805257,0.1789342403628118
7892,-0.02892917045436521,0.17895691609977324
7893,-0.02881569255129631,0.1789795918367347
7894,-0.028701520458828976,0.17900226757369614
7895,-0.028586657007356162,0.1790249433106576
7896,-0.028471105050340645,0.17904761904761904
7897,-0.028354867464221334,0.1790702947845805
7898,-0.028237947148318947,0.17909297052154194
7899,-0.02812034702474073,0.1791156462585034
7900,-0.028002070038284352,0.17913832199546487
7901,-0.027883119156341004,0.1791609977324263
7902,-0.027763497368797657,0.17918367346938777
7903,-0.02764320768793852,0.1792063492063492
7904,-0.027522253148345624,0.17922902494331067
7905,-0.027400636806798717,0.1792517006802721
7906,-0.027278361742174177,0.17927437641723357
7907,-0.02715543105534328,0.179297052154195
7908,-0.02703184786906955,0.17931972789115647
7909,-0.026907615327905397,0.1793424036281179
7910,-0.02678273659808791,0.17936507936507937
7911,-0.026657214867433863,0.17938775510204083
7912,-0.02653105334523395,0.17941043083900227
7913,-0.026404255262146226,0.17943310657596373
7914,-0.02627682387008881,0.17945578231292517
7915,-0.026148762442131702,0.17947845804988663
7916,-0.026020074272387998,0.17950113378684807
7917,-0.025890762675904157,0.17952380952380953
7918,-0.02576083098854965,0.17954648526077097
7919,-0.025630282566905783,0.17956916099773243
7920,-0.025499120788153765,0.17959183673469387
7921,-0.02536734904996199,0.17961451247165533
7922,-0.025234970770372716,0.1796371882086168
7923,-0.02510198938768781,0.17965986394557823
7924,-0.024968408360353925,0.1796825396825397
7925,-0.02483423116684677,0.17970521541950113
7926,-0.02469946130555483,0.1797278911564626
7927,-0.024564102294662236,0.17975056689342403
7928,-0.024428157672030944,0.1797732426303855
7929,-0.024291630995082213,0.17979591836734693
7930,-0.024154525840677378,0.1798185941043084
7931,-0.024016845804997876,0.17984126984126983
7932,-0.023878594503424604,0.1798639455782313
7933,-0.023739775570416517,0.17988662131519276
7934,-0.02360039265938868,0.1799092970521542
7935,-0.02346044944258939,0.17993197278911566
7936,-0.02331994961097693,0.1799546485260771
7937,-0.023178896874095106,0.17997732426303856
7938,-0.023037294959948926,0.18
7939,-0.022895147614878826,0.18002267573696146
7940,-0.022752458603434632,0.1800453514739229
7941,-0.022609231708248724,0.18006802721088436
7942,-0.02246547072990865,0.1800907029478458
7943,-0.022321179486828963,0.18011337868480726
7944,-0.0221763618151225,0.18013605442176872
7945,-0.022031021568470935,0.18015873015873016
7946,-0.021885162617994815,0.18018140589569162
7947,-0.021738788852122784,0.18020408163265306
7948,-0.02159190417646037,0.18022675736961452
7949,-0.021444512513657962,0.18024943310657596
7950,-0.02129661780327833,0.18027210884353742
7951,-0.021148224001663402,0.18029478458049886
7952,-0.020999335081800522,0.18031746031746032
7953,-0.020849955033188008,0.18034013605442176
7954,-0.02070008786170022,0.18036281179138322
7955,-0.020549737589451927,0.18038548752834468
7956,-0.020398908254662153,0.18040816326530612
7957,-0.0202476039115174,0.18043083900226758
7958,-0.02009582863003429,0.18045351473922902
7959,-0.01994358649592167,0.18047619047619048
7960,-0.01979088161044211,0.18049886621315192
7961,-0.019637718090272788,0.18052154195011338
7962,-0.019484100067365936,0.18054421768707482
7963,-0.01933003168880862,0.18056689342403628
7964,-0.019175517116682042,0.18058956916099772
7965,-0.019020560527920196,0.18061224489795918
7966,-0.018865166114168122,0.18063492063492065
7967,-0.018709338081639534,0.18065759637188208
7968,-0.018553080650973875,0.18068027210884355
7969,-0.018396398057093,0.18070294784580498
7970,-0.018239294549057195,0.18072562358276645
7971,-0.018081774389920716,0.18074829931972788
7972,-0.01792384185658687,0.18077097505668935
7973,-0.017765501239662546,0.18079365079365078
7974,-0.01760675684331226,0.18081632653061225
7975,-0.017447612985111667,0.18083900226757368
7976,-0.01728807399590072,0.18086167800453515
7977,-0.01712814421963612,0.1808843537414966
7978,-0.01696782801324351,0.18090702947845805
7979,-0.016807129746469078,0.1809297052154195
7980,-0.01664605380173072,0.18095238095238095
7981,-0.016484604573968734,0.1809750566893424
7982,-0.01632278647049606,0.18099773242630385
7983,-0.01616060391084813,0.1810204081632653
7984,-0.01599806132663214,0.18104308390022675
7985,-0.01583516316137602,0.1810657596371882
7986,-0.0156719138703769,0.18108843537414965
7987,-0.015508317920549155,0.1811111111111111
7988,-0.015344379790272065,0.18113378684807258
7989,-0.015180103969236938,0.181156462585034
7990,-0.015015494958294047,0.18117913832199548
7991,-0.01485055726929892,0.1812018140589569
7992,-0.014685295424958379,0.18122448979591838
7993,-0.014519713958676121,0.1812471655328798
7994,-0.014353817414397967,0.18126984126984128
7995,-0.01418761034645667,0.1812925170068027
7996,-0.014021097319416372,0.18131519274376418
7997,-0.013854282907916664,0.1813378684807256
7998,-0.013687171696516343,0.18136054421768708
7999,-0.013519768279536753,0.18138321995464854
8000,-0.013352077260904753,0.18140589569160998
8001,-0.013184103253995442,0.18142857142857144
8002,-0.013015850881474415,0.18145124716553288
8003,-0.012847324775139722,0.18147392290249434
8004,-0.012678529575763584,0.18149659863945578
8005,-0.01250946993293363,0.18151927437641724
8006,-0.012340150504893966,0.18154195011337868
8007,-0.012170575958385797,0.18156462585034014
8008,-0.01200075096848784,0.18158730158730158
8009,-0.011830680218456395,0.18160997732426304
8010,-0.011660368399565114,0.1816326530612245
8011,-0.011489820210944489,0.18165532879818594
8012,-0.011319040359421082,0.1816780045351474
8013,-0.011148033559356403,0.18170068027210884
8014,-0.0109768045324856,0.1817233560090703
8015,-0.010805358007755835,0.18174603174603174
8016,-0.010633698721164424,0.1817687074829932
8017,-0.010461831415596656,0.18179138321995464
8018,-0.01028976084066349,0.1818140589569161
8019,-0.010117491752538874,0.18183673469387754
8020,-0.009945028913796937,0.181859410430839
8021,-0.009772377093248836,0.18188208616780047
8022,-0.009599541065779503,0.1819047619047619
8023,-0.009426525612184104,0.18192743764172337
8024,-0.009253335519004266,0.1819501133786848
8025,-0.009079975578364131,0.18197278911564627
8026,-0.008906450587806234,0.1819954648526077
8027,-0.008732765350127115,0.18201814058956917
8028,-0.008558924673212833,0.1820408163265306
8029,-0.008384933369874179,0.18206349206349207
8030,-0.008210796257681847,0.1820861678004535
8031,-0.008036518158801327,0.18210884353741497
8032,-0.007862103899827685,0.18213151927437643
8033,-0.00768755831162018,0.18215419501133787
8034,-0.007512886229136723,0.18217687074829933
8035,-0.0073380924912681625,0.18219954648526077
8036,-0.007163181940672503,0.18222222222222223
8037,-0.0069881594236088935,0.18224489795918367
8038,-0.006813029789771587,0.18226757369614513
8039,-0.0066377978921236605,0.18229024943310657
8040,-0.0064624685867307845,0.18231292517006803
8041,-0.0062870467325946595,0.18233560090702947
8042,-0.006111537191486603,0.18235827664399093
8043,-0.005935944827780808,0.1823809523809524
8044,-0.005760274508287689,0.18240362811791383
8045,-0.005584531102086985,0.1824263038548753
8046,-0.005408719480360945,0.18244897959183673
8047,-0.005232844516227315,0.1824716553287982
8048,-0.005056911084572319,0.18249433106575963
8049,-0.004880924061883526,0.1825170068027211
8050,-0.004704888326082769,0.18253968253968253
8051,-0.00452880875635887,0.182562358276644
8052,-0.004352690233000476,0.18258503401360543
8053,-0.004176537637228684,0.1826077097505669
8054,-0.004000355851029841,0.18263038548752836
8055,-0.0038241497569881273,0.1826530612244898
8056,-0.0036479242381182685,0.18267573696145126
8057,-0.0034716841776981037,0.1826984126984127
8058,-0.00329543445910129,0.18272108843537416
8059,-0.003119179965629916,0.1827437641723356
8060,-0.0029429255803471114,0.18276643990929706
8061,-0.0027666761859097156,0.1827891156462585
8062,-0.0025904366644009837,0.18281179138321996
8063,-0.002414211897163239,0.1828344671201814
8064,-0.0022380067646306408,0.18285714285714286
8065,-0.002061826146161898,0.18287981859410432
8066,-0.0018856749198731398,0.18290249433106576
8067,-0.0017095579624707528,0.18292517006802722
8068,-0.00153348014908428,0.18294784580498866
8069,-0.0013574463530993987,0.18297052154195012
8070,-0.0011814614459910305,0.18299319727891156
8071,-0.0010055302971563596,0.18301587301587302
8072,-8.296577737481204E-4,0.18303854875283446
8073,-6.538487405078341E-4,0.18306122448979592
8074,-4.7810805959922105E-4,0.18308390022675736
8075,-3.024405904416532E-4,0.18310657596371882
8076,-1.2685118954377378E-4,0.18312925170068028
8077,4.865528966286996E-5,0.18315192743764172
8078,2.240739969899281E-4,0.18317460317460318
8079,3.9940008565839125E-4,0.18319727891156462
8080,5.746287124644752E-4,0.18321995464852608
8081,7.497550379454501E-4,0.18324263038548752
8082,9.247742265452719E-4,0.18326530612244898
8083,0.0010996814467801215,0.18328798185941042
8084,0.0012744718714037193,0.18331065759637188
8085,0.0014491406775726055,0.18333333333333332
8086,0.001623683047011052,0.18335600907029478
8087,0.0017980941661760348,0.18337868480725625
8088,0.0019723692264218187,0.18340136054421768
8089,0.0021465034241645534,0.18342403628117915
8090,0.002320491961046488,0.18344671201814058
8091,0.0024943300441001466,0.18346938775510205
8092,0.0026680128859121934,0.18349206349206348
8093,0.002841535704787186,0.18351473922902495
8094,0.0030148937249109987,0.18353741496598638
8095,0.0031880821765141454,0.18356009070294785
8096,0.003361096296034786,0.18358276643990928
8097,0.0035339313262815614,0.18360544217687075
8098,0.0037065825165961287,0.1836281179138322
8099,0.0038790451230155242,0.18365079365079365
8100,0.004051314408434217,0.1836734693877551
8101,0.004223385642765956,0.18369614512471655
8102,0.004395254103105279,0.183718820861678
8103,0.0045669150738888754,0.18374149659863945
8104,0.0047383638470565375,0.1837641723356009
8105,0.0049095957222119475,0.18378684807256235
8106,0.005080606006783084,0.1838095238095238
8107,0.0052513900161824355,0.18383219954648525
8108,0.005421943073966805,0.1838548752834467
8109,0.00559226051199695,0.18387755102040818
8110,0.005762337670596753,0.1839002267573696
8111,0.005932169898712201,0.18392290249433108
8112,0.006101752554070006,0.1839455782312925
8113,0.006271081003335876,0.18396825396825398
8114,0.006440150622272481,0.1839909297052154
8115,0.006608956795897082,0.18401360544217688
8116,0.006777494918638782,0.1840362811791383
8117,0.006945760394495496,0.18405895691609978
8118,0.007113748637190468,0.1840816326530612
8119,0.007281455070328523,0.18410430839002268
8120,0.0074488751275518985,0.18412698412698414
8121,0.007616004252695711,0.18414965986394558
8122,0.00778283789994304,0.18417233560090704
8123,0.00794937153397966,0.18419501133786848
8124,0.008115600630148326,0.18421768707482994
8125,0.00828152067460276,0.18424036281179137
8126,0.008447127164461088,0.18426303854875284
8127,0.008612415607959025,0.18428571428571427
8128,0.008777381524602538,0.18430839002267574
8129,0.008942020445320187,0.18433106575963717
8130,0.009106327912614905,0.18435374149659864
8131,0.009270299480715515,0.1843764172335601
8132,0.00943393071572766,0.18439909297052154
8133,0.00959721719578444,0.184421768707483
8134,0.009760154511196448,0.18444444444444444
8135,0.009922738264601499,0.1844671201814059
8136,0.010084964071113787,0.18448979591836734
8137,0.010246827558472666,0.1845124716553288
8138,0.010408324367190913,0.18453514739229024
8139,0.010569450150702535,0.1845578231292517
8140,0.010730200575510097,0.18458049886621314
8141,0.01089057132133157,0.1846031746031746
8142,0.011050558081246687,0.18462585034013607
8143,0.011210156561842788,0.1846485260770975
8144,0.01136936248336021,0.18467120181405897
8145,0.011528171579837111,0.1846938775510204
8146,0.01168657959925383,0.18471655328798187
8147,0.011844582303676732,0.1847392290249433
8148,0.012002175469401485,0.18476190476190477
8149,0.0121593548870959,0.1847845804988662
8150,0.012316116361942096,0.18480725623582767
8151,0.012472455713778313,0.1848299319727891
8152,0.012628368777239996,0.18485260770975057
8153,0.012783851401900512,0.18487528344671203
8154,0.012938899452411137,0.18489795918367347
8155,0.013093508808640648,0.18492063492063493
8156,0.013247675365814228,0.18494331065759637
8157,0.013401395034651892,0.18496598639455783
8158,0.013554663741506271,0.18498866213151927
8159,0.013707477428499884,0.18501133786848073
8160,0.013859832053661765,0.18503401360544217
8161,0.014011723591063565,0.18505668934240363
8162,0.014163148030954989,0.18507936507936507
8163,0.014314101379898718,0.18510204081632653
8164,0.01446457966090465,0.185124716553288
8165,0.01461457891356361,0.18514739229024943
8166,0.01476409519418036,0.1851700680272109
8167,0.014913124575906093,0.18519274376417233
8168,0.015061663148870218,0.1852154195011338
8169,0.015209707020311563,0.18523809523809523
8170,0.015357252314708945,0.1852607709750567
8171,0.015504295173911086,0.18528344671201813
8172,0.0156508317572659,0.1853061224489796
8173,0.01579685824174916,0.18532879818594103
8174,0.01594237082209244,0.1853514739229025
8175,0.016087365710910483,0.18537414965986396
8176,0.016231839138827878,0.1853968253968254
8177,0.01637578735460506,0.18541950113378686
8178,0.016519206625263638,0.1854421768707483
8179,0.016662093236211113,0.18546485260770976
8180,0.016804443491364812,0.1854875283446712
8181,0.01694625371327526,0.18551020408163266
8182,0.017087520243248736,0.1855328798185941
8183,0.017228239441469236,0.18555555555555556
8184,0.017368407687119735,0.185578231292517
8185,0.01750802137850268,0.18560090702947846
8186,0.01764707693315984,0.18562358276643992
8187,0.017785570787991423,0.18564625850340136
8188,0.01792349939937448,0.18566893424036282
8189,0.01806085924328063,0.18569160997732426
8190,0.018197646815392966,0.18571428571428572
8191,0.018333858631222368,0.18573696145124716
8192,0.009277264125826443,0.18575963718820862
8193,0.009238657517148882,0.18578231292517006
8194,0.00919978295148493,0.18580498866213152
8195,0.009160641441298063,0.18582766439909298
8196,0.009121234008412665,0.18585034013605442
8197,0.009081561683979828,0.18587301587301588
8198,0.009041625508442772,0.18589569160997732
8199,0.009001426531501957,0.18591836734693878
8200,0.00896096581207982,0.18594104308390022
8201,0.008920244418285195,0.18596371882086168
8202,0.008879263427377375,0.18598639455782312
8203,0.008838023925729853,0.18600907029478458
8204,0.008796527008793714,0.18603174603174602
8205,0.008754773781060696,0.18605442176870748
8206,0.008712765356025913,0.18607709750566895
8207,0.008670502856150248,0.18609977324263038
8208,0.008627987412822426,0.18612244897959185
8209,0.00858522016632073,0.18614512471655328
8210,0.008542202265774408,0.18616780045351475
8211,0.008498934869124753,0.18619047619047618
8212,0.008455419143085851,0.18621315192743765
8213,0.008411656263105003,0.18623582766439908
8214,0.008367647413322831,0.18625850340136055
8215,0.008323393786533054,0.18628117913832198
8216,0.008278896584141953,0.18630385487528345
8217,0.008234157016127503,0.1863265306122449
8218,0.008189176300998215,0.18634920634920635
8219,0.008143955665751632,0.1863718820861678
8220,0.00809849634583253,0.18639455782312925
8221,0.00805279958509079,0.1864172335600907
8222,0.008006866635738984,0.18643990929705215
8223,0.00796069875830963,0.1864625850340136
8224,0.00791429722161215,0.18648526077097505
8225,0.007867663302689513,0.1865079365079365
8226,0.00782079828677458,0.18653061224489795
8227,0.007773703467246149,0.1865532879818594
8228,0.007726380145584685,0.18657596371882088
8229,0.007678829631327762,0.1865986394557823
8230,0.007631053242025213,0.18662131519274378
8231,0.007583052303193965,0.1866439909297052
8232,0.0075348281482725855,0.18666666666666668
8233,0.0074863821185755484,0.1866893424036281
8234,0.007437715563247192,0.18671201814058958
8235,0.007388829839215398,0.186734693877551
8236,0.007339726311144968,0.18675736961451248
8237,0.00729040635139074,0.1867800453514739
8238,0.0072408713399503815,0.18680272108843538
8239,0.0071911226644169515,0.18682539682539684
8240,0.007141161719931125,0.18684807256235827
8241,0.007090989909133174,0.18687074829931974
8242,0.007040608642114663,0.18689342403628117
8243,0.00699001933636987,0.18691609977324264
8244,0.006939223416746928,0.18693877551020407
8245,0.006888222315398682,0.18696145124716554
8246,0.006837017471733315,0.18698412698412697
8247,0.006785610332364664,0.18700680272108844
8248,0.00673400235106229,0.18702947845804987
8249,0.006682194988701271,0.18705215419501134
8250,0.006630189713211752,0.1870748299319728
8251,0.006577987999528217,0.18709750566893424
8252,0.006525591329538492,0.1871201814058957
8253,0.006473001192032516,0.18714285714285714
8254,0.006420219082650842,0.1871655328798186
8255,0.006367246503832888,0.18718820861678004
8256,0.0063140849647649235,0.1872108843537415
8257,0.006260735981327831,0.18723356009070294
8258,0.006207201076044594,0.1872562358276644
8259,0.006153481778027551,0.18727891156462584
8260,0.006099579622925409,0.1873015873015873
8261,0.0060454961528700005,0.18732426303854877
8262,0.005991232916422822,0.1873469387755102
8263,0.005936791468521313,0.18736961451247167
8264,0.005882173370424907,0.1873922902494331
8265,0.0058273801896608505,0.18741496598639457
8266,0.005772413499969788,0.187437641723356
8267,0.005717274881251115,0.18746031746031747
8268,0.0056619659195081065,0.1874829931972789
8269,0.005606488206792806,0.18750566893424037
8270,0.005550843341150711,0.1875283446712018
8271,0.00549503292656523,0.18755102040816327
8272,0.0054390585729019,0.18757369614512473
8273,0.005382921895852407,0.18759637188208617
8274,0.005326624516878391,0.18761904761904763
8275,0.005270168063155026,0.18764172335600907
8276,0.005213554167514391,0.18766439909297053
8277,0.005156784468388628,0.18768707482993197
8278,0.005099860609752906,0.18770975056689343
8279,0.005042784241068166,0.18773242630385487
8280,0.004985557017223668,0.18775510204081633
8281,0.004928180598479327,0.18777777777777777
8282,0.0048706566504078674,0.18780045351473923
8283,0.004812986843836775,0.1878231292517007
8284,0.004755172854790033,0.18784580498866213
8285,0.0046972163644296945,0.1878684807256236
8286,0.004639119058997243,0.18789115646258503
8287,0.004580882629754786,0.1879138321995465
8288,0.004522508772926038,0.18793650793650793
8289,0.00446399918963713,0.1879591836734694
8290,0.004405355585857247,0.18798185941043083
8291,0.004346579672339064,0.1880045351473923
8292,0.004287673164559032,0.18802721088435373
8293,0.0042286377826574436,0.1880498866213152
8294,0.004169475251378398,0.18807256235827666
8295,0.004110187300009515,0.1880952380952381
8296,0.004050775662321532,0.18811791383219956
8297,0.003991242076507722,0.188140589569161
8298,0.003931588285123137,0.18816326530612246
8299,0.003871816035023701,0.1881859410430839
8300,0.0038119270773051494,0.18820861678004536
8301,0.0037519231672417737,0.1882312925170068
8302,0.003691806064225064,0.18825396825396826
8303,0.0036315775317021684,0.1882766439909297
8304,0.0035712393371141946,0.18829931972789116
8305,0.003510793251834379,0.18832199546485262
8306,0.003450241051106109,0.18834467120181406
8307,0.003389584513980798,0.18836734693877552
8308,0.003328825423255612,0.18839002267573696
8309,0.0032679655654110572,0.18841269841269842
8310,0.0032070067305484543,0.18843537414965986
8311,0.0031459507123272473,0.18845804988662132
8312,0.003084799307902195,0.18848072562358276
8313,0.003023554317860425,0.18850340136054422
8314,0.002962217546158378,0.18852607709750566
8315,0.002900790800058606,0.18854875283446712
8316,0.0028392758900664524,0.18857142857142858
8317,0.002777674629866615,0.18859410430839002
8318,0.002715988836259594,0.18861678004535148
8319,0.002654220329098021,0.18863945578231292
8320,0.002592370931222864,0.18866213151927438
8321,0.002530442468399544,0.18868480725623582
8322,0.0024684367692539115,0.18870748299319728
8323,0.002406355665208153,0.18873015873015872
8324,0.002344200990416556,0.18875283446712018
8325,0.0022819745817011967,0.18877551020408162
8326,0.0022196782784875287,0.18879818594104308
8327,0.002157313922739863,0.18882086167800455
8328,0.0020948833588967496,0.18884353741496598
8329,0.002032388433806286,0.18886621315192745
8330,0.001969830996661321,0.18888888888888888
8331,0.001907212898934574,0.18891156462585035
8332,0.0018445359943136722,0.18893424036281178
8333,0.0017818021386360949,0.18895691609977325
8334,0.0017190131898240555,0.18897959183673468
8335,0.0016561710078192905,0.18900226757369615
8336,0.0015932774545177803,0.18902494331065758
8337,0.0015303343937043878,0.18904761904761905
8338,0.0014673436909874405,0.1890702947845805
8339,0.001404307213733235,0.18909297052154195
8340,0.0013412268310004764,0.1891156462585034
8341,0.00127810441347465,0.18913832199546485
8342,0.0012149418334023467,0.1891609977324263
8343,0.0011517409645255185,0.18918367346938775
8344,0.0010885036820156757,0.1892063492063492
8345,0.0010252318624080293,0.18922902494331065
8346,9.619273835356032E-4,0.1892517006802721
8347,8.98592124463271E-4,0.18927437641723355
8348,8.352279654217593E-4,0.189297052154195
8349,7.718367877415997E-4,0.18931972789115648
8350,7.084204737870516E-4,0.1893424036281179
8351,6.449809068899779E-4,0.18936507936507938
8352,5.815199712836802E-4,0.1893877551020408
8353,5.180395520367085E-4,0.18941043083900228
8354,4.5454153498663294E-4,0.1894331065759637
8355,3.910278066737928E-4,0.18945578231292518
8356,3.275002542750097E-4,0.1894784580498866
8357,2.639607655372768E-4,0.18950113378684807
8358,2.004112287114432E-4,0.1895238095238095
8359,1.3685353248585474E-4,0.18954648526077097
8360,7.328956591999534E-5,0.18956916099773244
8361,9.721218378103277E-6,0.18959183673469387
8362,-5.384962053722048E-5,0.18961451247165534
8363,-1.1742106105140681E-4,0.18963718820861677
8364,-1.809912132843339E-4,0.18965986394557824
8365,-2.44558187316743E-4,0.18968253968253967
8366,-3.081200932566479E-4,0.18970521541950114
8367,-3.7167504130574926E-4,0.18972789115646257
8368,-4.352211418258547E-4,0.18975056689342404
8369,-4.987565054052794E-4,0.18977324263038547
8370,-5.62279242925251E-4,0.18979591836734694
8371,-6.257874656262979E-4,0.1898185941043084
8372,-6.892792851746227E-4,0.18984126984126984
8373,-7.527528137284834E-4,0.1898639455782313
8374,-8.162061640045131E-4,0.18988662131519274
8375,-8.796374493440602E-4,0.1899092970521542
8376,-9.43044783779491E-4,0.18993197278911564
8377,-0.0010064262821004753,0.1899546485260771
8378,-0.0010697800599202179,0.18997732426303854
8379,-0.0011331042337417011,0.19
8380,-0.0011963969210238617,0.19002267573696144
8381,-0.0012596562402477603,0.1900453514739229
8382,-0.0013228803109826828,0.19006802721088437
8383,-0.0013860672539522318,0.1900907029478458
8384,-0.001449215191100359,0.19011337868480727
8385,-0.0015123222456573646,0.1901360544217687
8386,-0.0015753865422058332,0.19015873015873017
8387,-0.0016384062067465364,0.1901814058956916
8388,-0.00170137936676428,0.19020408163265307
8389,-0.0017643041512936989,0.1902267573696145
8390,-0.001827178690984984,0.19024943310657597
8391,-0.001890001118169558,0.1902721088435374
8392,-0.0019527695669257037,0.19029478458049887
8393,-0.002015482173144099,0.19031746031746033
8394,-0.002078137074593312,0.19034013605442177
8395,-0.0021407324109852127,0.19036281179138323
8396,-0.0022032663240403208,0.19038548752834467
8397,-0.0022657369575530793,0.19040816326530613
8398,-0.0023281424574570497,0.19043083900226757
8399,-0.0023904809718900237,0.19045351473922903
8400,-0.002452750651259071,0.19047619047619047
8401,-0.002514949648305485,0.19049886621315193
8402,-0.002577076118169656,0.19052154195011337
8403,-0.002639128218455853,0.19054421768707483
8404,-0.002701104109296903,0.1905668934240363
8405,-0.0027630019534188154,0.19058956916099773
8406,-0.002824819916205255,0.1906122448979592
8407,-0.0028865561657619625,0.19063492063492063
8408,-0.0029482088729810615,0.1906575963718821
8409,-0.0030097762116052607,0.19068027210884353
8410,-0.0030712563582919465,0.190702947845805
8411,-0.003132647492677179,0.19072562358276643
8412,-0.00319394779743958,0.1907482993197279
8413,-0.003255155458364101,0.19077097505668933
8414,-0.0033162686644056766,0.1907936507936508
8415,-0.0033772856077527672,0.19081632653061226
8416,-0.0034382044838907823,0.1908390022675737
8417,-0.0034990234916653868,0.19086167800453516
8418,-0.0035597408333456694,0.1908843537414966
8419,-0.0036203547146871967,0.19090702947845806
8420,-0.0036808633449949375,0.1909297052154195
8421,-0.00374126493718607,0.19095238095238096
8422,-0.0038015577078526165,0.1909750566893424
8423,-0.00386173987732399,0.19099773242630386
8424,-0.003921809669729374,0.1910204081632653
8425,-0.003981765313059976,0.19104308390022676
8426,-0.0040416050392311316,0.19106575963718822
8427,-0.004101327084144264,0.19108843537414966
8428,-0.0041609296877487024,0.19111111111111112
8429,-0.0042204110941033626,0.19113378684807256
8430,-0.00427976955143824,0.19115646258503402
8431,-0.004339003312215787,0.19117913832199546
8432,-0.004398110633192121,0.19120181405895692
8433,-0.004457089775478066,0.19122448979591836
8434,-0.00451593900460005,0.19124716553287982
8435,-0.0045746565905608215,0.19126984126984126
8436,-0.004633240807900028,0.19129251700680272
8437,-0.004691689935754601,0.19131519274376418
8438,-0.0047500022579189775,0.19133786848072562
8439,-0.004808176062905167,0.19136054421768708
8440,-0.004866209644002621,0.19138321995464852
8441,-0.004924101299337957,0.19140589569160998
8442,-0.004981849331934462,0.19142857142857142
8443,-0.005039452049771458,0.19145124716553288
8444,-0.005096907765843459,0.19147392290249432
8445,-0.005154214798219164,0.19149659863945578
8446,-0.0052113714701002315,0.19151927437641722
8447,-0.005268376109879898,0.19154195011337868
8448,-0.00532522705120141,0.19156462585034015
8449,-0.005381922633016171,0.19158730158730158
8450,-0.00543846119964187,0.19160997732426305
8451,-0.005494841100820244,0.19163265306122448
8452,-0.0055510606917747235,0.19165532879818595
8453,-0.005607118333267861,0.19167800453514738
8454,-0.005663012391658545,0.19170068027210885
8455,-0.005718741238959032,0.19172335600907028
8456,-0.005774303252891733,0.19174603174603175
8457,-0.005829696816945845,0.19176870748299318
8458,-0.005884920320433701,0.19179138321995465
8459,-0.005939972158546968,0.1918140589569161
8460,-0.005994850732412588,0.19183673469387755
8461,-0.006049554449148531,0.191859410430839
8462,-0.006104081721919292,0.19188208616780045
8463,-0.0061584309699911945,0.1919047619047619
8464,-0.006212600618787469,0.19192743764172335
8465,-0.006266589099943077,0.1919501133786848
8466,-0.006320394851359337,0.19197278911564625
8467,-0.006374016317258307,0.1919954648526077
8468,-0.006427451948236928,0.19201814058956915
8469,-0.0064807002013209545,0.1920408163265306
8470,-0.006533759540018615,0.19206349206349208
8471,-0.006586628434374067,0.1920861678004535
8472,-0.006639305361020587,0.19210884353741497
8473,-0.006691788803233538,0.1921315192743764
8474,-0.006744077250983071,0.19215419501133787
8475,-0.0067961692009866,0.1921768707482993
8476,-0.006848063156761011,0.19219954648526077
8477,-0.00689975762867464,0.1922222222222222
8478,-0.006951251133998984,0.19224489795918367
8479,-0.007002542196960153,0.1922675736961451
8480,-0.007053629348790084,0.19229024943310657
8481,-0.007104511127777496,0.19231292517006804
8482,-0.007155186079318554,0.19233560090702947
8483,-0.007205652755967316,0.19235827664399094
8484,-0.007255909717485881,0.19238095238095237
8485,-0.007305955530894294,0.19240362811791384
8486,-0.007355788770520167,0.19242630385487527
8487,-0.00740540801804805,0.19244897959183674
8488,-0.007454811862568505,0.19247165532879817
8489,-0.007503998900626936,0.19249433106575964
8490,-0.007552967736272128,0.19251700680272107
8491,-0.007601716981104504,0.19253968253968254
8492,-0.007650245254324125,0.192562358276644
8493,-0.007698551182778383,0.19258503401360544
8494,-0.00774663340100944,0.1926077097505669
8495,-0.007794490551301371,0.19263038548752834
8496,-0.007842121283727011,0.1926530612244898
8497,-0.00788952425619453,0.19267573696145124
8498,-0.007936698134493719,0.1926984126984127
8499,-0.007983641592341982,0.19272108843537414
8500,-0.008030353311430028,0.1927437641723356
8501,-0.008076831981467296,0.19276643990929707
8502,-0.008123076300227038,0.1927891156462585
8503,-0.008169084973591164,0.19281179138321997
8504,-0.008214856715594736,0.1928344671201814
8505,-0.008260390248470192,0.19285714285714287
8506,-0.008305684302691262,0.1928798185941043
8507,-0.008350737617016574,0.19290249433106577
8508,-0.008395548938532957,0.1929251700680272
8509,-0.008440117022698451,0.19294784580498867
8510,-0.008484440633384988,0.1929705215419501
8511,-0.008528518542920773,0.19299319727891157
8512,-0.00857234953213235,0.19301587301587303
8513,-0.008615932390386388,0.19303854875283447
8514,-0.008659265915631072,0.19306122448979593
8515,-0.008702348914437271,0.19308390022675737
8516,-0.008745180202039328,0.19310657596371883
8517,-0.008787758602375559,0.19312925170068027
8518,-0.008830082948128405,0.19315192743764173
8519,-0.00887215208076431,0.19317460317460317
8520,-0.008913964850573221,0.19319727891156463
8521,-0.008955520116707786,0.19321995464852607
8522,-0.008996816747222247,0.19324263038548753
8523,-0.009037853619110966,0.193265306122449
8524,-0.009078629618346646,0.19328798185941043
8525,-0.009119143639918233,0.1933106575963719
8526,-0.009159394587868443,0.19333333333333333
8527,-0.009199381375331002,0.1933560090702948
8528,-0.009239102924567531,0.19337868480725623
8529,-0.009278558167004083,0.1934013605442177
8530,-0.009317746043267365,0.19342403628117913
8531,-0.009356665503220628,0.1934467120181406
8532,-0.00939531550599916,0.19346938775510203
8533,-0.009433695020045527,0.1934920634920635
8534,-0.009471803023144387,0.19351473922902496
8535,-0.009509638502457016,0.1935374149659864
8536,-0.009547200454555461,0.19356009070294786
8537,-0.009584487885456364,0.1935827664399093
8538,-0.009621499810654417,0.19360544217687076
8539,-0.009658235255155499,0.1936281179138322
8540,-0.009694693253509419,0.19365079365079366
8541,-0.009730872849842365,0.1936734693877551
8542,-0.009766773097888945,0.19369614512471656
8543,-0.009802393061023908,0.193718820861678
8544,-0.0098377318122935,0.19374149659863946
8545,-0.009872788434446481,0.19376417233560092
8546,-0.009907562019964736,0.19378684807256236
8547,-0.009942051671093587,0.19380952380952382
8548,-0.009976256499871713,0.19383219954648526
8549,-0.010010175628160728,0.19385487528344672
8550,-0.010043808187674358,0.19387755102040816
8551,-0.010077153320007314,0.19390022675736962
8552,-0.010110210176663763,0.19392290249433106
8553,-0.01014297791908543,0.19394557823129252
8554,-0.010175455718679366,0.19396825396825396
8555,-0.010207642756845315,0.19399092970521542
8556,-0.010239538225002748,0.19401360544217688
8557,-0.010271141324617497,0.19403628117913832
8558,-0.010302451267228025,0.19405895691609978
8559,-0.01033346727447136,0.19408163265306122
8560,-0.010364188578108604,0.19410430839002268
8561,-0.010394614420050111,0.19412698412698412
8562,-0.010424744052380268,0.19414965986394558
8563,-0.010454576737381925,0.19417233560090702
8564,-0.010484111747560424,0.19419501133786848
8565,-0.010513348365667271,0.19421768707482992
8566,-0.010542285884723415,0.19424036281179138
8567,-0.010570923608042173,0.19426303854875285
8568,-0.010599260849251753,0.19428571428571428
8569,-0.01062729693231741,0.19430839002267575
8570,-0.010655031191563222,0.19433106575963718
8571,-0.010682462971693481,0.19435374149659865
8572,-0.010709591627813701,0.19437641723356008
8573,-0.010736416525451254,0.19439909297052155
8574,-0.010762937040575602,0.19442176870748298
8575,-0.010789152559618185,0.19444444444444445
8576,-0.010815062479491834,0.19446712018140588
8577,-0.010840666207610013,0.19448979591836735
8578,-0.010865963161905334,0.1945124716553288
8579,-0.010890952770847992,0.19453514739229025
8580,-0.010915634473463673,0.1945578231292517
8581,-0.010940007719351103,0.19458049886621315
8582,-0.010964071968699194,0.1946031746031746
8583,-0.010987826692303828,0.19462585034013605
8584,-0.011011271371584211,0.1946485260770975
8585,-0.011034405498598878,0.19467120181405895
8586,-0.01105722857606129,0.1946938775510204
8587,-0.011079740117355024,0.19471655328798185
8588,-0.01110193964654861,0.1947392290249433
8589,-0.011123826698409929,0.19476190476190477
8590,-0.011145400818420245,0.1947845804988662
8591,-0.011166661562787847,0.19480725623582767
8592,-0.011187608498461305,0.1948299319727891
8593,-0.011208241203142271,0.19485260770975057
8594,-0.011228559265297968,0.194875283446712
8595,-0.011248562284173235,0.19489795918367347
8596,-0.011268249869802186,0.1949206349206349
8597,-0.01128762164301948,0.19494331065759637
8598,-0.011306677235471168,0.1949659863945578
8599,-0.011325416289625197,0.19498866213151927
8600,-0.011343838458781452,0.19501133786848074
8601,-0.011361943407081451,0.19503401360544217
8602,-0.011379730809517619,0.19505668934240364
8603,-0.011397200351942157,0.19507936507936507
8604,-0.011414351731075537,0.19510204081632654
8605,-0.01143118465451458,0.19512471655328797
8606,-0.011447698840740133,0.19514739229024944
8607,-0.011463894019124362,0.19517006802721087
8608,-0.011479769929937624,0.19519274376417234
8609,-0.011495326324354974,0.19521541950113377
8610,-0.011510562964462219,0.19523809523809524
8611,-0.011525479623261618,0.1952607709750567
8612,-0.01154007608467717,0.19528344671201814
8613,-0.011554352143559495,0.1953061224489796
8614,-0.011568307605690296,0.19532879818594104
8615,-0.011581942287786478,0.1953514739229025
8616,-0.011595256017503785,0.19537414965986394
8617,-0.011608248633440123,0.1953968253968254
8618,-0.011620919985138398,0.19541950113378684
8619,-0.011633269933089016,0.1954421768707483
8620,-0.011645298348731957,0.19546485260770974
8621,-0.011657005114458444,0.1954875283446712
8622,-0.011668390123612205,0.19551020408163267
8623,-0.011679453280490366,0.1955328798185941
8624,-0.011690194500343911,0.19555555555555557
8625,-0.01170061370937774,0.195578231292517
8626,-0.011710710844750342,0.19560090702947847
8627,-0.011720485854573071,0.1956235827664399
8628,-0.011729938697908997,0.19564625850340137
8629,-0.011739069344771367,0.1956689342403628
8630,-0.01174787777612168,0.19569160997732427
8631,-0.01175636398386733,0.1957142857142857
8632,-0.011764527970858887,0.19573696145124717
8633,-0.01177236975088693,0.19575963718820863
8634,-0.011779889348678524,0.19578231292517007
8635,-0.011787086799893275,0.19580498866213153
8636,-0.011793962151118973,0.19582766439909297
8637,-0.011800515459866873,0.19585034013605443
8638,-0.01180674679456652,0.19587301587301587
8639,-0.011812656234560247,0.19589569160997733
8640,-0.011818243870097184,0.19591836734693877
8641,-0.01182350980232698,0.19594104308390023
8642,-0.011828454143292989,0.19596371882086167
8643,-0.011833077015925187,0.19598639455782313
8644,-0.011837378554032605,0.1960090702947846
8645,-0.011841358902295412,0.19603174603174603
8646,-0.011845018216256569,0.1960544217687075
8647,-0.011848356662313108,0.19607709750566893
8648,-0.01185137441770699,0.1960997732426304
8649,-0.011854071670515593,0.19612244897959183
8650,-0.011856448619641798,0.1961451247165533
8651,-0.011858505474803646,0.19616780045351473
8652,-0.01186024245652365,0.1961904761904762
8653,-0.011861659796117686,0.19621315192743763
8654,-0.011862757735683474,0.1962358276643991
8655,-0.0118635365280887,0.19625850340136056
8656,-0.011863996436958731,0.196281179138322
8657,-0.011864137736663899,0.19630385487528346
8658,-0.011863960712306462,0.1963265306122449
8659,-0.01186346565970712,0.19634920634920636
8660,-0.011862652885391163,0.1963718820861678
8661,-0.011861522706574213,0.19639455782312926
8662,-0.011860075451147586,0.1964172335600907
8663,-0.011858311457663261,0.19643990929705216
8664,-0.011856231075318463,0.1964625850340136
8665,-0.011853834663939855,0.19648526077097506
8666,-0.01185112259396733,0.19650793650793652
8667,-0.011848095246437446,0.19653061224489796
8668,-0.011844753012966436,0.19655328798185942
8669,-0.011841096295732864,0.19657596371882086
8670,-0.011837125507459868,0.19659863945578232
8671,-0.01183284107139705,0.19662131519274376
8672,-0.011828243421301947,0.19664399092970522
8673,-0.011823333001421157,0.19666666666666666
8674,-0.01181811026647104,0.19668934240362812
8675,-0.01181257568161806,0.19671201814058956
8676,-0.011806729722458765,0.19673469387755102
8677,-0.011800572874999339,0.19675736961451248
8678,-0.011794105635634823,0.19678004535147392
8679,-0.011787328511127923,0.19680272108843538
8680,-0.011780242018587454,0.19682539682539682
8681,-0.01177284668544641,0.19684807256235828
8682,-0.011765143049439656,0.19687074829931972
8683,-0.011757131658581225,0.19689342403628118
8684,-0.01174881307114128,0.19691609977324262
8685,-0.011740187855622667,0.19693877551020408
8686,-0.011731256590737104,0.19696145124716552
8687,-0.011722019865381017,0.19698412698412698
8688,-0.011712478278610982,0.19700680272108845
8689,-0.011702632439618795,0.19702947845804988
8690,-0.0116924829677062,0.19705215419501135
8691,-0.011682030492259233,0.19707482993197278
8692,-0.011671275652722184,0.19709750566893425
8693,-0.011660219098571217,0.19712018140589568
8694,-0.011648861489287624,0.19714285714285715
8695,-0.011637203494330681,0.19716553287981858
8696,-0.011625245793110197,0.19718820861678005
8697,-0.011612989074958648,0.19721088435374148
8698,-0.011600434039102995,0.19723356009070295
8699,-0.011587581394636094,0.1972562358276644
8700,-0.011574431860487795,0.19727891156462585
8701,-0.011560986165395658,0.1973015873015873
8702,-0.011547245047875302,0.19732426303854875
8703,-0.01153320925619044,0.1973469387755102
8704,5.391306563932578E-4,0.19736961451247165
8705,5.389975331292812E-4,0.1973922902494331
8706,5.388550630980577E-4,0.19741496598639455
8707,5.387032513762313E-4,0.197437641723356
8708,5.385421033307925E-4,0.19746031746031745
8709,5.383716246188786E-4,0.1974829931972789
8710,5.381918211875646E-4,0.19750566893424037
8711,5.380026992736447E-4,0.1975283446712018
8712,5.37804265403402E-4,0.19755102040816327
8713,5.375965263923669E-4,0.1975736961451247
8714,5.373794893450698E-4,0.19759637188208617
8715,5.371531616547771E-4,0.1976190476190476
8716,5.369175510032228E-4,0.19764172335600907
8717,5.366726653603251E-4,0.1976643990929705
8718,5.364185129838961E-4,0.19768707482993197
8719,5.3615510241934E-4,0.1977097505668934
8720,5.358824424993401E-4,0.19773242630385487
8721,5.35600542343537E-4,0.19775510204081634
8722,5.353094113581961E-4,0.19777777777777777
8723,5.350090592358646E-4,0.19780045351473924
8724,5.346994959550189E-4,0.19782312925170067
8725,5.343807317797013E-4,0.19784580498866214
8726,5.340527772591459E-4,0.19786848072562357
8727,5.337156432273963E-4,0.19789115646258504
8728,5.33369340802911E-4,0.19791383219954647
8729,5.330138813881602E-4,0.19793650793650794
8730,5.326492766692118E-4,0.19795918367346937
8731,5.322755386153066E-4,0.19798185941043084
8732,5.318926794784261E-4,0.1980045351473923
8733,5.315007117928458E-4,0.19802721088435374
8734,5.310996483746833E-4,0.1980498866213152
8735,5.306895023214325E-4,0.19807256235827664
8736,5.302702870114902E-4,0.1980952380952381
8737,5.298420161036717E-4,0.19811791383219954
8738,5.29404703536716E-4,0.198140589569161
8739,5.289583635287821E-4,0.19816326530612244
8740,5.285030105769348E-4,0.1981859410430839
8741,5.280386594566205E-4,0.19820861678004534
8742,5.27565325221133E-4,0.1982312925170068
8743,5.270830232010702E-4,0.19825396825396827
8744,5.265917690037799E-4,0.1982766439909297
8745,5.260915785127961E-4,0.19829931972789117
8746,5.25582467887266E-4,0.1983219954648526
8747,5.250644535613661E-4,0.19834467120181407
8748,5.245375522437106E-4,0.1983673469387755
8749,5.240017809167466E-4,0.19839002267573697
8750,5.234571568361433E-4,0.1984126984126984
8751,5.229036975301688E-4,0.19843537414965987
8752,5.223414207990594E-4,0.1984580498866213
8753,5.217703447143756E-4,0.19848072562358277
8754,5.211904876183537E-4,0.19850340136054423
8755,5.206018681232433E-4,0.19852607709750567
8756,5.20004505110637E-4,0.19854875283446713
8757,5.193984177307912E-4,0.19857142857142857
8758,5.18783625401935E-4,0.19859410430839003
8759,5.181601478095733E-4,0.19861678004535147
8760,5.17528004905776E-4,0.19863945578231293
8761,5.168872169084617E-4,0.19866213151927437
8762,5.16237804300669E-4,0.19868480725623583
8763,5.155797878298202E-4,0.19870748299319727
8764,5.149131885069753E-4,0.19873015873015873
8765,5.142380276060754E-4,0.1987528344671202
8766,5.135543266631788E-4,0.19877551020408163
8767,5.128621074756862E-4,0.1987981859410431
8768,5.121613921015568E-4,0.19882086167800453
8769,5.114522028585166E-4,0.198843537414966
8770,5.107345623232553E-4,0.19886621315192743
8771,5.100084933306156E-4,0.1988888888888889
8772,5.092740189727727E-4,0.19891156462585033
8773,5.085311625984052E-4,0.1989342403628118
8774,5.077799478118561E-4,0.19895691609977323
8775,5.070203984722855E-4,0.1989795918367347
8776,5.062525386928139E-4,0.19900226757369616
8777,5.05476392839656E-4,0.1990249433106576
8778,5.046919855312475E-4,0.19904761904761906
8779,5.038993416373594E-4,0.1990702947845805
8780,5.030984862782076E-4,0.19909297052154196
8781,5.02289444823551E-4,0.1991156462585034
8782,5.014722428917805E-4,0.19913832199546486
8783,5.006469063490006E-4,0.1991609977324263
8784,4.998134613081027E-4,0.19918367346938776
8785,4.989719341278264E-4,0.1992063492063492
8786,4.981223514118167E-4,0.19922902494331066
8787,4.972647400076687E-4,0.19925170068027212
8788,4.96399127005966E-4,0.19927437641723356
8789,4.955255397393087E-4,0.19929705215419502
8790,4.946440057813351E-4,0.19931972789115646
8791,4.937545529457326E-4,0.19934240362811792
8792,4.928572092852418E-4,0.19936507936507936
8793,4.919520030906505E-4,0.19938775510204082
8794,4.910389628897818E-4,0.19941043083900226
8795,4.901181174464707E-4,0.19943310657596372
8796,4.891894957595353E-4,0.19945578231292518
8797,4.882531270617375E-4,0.19947845804988662
8798,4.873090408187368E-4,0.19950113378684808
8799,4.863572667280349E-4,0.19952380952380952
8800,4.853978347179134E-4,0.19954648526077098
8801,4.844307749463622E-4,0.19956916099773242
8802,4.8345611779999995E-4,0.19959183673469388
8803,4.824738938929871E-4,0.19961451247165532
8804,4.814841340659303E-4,0.19963718820861678
8805,4.804868693847791E-4,0.19965986394557822
8806,4.7948213113971496E-4,0.19968253968253968
8807,4.784699508440316E-4,0.19970521541950115
8808,4.774503602330082E-4,0.19972789115646258
8809,4.764233912627746E-4,0.19975056689342405
8810,4.753890761091689E-4,0.19977324263038548
8811,4.743474471665863E-4,0.19979591836734695
8812,4.732985370468225E-4,0.19981859410430838
8813,4.7224237857790665E-4,0.19984126984126985
8814,4.711790048029291E-4,0.19986394557823128
8815,4.7010844897885974E-4,0.19988662131519275
8816,4.6903074457536095E-4,0.19990929705215418
8817,4.6794592527359005E-4,0.19993197278911565
8818,4.668540249649977E-4,0.1999546485260771
8819,4.657550777501168E-4,0.19997732426303855
8820,4.646491179373444E-4,0.2
8821,4.635361800417164E-4,0.20002267573696145
8822,4.624162987836759E-4,0.2000453514739229
8823,4.6128950908783263E-4,0.20006802721088435
8824,4.6015584608171707E-4,0.2000907029478458
8825,4.5901534509452556E-4,0.20011337868480725
8826,4.5786804165586046E-4,0.2001360544217687
8827,4.567139714944615E-4,0.20015873015873015
8828,4.5555317053693124E-4,0.2001814058956916
8829,4.543856749064532E-4,0.20020408163265307
8830,4.532115209215027E-4,0.2002267573696145
8831,4.520307450945524E-4,0.20024943310657597
8832,4.5084338413076835E-4,0.2002721088435374
8833,4.496494749267045E-4,0.20029478458049887
8834,4.484490545689824E-4,0.2003174603174603
8835,4.4724216033297187E-4,0.20034013605442177
8836,4.4602882968146156E-4,0.2003628117913832
8837,4.448091002633233E-4,0.20038548752834467
8838,4.435830099121707E-4,0.2004081632653061
8839,4.423505966450103E-4,0.20043083900226757
8840,4.4111189866088746E-4,0.20045351473922904
8841,4.3986695433952485E-4,0.20047619047619047
8842,4.386158022399557E-4,0.20049886621315194
8843,4.373584810991499E-4,0.20052154195011337
8844,4.3609502983063455E-4,0.20054421768707484
8845,4.348254875231082E-4,0.20056689342403627
8846,4.335498934390489E-4,0.20058956916099774
8847,4.322682870133162E-4,0.20061224489795917
8848,4.309807078517478E-4,0.20063492063492064
8849,4.29687195729749E-4,0.20065759637188207
8850,4.2838779059087783E-4,0.20068027210884354
8851,4.2708253254542336E-4,0.200702947845805
8852,4.257714618689783E-4,0.20072562358276644
8853,4.244546190010063E-4,0.2007482993197279
8854,4.231320445434034E-4,0.20077097505668934
8855,4.2180377925905393E-4,0.2007936507936508
8856,4.2046986407038065E-4,0.20081632653061224
8857,4.1913034005788943E-4,0.2008390022675737
8858,4.177852484587094E-4,0.20086167800453514
8859,4.1643463066512573E-4,0.2008843537414966
8860,4.1507852822310966E-4,0.20090702947845804
8861,4.137169828308405E-4,0.2009297052154195
8862,4.12350036337225E-4,0.20095238095238097
8863,4.1097773074040957E-4,0.2009750566893424
8864,4.0960010818628863E-4,0.20099773242630387
8865,4.0821721096700705E-4,0.2010204081632653
8866,4.0682908151945855E-4,0.20104308390022677
8867,4.054357624237778E-4,0.2010657596371882
8868,4.0403729640182945E-4,0.20108843537414967
8869,4.026337263156905E-4,0.2011111111111111
8870,4.0122509516612873E-4,0.20113378684807257
8871,3.998114460910771E-4,0.201156462585034
8872,3.98392822364102E-4,0.20117913832199547
8873,3.969692673928681E-4,0.20120181405895693
8874,3.9554082471759814E-4,0.20122448979591837
8875,3.941075380095282E-4,0.20124716553287983
8876,3.9266945106935895E-4,0.20126984126984127
8877,3.9122660782570155E-4,0.20129251700680273
8878,3.897790523335209E-4,0.20131519274376417
8879,3.8832682877257274E-4,0.20133786848072563
8880,3.8686998144583815E-4,0.20136054421768707
8881,3.854085547779525E-4,0.20138321995464853
8882,3.8394259331363137E-4,0.20140589569160997
8883,3.824721417160924E-4,0.20142857142857143
8884,3.809972447654724E-4,0.2014512471655329
8885,3.7951794735724084E-4,0.20147392290249433
8886,3.780342945006103E-4,0.2014965986394558
8887,3.76546331316942E-4,0.20151927437641723
8888,3.7505410303814815E-4,0.2015419501133787
8889,3.7355765500509037E-4,0.20156462585034013
8890,3.7205703266597536E-4,0.2015873015873016
8891,3.7055228157474536E-4,0.20160997732426303
8892,3.690434473894669E-4,0.2016326530612245
8893,3.675305758707147E-4,0.20165532879818593
8894,3.660137128799531E-4,0.2016780045351474
8895,3.6449290437791376E-4,0.20170068027210886
8896,3.6296819642297015E-4,0.2017233560090703
8897,3.614396351695094E-4,0.20174603174603176
8898,3.5990726686629937E-4,0.2017687074829932
8899,3.5837113785485493E-4,0.20179138321995466
8900,3.568312945677994E-4,0.2018140589569161
8901,3.552877835272239E-4,0.20183673469387756
8902,3.5374065134304375E-4,0.201859410430839
8903,3.521899447113516E-4,0.20188208616780046
8904,3.5063571041276856E-4,0.2019047619047619
8905,3.490779953107913E-4,0.20192743764172336
8906,3.4751684635013854E-4,0.20195011337868482
8907,3.4595231055509245E-4,0.20197278911564626
8908,3.4438443502783997E-4,0.20199546485260772
8909,3.428132669468098E-4,0.20201814058956916
8910,3.412388535650079E-4,0.20204081632653062
8911,3.3966124220835065E-4,0.20206349206349206
8912,3.3808048027399526E-4,0.20208616780045352
8913,3.364966152286682E-4,0.20210884353741496
8914,3.349096946069918E-4,0.20213151927437642
8915,3.333197660098085E-4,0.20215419501133786
8916,3.317268771025025E-4,0.20217687074829932
8917,3.301310756133204E-4,0.20219954648526078
8918,3.2853240933168945E-4,0.20222222222222222
8919,3.269309261065339E-4,0.20224489795918368
8920,3.2532667384458974E-4,0.20226757369614512
8921,3.2371970050871764E-4,0.20229024943310658
8922,3.2211005411621397E-4,0.20231292517006802
8923,3.20497782737121E-4,0.20233560090702948
8924,3.188829344925346E-4,0.20235827664399092
8925,3.172655575529111E-4,0.20238095238095238
8926,3.1564570013637263E-4,0.20240362811791382
8927,3.140234105070106E-4,0.20242630385487528
8928,3.1239873697318915E-4,0.20244897959183675
8929,3.107717278858457E-4,0.20247165532879818
8930,3.0914243163679194E-4,0.20249433106575965
8931,3.0751089665701225E-4,0.20251700680272108
8932,3.058771714149625E-4,0.20253968253968255
8933,3.0424130441486665E-4,0.20256235827664398
8934,3.026033441950136E-4,0.20258503401360545
8935,3.009633393260521E-4,0.20260770975056688
8936,2.993213384092856E-4,0.20263038548752835
8937,2.9767739007496554E-4,0.20265306122448978
8938,2.9603154298058615E-4,0.20267573696145125
8939,2.943838458091752E-4,0.2026984126984127
8940,2.927343472675878E-4,0.20272108843537415
8941,2.910830960847964E-4,0.2027437641723356
8942,2.8943014101018375E-4,0.20276643990929705
8943,2.877755308118325E-4,0.2027891156462585
8944,2.861193142748167E-4,0.20281179138321995
8945,2.844615401994917E-4,0.2028344671201814
8946,2.8280225739978467E-4,0.20285714285714285
8947,2.811415147014846E-4,0.2028798185941043
8948,2.7947936094053295E-4,0.20290249433106575
8949,2.778158449613132E-4,0.2029251700680272
8950,2.7615101561494166E-4,0.20294784580498867
8951,2.744849217575578E-4,0.2029705215419501
8952,2.728176122486148E-4,0.20299319727891157
8953,2.7114913594917075E-4,0.203015873015873
8954,2.694795417201801E-4,0.20303854875283447
8955,2.6780887842078497E-4,0.2030612244897959
8956,2.661371949066081E-4,0.20308390022675737
8957,2.644645400280449E-4,0.2031065759637188
8958,2.6279096262855743E-4,0.20312925170068027
8959,2.6111651154296823E-4,0.2031519274376417
8960,2.594412355957556E-4,0.20317460317460317
8961,2.577651835993473E-4,0.20319727891156464
8962,2.560884043524202E-4,0.20321995464852607
8963,2.544109466381952E-4,0.20324263038548754
8964,2.5273285922273656E-4,0.20326530612244897
8965,2.5105419085325086E-4,0.20328798185941044
8966,2.493749902563882E-4,0.20331065759637187
8967,2.476953061365432E-4,0.20333333333333334
8968,2.460151871741584E-4,0.20335600907029477
8969,2.4433468202402826E-4,0.20337868480725624
8970,2.4265383931360504E-4,0.20340136054421767
8971,2.4097270764130539E-4,0.20342403628117914
8972,2.3929133557481946E-4,0.2034467120181406
8973,2.3760977164942018E-4,0.20346938775510204
8974,2.3592806436627568E-4,0.2034920634920635
8975,2.3424626219076237E-4,0.20351473922902494
8976,2.3256441355077966E-4,0.2035374149659864
8977,2.3088256683506745E-4,0.20356009070294784
8978,2.2920077039152446E-4,0.2035827664399093
8979,2.2751907252552882E-4,0.20360544217687074
8980,2.2583752149826135E-4,0.2036281179138322
8981,2.241561655250292E-4,0.20365079365079364
8982,2.224750527735935E-4,0.2036734693877551
8983,2.2079423136249818E-4,0.20369614512471657
8984,2.191137493594009E-4,0.203718820861678
8985,2.1743365477940645E-4,0.20374149659863947
8986,2.1575399558340319E-4,0.2037641723356009
8987,2.1407481967640048E-4,0.20378684807256237
8988,2.1239617490587034E-4,0.2038095238095238
8989,2.107181090600896E-4,0.20383219954648527
8990,2.0904066986648684E-4,0.2038548752834467
8991,2.0736390498999016E-4,0.20387755102040817
8992,2.0568786203137887E-4,0.2039002267573696
8993,2.0401258852563713E-4,0.20392290249433107
8994,2.0233813194031123E-4,0.20394557823129253
8995,2.0066453967386885E-4,0.20396825396825397
8996,1.9899185905406238E-4,0.20399092970521543
8997,1.9732013733629394E-4,0.20401360544217687
8998,1.9564942170198488E-4,0.20403628117913833
8999,1.9397975925694743E-4,0.20405895691609977
9000,1.9231119702975985E-4,0.20408163265306123
9001,1.9064378197014475E-4,0.20410430839002267
9002,1.8897756094735143E-4,0.20412698412698413
9003,1.873125807485401E-4,0.20414965986394557
9004,1.856488880771715E-4,0.20417233560090703
9005,1.839865295513976E-4,0.2041950113378685
9006,1.8232555170245873E-4,0.20421768707482993
9007,1.8066600097308187E-4,0.2042403628117914
9008,1.7900792371588402E-4,0.20426303854875283
9009,1.7735136619177817E-4,0.2042857142857143
9010,1.7569637456838483E-4,0.20430839002267573
9011,1.740429949184454E-4,0.2043310657596372
9012,1.7239127321824106E-4,0.20435374149659863
9013,1.707412553460142E-4,0.2043764172335601
9014,1.6909298708039534E-4,0.20439909297052153
9015,1.6744651409883322E-4,0.204421768707483
9016,1.6580188197602892E-4,0.20444444444444446
9017,1.6415913618237485E-4,0.2044671201814059
9018,1.6251832208239757E-4,0.20448979591836736
9019,1.608794849332049E-4,0.2045124716553288
9020,1.592426698829376E-4,0.20453514739229026
9021,1.5760792196922504E-4,0.2045578231292517
9022,1.559752861176464E-4,0.20458049886621316
9023,1.5434480714019493E-4,0.2046031746031746
9024,1.5271652973374808E-4,0.20462585034013606
9025,1.5109049847854137E-4,0.2046485260770975
9026,1.4946675783664796E-4,0.20467120181405896
9027,1.4784535215046172E-4,0.20469387755102042
9028,1.462263256411865E-4,0.20471655328798186
9029,1.446097224073287E-4,0.20473922902494332
9030,1.4299558642319658E-4,0.20476190476190476
9031,1.4138396153740308E-4,0.20478458049886622
9032,1.3977489147137435E-4,0.20480725623582766
9033,1.381684198178632E-4,0.20482993197278912
9034,1.36564590039468E-4,0.20485260770975056
9035,1.3496344546715615E-4,0.20487528344671202
9036,1.3336502929879357E-4,0.20489795918367346
9037,1.3176938459767874E-4,0.20492063492063492
9038,1.301765542910828E-4,0.20494331065759638
9039,1.285865811687949E-4,0.20496598639455782
9040,1.2699950788167225E-4,0.20498866213151928
9041,1.2541537694019708E-4,0.20501133786848072
9042,1.23834230713038E-4,0.20503401360544218
9043,1.222561114256175E-4,0.20505668934240362
9044,1.206810611586851E-4,0.20507936507936508
9045,1.1910912184689598E-4,0.20510204081632652
9046,1.1754033527739614E-4,0.20512471655328798
9047,1.1597474308841235E-4,0.20514739229024942
9048,1.1441238676784875E-4,0.20517006802721088
9049,1.1285330765188902E-4,0.20519274376417235
9050,1.1129754692360477E-4,0.20521541950113378
9051,1.0974514561156991E-4,0.20523809523809525
9052,1.0819614458848115E-4,0.20526077097505668
9053,1.0665058456978413E-4,0.20528344671201815
9054,1.0510850611230698E-4,0.20530612244897958
9055,1.0356994961289862E-4,0.20532879818594105
9056,1.0203495530707455E-4,0.20535147392290248
9057,1.00503563267668E-4,0.20537414965986395
9058,9.89758134034888E-5,0.20539682539682538
9059,9.745174545798705E-5,0.20541950113378685
9060,9.593139900792457E-5,0.2054421768707483
9061,9.441481346205227E-5,0.20546485260770975
9062,9.290202805979434E-5,0.2054875283446712
9063,9.139308186993903E-5,0.20551020408163265
9064,8.98880137893361E-5,0.2055328798185941
9065,8.838686254160067E-5,0.20555555555555555
9066,8.688966667582471E-5,0.205578231292517
9067,8.539646456529438E-5,0.20560090702947845
9068,8.390729440621502E-5,0.2056235827664399
9069,8.242219421644217E-5,0.20564625850340135
9070,8.094120183422075E-5,0.2056689342403628
9071,7.946435491693026E-5,0.20569160997732427
9072,7.799169093983739E-5,0.2057142857142857
9073,7.652324719485563E-5,0.20573696145124717
9074,7.505906078931245E-5,0.2057596371882086
9075,7.3599168644723E-5,0.20578231292517007
9076,7.214360749557154E-5,0.2058049886621315
9077,7.069241388809974E-5,0.20582766439909297
9078,6.924562417910308E-5,0.2058503401360544
9079,6.780327453473361E-5,0.20587301587301587
9080,6.636540092931085E-5,0.2058956916099773
9081,6.493203914413968E-5,0.20591836734693877
9082,6.350322476633631E-5,0.20594104308390024
9083,6.207899318766092E-5,0.20596371882086167
9084,6.0659379603359125E-5,0.20598639455782314
9085,5.92444190110093E-5,0.20600907029478457
9086,5.7834146209379695E-5,0.20603174603174604
9087,5.6428595797291354E-5,0.20605442176870747
9088,5.502780217249025E-5,0.20607709750566894
9089,5.363179953052539E-5,0.20609977324263037
9090,5.2240621863637585E-5,0.20612244897959184
9091,5.0854302959653077E-5,0.2061451247165533
9092,4.9472876400887155E-5,0.20616780045351474
9093,4.809637556305429E-5,0.2061904761904762
9094,4.672483361418775E-5,0.20621315192743764
9095,4.5358283513566E-5,0.2062358276643991
9096,4.39967580106475E-5,0.20625850340136054
9097,4.2640289644013945E-5,0.206281179138322
9098,4.128891074032153E-5,0.20630385487528344
9099,3.9942653413259987E-5,0.2063265306122449
9100,3.860154956252042E-5,0.20634920634920634
9101,3.7265630872770667E-5,0.2063718820861678
9102,3.59349288126402E-5,0.20639455782312927
9103,3.460947463371179E-5,0.2064172335600907
9104,3.328929936952272E-5,0.20643990929705217
9105,3.1974433834573906E-5,0.2064625850340136
9106,3.066490862334752E-5,0.20648526077097507
9107,2.9360754109333267E-5,0.2065079365079365
9108,2.8062000444062616E-5,0.20653061224489797
9109,2.67686775561522E-5,0.2065532879818594
9110,2.5480815150355903E-5,0.20657596371882087
9111,2.4198442706624697E-5,0.2065986394557823
9112,2.292158947917582E-5,0.20662131519274377
9113,2.1650284495570417E-5,0.20664399092970523
9114,2.0384556555800222E-5,0.20666666666666667
9115,1.912443423138214E-5,0.20668934240362813
9116,1.7869945864462913E-5,0.20671201814058957
9117,1.66211195669309E-5,0.20673469387755103
9118,1.537798321953842E-5,0.20675736961451247
9119,1.4140564471031921E-5,0.20678004535147393
9120,1.2908890737291171E-5,0.20680272108843537
9121,1.1682989200477606E-5,0.20682539682539683
9122,1.0462886808191658E-5,0.20684807256235827
9123,9.248610272638903E-6,0.20687074829931973
9124,8.04018606980532E-6,0.2068934240362812
9125,6.837640438641563E-6,0.20691609977324263
9126,5.640999380256274E-6,0.2069387755102041
9127,4.450288657118732E-6,0.20696145124716553
9128,3.2655337922705195E-6,0.206984126984127
9129,2.086760068545721E-6,0.20700680272108843
9130,9.139925278018723E-7,0.2070294784580499
9131,-2.5274402984145786E-7,0.20705215419501133
9132,-1.4134250467541049E-6,0.2070748299319728
9133,-2.568026208537759E-6,0.20709750566893423
9134,-3.716523444758434E-6,0.2071201814058957
9135,-4.858892929670571E-6,0.20714285714285716
9136,-5.995111082931077E-6,0.2071655328798186
9137,-7.1251545703043586E-6,0.20718820861678006
9138,-8.249000304357805E-6,0.2072108843537415
9139,-9.36662544514776E-6,0.20723356009070296
9140,-1.0478007400896316E-5,0.2072562358276644
9141,-1.1583123828658604E-5,0.20727891156462586
9142,-1.268195263497993E-5,0.2073015873015873
9143,-1.3774471976544321E-5,0.20732426303854876
9144,-1.4860660260813097E-5,0.2073469387755102
9145,-1.594049614665387E-5,0.20736961451247166
9146,-1.7013958544959818E-5,0.20739229024943312
9147,-1.808102661925981E-5,0.20741496598639456
9148,-1.9141679786318136E-5,0.20743764172335602
9149,-2.0195897716725794E-5,0.20746031746031746
9150,-2.124366033548052E-5,0.20748299319727892
9151,-2.2284947822558566E-5,0.20750566893424036
9152,-2.3319740613475825E-5,0.20752834467120182
9153,-2.4348019399840202E-5,0.20755102040816326
9154,-2.53697651298925E-5,0.20757369614512472
9155,-2.638495900903955E-5,0.20759637188208616
9156,-2.739358250037627E-5,0.20761904761904762
9157,-2.839561732519861E-5,0.20764172335600908
9158,-2.9391045463505767E-5,0.20766439909297052
9159,-3.0379849154493782E-5,0.20768707482993198
9160,-3.136201089703812E-5,0.20770975056689342
9161,-3.2337513450167405E-5,0.20773242630385488
9162,-3.3306339833526184E-5,0.20775510204081632
9163,-3.426847332782898E-5,0.20777777777777778
9164,-3.522389747530324E-5,0.20780045351473922
9165,-3.6172596080123464E-5,0.20782312925170068
9166,-3.7114553208834364E-5,0.20784580498866212
9167,-3.804975319076464E-5,0.20786848072562358
9168,-3.8978180618431126E-5,0.20789115646258505
9169,-3.989982034793155E-5,0.20791383219954648
9170,-4.0814657499329287E-5,0.20793650793650795
9171,-4.172267745702617E-5,0.20795918367346938
9172,-4.262386587012672E-5,0.20798185941043085
9173,-4.3518208652791536E-5,0.20800453514739228
9174,-4.440569198458065E-5,0.20802721088435375
9175,-4.528630231078737E-5,0.20804988662131518
9176,-4.616002634276132E-5,0.20807256235827665
9177,-4.702685105822225E-5,0.20809523809523808
9178,-4.7886763701562705E-5,0.20811791383219955
9179,-4.873975178414165E-5,0.208140589569161
9180,-4.958580308456698E-5,0.20816326530612245
9181,-5.042490564896907E-5,0.2081859410430839
9182,-5.1257047791262695E-5,0.20820861678004535
9183,-5.2082218093400416E-5,0.2082312925170068
9184,-5.29004054056145E-5,0.20825396825396825
9185,-5.371159884664981E-5,0.2082766439909297
9186,-5.4515787803985156E-5,0.20829931972789115
9187,-5.531296193404601E-5,0.2083219954648526
9188,-5.6103111162405874E-5,0.20834467120181405
9189,-5.688622568397817E-5,0.2083673469387755
9190,-5.7662295963197544E-5,0.20839002267573697
9191,-5.843131273419102E-5,0.2084126984126984
9192,-5.9193267000939134E-5,0.20843537414965987
9193,-5.994815003742714E-5,0.2084580498866213
9194,-6.0695953387785006E-5,0.20848072562358277
9195,-6.143666886641825E-5,0.2085034013605442
9196,-6.217028855812815E-5,0.20852607709750567
9197,-6.28968048182218E-5,0.2085487528344671
9198,-6.361621027261164E-5,0.20857142857142857
9199,-6.43284978179053E-5,0.20859410430839
9200,-6.503366062148496E-5,0.20861678004535147
9201,-6.573169212157622E-5,0.20863945578231294
9202,-6.642258602730746E-5,0.20866213151927437
9203,-6.710633631875796E-5,0.20868480725623584
9204,-6.778293724699702E-5,0.20870748299319727
9205,-6.84523833341119E-5,0.20873015873015874
9206,-6.91146693732256E-5,0.20875283446712017
9207,-6.976979042850507E-5,0.20877551020408164
9208,-7.041774183515862E-5,0.20879818594104307
9209,-7.105851919942348E-5,0.20882086167800454
9210,-7.169211839854263E-5,0.20884353741496597
9211,-7.231853558073206E-5,0.20886621315192744
9212,-7.293776716513727E-5,0.2088888888888889
9213,-7.354980984178018E-5,0.20891156462585034
9214,-7.415466057149492E-5,0.2089342403628118
9215,-7.475231658585449E-5,0.20895691609977324
9216,-2.64347581624615E-6,0.2089795918367347
9217,-2.6186674089453806E-6,0.20900226757369614
9218,-2.593815713302606E-6,0.2090249433106576
9219,-2.568921509030153E-6,0.20904761904761904
9220,-2.5439855771405065E-6,0.2090702947845805
9221,-2.5190086999183635E-6,0.20909297052154194
9222,-2.493991660892667E-6,0.2091156462585034
9223,-2.468935244808572E-6,0.20913832199546487
9224,-2.4438402375993863E-6,0.2091609977324263
9225,-2.4187074263584583E-6,0.20918367346938777
9226,-2.3935375993110302E-6,0.2092063492063492
9227,-2.3683315457860477E-6,0.20922902494331067
9228,-2.3430900561879337E-6,0.2092517006802721
9229,-2.317813921968319E-6,0.20927437641723357
9230,-2.2925039355977453E-6,0.209297052154195
9231,-2.2671608905373233E-6,0.20931972789115647
9232,-2.2417855812103627E-6,0.2093424036281179
9233,-2.2163788029739613E-6,0.20936507936507937
9234,-2.190941352090574E-6,0.20938775510204083
9235,-2.165474025699535E-6,0.20941043083900227
9236,-2.1399776217885642E-6,0.20943310657596373
9237,-2.1144529391652293E-6,0.20945578231292517
9238,-2.088900777428396E-6,0.20947845804988663
9239,-2.063321936939637E-6,0.20950113378684806
9240,-2.037717218794623E-6,0.20952380952380953
9241,-2.012087424794482E-6,0.20954648526077096
9242,-1.9864333574171493E-6,0.20956916099773243
9243,-1.960755819788668E-6,0.20959183673469386
9244,-1.935055615654499E-6,0.20961451247165533
9245,-1.9093335493507815E-6,0.2096371882086168
9246,-1.8835904257755982E-6,0.20965986394557823
9247,-1.8578270503602038E-6,0.2096825396825397
9248,-1.832044229040242E-6,0.20970521541950113
9249,-1.8062427682269513E-6,0.2097278911564626
9250,-1.7804234747783464E-6,0.20975056689342403
9251,-1.7545871559703908E-6,0.2097732426303855
9252,-1.7287346194681561E-6,0.20979591836734693
9253,-1.7028666732969612E-6,0.2098185941043084
9254,-1.6769841258135168E-6,0.20984126984126983
9255,-1.6510877856770394E-6,0.2098639455782313
9256,-1.6251784618203732E-6,0.20988662131519276
9257,-1.5992569634210939E-6,0.2099092970521542
9258,-1.5733240998726094E-6,0.20993197278911566
9259,-1.5473806807552552E-6,0.2099546485260771
9260,-1.521427515807384E-6,0.20997732426303856
9261,-1.4954654148964463E-6,0.21
9262,-1.4694951879900817E-6,0.21002267573696146
9263,-1.443517645127197E-6,0.2100453514739229
9264,-1.417533596389046E-6,0.21006802721088436
9265,-1.3915438518703108E-6,0.2100907029478458
9266,-1.3655492216501906E-6,0.21011337868480726
9267,-1.3395505157634816E-6,0.21013605442176872
9268,-1.3135485441716717E-6,0.21015873015873016
9269,-1.287544116734029E-6,0.21018140589569162
9270,-1.261538043178714E-6,0.21020408163265306
9271,-1.235531133073874E-6,0.21022675736961452
9272,-1.20952419579877E-6,0.21024943310657596
9273,-1.183518040514895E-6,0.21027210884353742
9274,-1.157513476137116E-6,0.21029478458049886
9275,-1.131511311304812E-6,0.21031746031746032
9276,-1.105512354353043E-6,0.21034013605442176
9277,-1.0795174132837132E-6,0.21036281179138322
9278,-1.0535272957367672E-6,0.21038548752834468
9279,-1.0275428089613858E-6,0.21040816326530612
9280,-1.001564759787211E-6,0.21043083900226758
9281,-9.755939545955767E-7,0.21045351473922902
9282,-9.496311992907733E-7,0.21047619047619048
9283,-9.236772992713149E-7,0.21049886621315192
9284,-8.977330594012442E-7,0.21052154195011338
9285,-8.717992839814437E-7,0.21054421768707482
9286,-8.45876776720985E-7,0.21056689342403628
9287,-8.199663407084898E-7,0.21058956916099772
9288,-7.940687783835238E-7,0.21061224489795918
9289,-7.681848915080138E-7,0.21063492063492065
9290,-7.423154811376915E-7,0.21065759637188208
9291,-7.164613475935695E-7,0.21068027210884355
9292,-6.906232904334419E-7,0.21070294784580498
9293,-6.64802108423416E-7,0.21072562358276645
9294,-6.389985995094827E-7,0.21074829931972788
9295,-6.132135607891089E-7,0.21077097505668935
9296,-5.874477884828708E-7,0.21079365079365078
9297,-5.61702077906118E-7,0.21081632653061225
9298,-5.359772234406794E-7,0.21083900226757368
9299,-5.102740185065961E-7,0.21086167800453515
9300,-4.845932555339031E-7,0.2108843537414966
9301,-4.589357259344376E-7,0.21090702947845805
9302,-4.3330222007370357E-7,0.2109297052154195
9303,-4.0769352724276E-7,0.21095238095238095
9304,-3.8211043563016293E-7,0.2109750566893424
9305,-3.565537322939452E-7,0.21099773242630385
9306,-3.310242031336454E-7,0.2110204081632653
9307,-3.0552263286237337E-7,0.21104308390022675
9308,-2.8004980497893154E-7,0.2110657596371882
9309,-2.546065017399752E-7,0.21108843537414965
9310,-2.2919350413222905E-7,0.2111111111111111
9311,-2.0381159184474625E-7,0.21113378684807257
9312,-1.784615432412209E-7,0.211156462585034
9313,-1.5314413533235082E-7,0.21117913832199547
9314,-1.2786014374825548E-7,0.2112018140589569
9315,-1.0261034271094282E-7,0.21122448979591837
9316,-7.739550500683544E-8,0.2112471655328798
9317,-5.221640195934517E-8,0.21126984126984127
9318,-2.7073803401514444E-8,0.2112925170068027
9319,-1.9684776487039328E-9,0.21131519274376417
9320,2.3098808528650897E-8,0.2113378684807256
9321,4.8127289932233775E-8,0.21136054421768707
9322,7.31162029629728E-8,0.21138321995464854
9323,9.806478564810791E-8,0.21140589569160997
9324,1.2297227766819565E-7,0.21142857142857144
9325,1.4783792038405385E-7,0.21145124716553287
9326,1.7266095686363001E-7,0.21147392290249434
9327,1.9744063190881983E-7,0.21149659863945577
9328,2.2217619208220624E-7,0.21151927437641724
9329,2.468668857337414E-7,0.21154195011337867
9330,2.715119630273503E-7,0.21156462585034014
9331,2.961106759674724E-7,0.21158730158730157
9332,3.20662278425531E-7,0.21160997732426304
9333,3.451660261663281E-7,0.2116326530612245
9334,3.6962117687436943E-7,0.21165532879818594
9335,3.940269901801173E-7,0.2116780045351474
9336,4.1838272768616594E-7,0.21170068027210884
9337,4.426876529933458E-7,0.2117233560090703
9338,4.6694103172674273E-7,0.21174603174603174
9339,4.911421315616546E-7,0.2117687074829932
9340,5.152902222494514E-7,0.21179138321995464
9341,5.393845756433782E-7,0.2118140589569161
9342,5.634244657242537E-7,0.21183673469387754
9343,5.874091686261054E-7,0.211859410430839
9344,6.113379626617118E-7,0.21188208616780047
9345,6.35210128348086E-7,0.2119047619047619
9346,6.590249484318268E-7,0.21192743764172337
9347,6.827817079144338E-7,0.2119501133786848
9348,7.064796940775115E-7,0.21197278911564627
9349,7.301181965078978E-7,0.2119954648526077
9350,7.536965071226888E-7,0.21201814058956917
9351,7.772139201941961E-7,0.2120408163265306
9352,8.00669732374799E-7,0.21206349206349207
9353,8.240632427217119E-7,0.2120861678004535
9354,8.473937527216612E-7,0.21210884353741496
9355,8.706605663154667E-7,0.21213151927437643
9356,8.93862989922534E-7,0.21215419501133786
9357,9.170003324652505E-7,0.21217687074829933
9358,9.40071905393282E-7,0.21219954648526076
9359,9.630770227077848E-7,0.21222222222222223
9360,9.860150009855097E-7,0.21224489795918366
9361,1.0088851594028142E-6,0.21226757369614513
9362,1.0316868197595717E-6,0.21229024943310656
9363,1.0544193065029923E-6,0.21231292517006803
9364,1.0770819467513235E-6,0.21233560090702946
9365,1.0996740703174747E-6,0.21235827664399093
9366,1.1221950097325156E-6,0.2123809523809524
9367,1.1446441002690874E-6,0.21240362811791383
9368,1.167020679964706E-6,0.2124263038548753
9369,1.1893240896449565E-6,0.21244897959183673
9370,1.2115536729465892E-6,0.2124716553287982
9371,1.2337087763405028E-6,0.21249433106575963
9372,1.2557887491546228E-6,0.2125170068027211
9373,1.277792943596678E-6,0.21253968253968253
9374,1.2997207147768537E-6,0.212562358276644
9375,1.3215714207303491E-6,0.21258503401360543
9376,1.3433444224398184E-6,0.2126077097505669
9377,1.3650390838577005E-6,0.21263038548752836
9378,1.3866547719284355E-6,0.2126530612244898
9379,1.408190856610569E-6,0.21267573696145126
9380,1.4296467108987465E-6,0.2126984126984127
9381,1.4510217108455876E-6,0.21272108843537416
9382,1.4723152355834445E-6,0.2127437641723356
9383,1.4935266673460518E-6,0.21276643990929706
9384,1.514655391490048E-6,0.2127891156462585
9385,1.53570079651639E-6,0.21281179138321996
9386,1.5566622740916407E-6,0.2128344671201814
9387,1.5775392190691408E-6,0.21285714285714286
9388,1.5983310295100606E-6,0.21287981859410432
9389,1.6190371067043335E-6,0.21290249433106576
9390,1.6396568551914572E-6,0.21292517006802722
9391,1.6601896827811857E-6,0.21294784580498866
9392,1.6806350005740884E-6,0.21297052154195012
9393,1.7009922229819893E-6,0.21299319727891156
9394,1.7212607677482812E-6,0.21301587301587302
9395,1.7414400559681145E-6,0.21303854875283446
9396,1.7615295121084574E-6,0.21306122448979592
9397,1.7815285640280318E-6,0.21308390022675738
9398,1.8014366429971168E-6,0.21310657596371882
9399,1.8212531837172327E-6,0.21312925170068028
9400,1.8409776243406872E-6,0.21315192743764172
9401,1.8606094064899927E-6,0.21317460317460318
9402,1.8801479752771569E-6,0.21319727891156462
9403,1.8995927793228425E-6,0.21321995464852608
9404,1.9189432707753837E-6,0.21324263038548752
9405,1.938198905329693E-6,0.21326530612244898
9406,1.9573591422460007E-6,0.21328798185941042
9407,1.9764234443684985E-6,0.21331065759637188
9408,1.995391278143813E-6,0.21333333333333335
9409,2.0142621136393756E-6,0.21335600907029478
9410,2.0330354245616273E-6,0.21337868480725625
9411,2.051710688274104E-6,0.21340136054421768
9412,2.0702873858153816E-6,0.21342403628117915
9413,2.088765001916882E-6,0.21344671201814058
9414,2.1071430250205357E-6,0.21346938775510205
9415,2.1254209472963123E-6,0.21349206349206348
9416,2.1435982646596055E-6,0.21351473922902495
9417,2.16167447678848E-6,0.21353741496598638
9418,2.179649087140774E-6,0.21356009070294785
9419,2.1975216029710665E-6,0.2135827664399093
9420,2.2152915353474877E-6,0.21360544217687075
9421,2.232958399168409E-6,0.2136281179138322
9422,2.2505217131789634E-6,0.21365079365079365
9423,2.26798099998744E-6,0.2136734693877551
9424,2.2853357860815273E-6,0.21369614512471655
9425,2.3025856018444037E-6,0.213718820861678
9426,2.3197299815706984E-6,0.21374149659863945
9427,2.3367684634822886E-6,0.2137641723356009
9428,2.3537005897439566E-6,0.21378684807256235
9429,2.370525906478905E-6,0.2138095238095238
9430,2.387243963784105E-6,0.21383219954648527
9431,2.403854315745519E-6,0.2138548752834467
9432,2.420356520453154E-6,0.21387755102040817
9433,2.436750140015976E-6,0.2139002267573696
9434,2.4530347405766692E-6,0.21392290249433107
9435,2.4692098923262456E-6,0.2139455782312925
9436,2.485275169518497E-6,0.21396825396825397
9437,2.5012301504843082E-6,0.2139909297052154
9438,2.5170744176458E-6,0.21401360544217687
9439,2.532807557530332E-6,0.2140362811791383
9440,2.548429160784345E-6,0.21405895691609977
9441,2.5639388221870517E-6,0.21408163265306124
9442,2.5793361406639703E-6,0.21410430839002267
9443,2.594620719300303E-6,0.21412698412698414
9444,2.6097921653541583E-6,0.21414965986394557
9445,2.6248500902696234E-6,0.21417233560090704
9446,2.639794109689667E-6,0.21419501133786847
9447,2.6546238434688956E-6,0.21421768707482994
9448,2.6693389156861473E-6,0.21424036281179137
9449,2.683938954656928E-6,0.21426303854875284
9450,2.6984235929456893E-6,0.21428571428571427
9451,2.7127924673779465E-6,0.21430839002267574
9452,2.727045219052236E-6,0.2143310657596372
9453,2.7411814933519166E-6,0.21435374149659864
9454,2.755200939956807E-6,0.2143764172335601
9455,2.769103212854663E-6,0.21439909297052154
9456,2.7828879703524905E-6,0.214421768707483
9457,2.796554875087702E-6,0.21444444444444444
9458,2.810103594039111E-6,0.2144671201814059
9459,2.8235337985377555E-6,0.21448979591836734
9460,2.836845164277571E-6,0.2145124716553288
9461,2.8500373713258895E-6,0.21453514739229024
9462,2.8631101041337795E-6,0.2145578231292517
9463,2.876063051546221E-6,0.21458049886621317
9464,2.888895906812121E-6,0.2146031746031746
9465,2.901608367594153E-6,0.21462585034013607
9466,2.91420013597844E-6,0.2146485260770975
9467,2.926670918484074E-6,0.21467120181405897
9468,2.9390204260724594E-6,0.2146938775510204
9469,2.9512483741565018E-6,0.21471655328798187
9470,2.9633544826096203E-6,0.2147392290249433
9471,2.9753384757746024E-6,0.21476190476190476
9472,2.987200082472292E-6,0.2147845804988662
9473,2.9989390360100673E-6,0.21480725623582766
9474,3.0105550741902486E-6,0.21482993197278913
9475,3.0220479393182375E-6,0.21485260770975056
9476,3.0334173782105383E-6,0.21487528344671203
9477,3.0446631422026003E-6,0.21489795918367346
9478,3.0557849871564892E-6,0.21492063492063493
9479,3.0667826734683975E-6,0.21494331065759636
9480,3.077655966075973E-6,0.21496598639455783
9481,3.0884046344654853E-6,0.21498866213151926
9482,3.0990284526788264E-6,0.21501133786848073
9483,3.109527199320328E-6,0.21503401360544216
9484,3.1199006575634206E-6,0.21505668934240363
9485,3.1301486151571176E-6,0.2150793650793651
9486,3.1402708644323248E-6,0.21510204081632653
9487,3.1502672023079867E-6,0.215124716553288
9488,3.1601374302970533E-6,0.21514739229024943
9489,3.169881354512276E-6,0.2151700680272109
9490,3.1794987856718453E-6,0.21519274376417233
9491,3.188989539104835E-6,0.2152154195011338
9492,3.1983534347564864E-6,0.21523809523809523
9493,3.2075902971933275E-6,0.2152607709750567
9494,3.2166999556081006E-6,0.21528344671201813
9495,3.2256822438245327E-6,0.2153061224489796
9496,3.2345370003019262E-6,0.21532879818594106
9497,3.2432640681395796E-6,0.2153514739229025
9498,3.2518632950810328E-6,0.21537414965986396
9499,3.2603345335181395E-6,0.2153968253968254
9500,3.2686776404949666E-6,0.21541950113378686
9501,3.2768924777115225E-6,0.2154421768707483
9502,3.2849789115273053E-6,0.21546485260770976
9503,3.2929368129646845E-6,0.2154875283446712
9504,3.300766057712102E-6,0.21551020408163266
9505,3.3084665261271067E-6,0.2155328798185941
9506,3.316038103239207E-6,0.21555555555555556
9507,3.323480678752554E-6,0.21557823129251702
9508,3.330794147048446E-6,0.21560090702947846
9509,3.3379784071876705E-6,0.21562358276643992
9510,3.3450333629126507E-6,0.21564625850340136
9511,3.3519589226494415E-6,0.21566893424036282
9512,3.3587549995095287E-6,0.21569160997732426
9513,3.365421511291473E-6,0.21571428571428572
9514,3.3719583804823623E-6,0.21573696145124716
9515,3.3783655342591042E-6,0.21575963718820862
9516,3.3846429044895304E-6,0.21578231292517006
9517,3.3907904277333365E-6,0.21580498866213152
9518,3.396808045242843E-6,0.21582766439909298
9519,3.4026957029635804E-6,0.21585034013605442
9520,3.408453351534702E-6,0.21587301587301588
9521,3.414080946289217E-6,0.21589569160997732
9522,3.4195784472540554E-6,0.21591836734693878
9523,3.424945819149956E-6,0.21594104308390022
9524,3.430183031391175E-6,0.21596371882086168
9525,3.435290058085026E-6,0.21598639455782312
9526,3.4402668780312426E-6,0.21600907029478458
9527,3.4451134747211637E-6,0.21603174603174602
9528,3.4498298363367517E-6,0.21605442176870748
9529,3.454415955749424E-6,0.21607709750566895
9530,3.4588718305187252E-6,0.21609977324263038
9531,3.4631974628908106E-6,0.21612244897959185
9532,3.4673928597967646E-6,0.21614512471655328
9533,3.4714580328507403E-6,0.21616780045351475
9534,3.4753929983479273E-6,0.21619047619047618
9535,3.479197777262344E-6,0.21621315192743765
9536,3.4828723952444504E-6,0.21623582766439908
9537,3.4864168826186096E-6,0.21625850340136055
9538,3.489831274380337E-6,0.21628117913832198
9539,3.493115610193411E-6,0.21630385487528345
9540,3.4962699343867877E-6,0.2163265306122449
9541,3.4992942959513614E-6,0.21634920634920635
9542,3.502188748536534E-6,0.2163718820861678
9543,3.504953350446618E-6,0.21639455782312925
9544,3.507588164637071E-6,0.2164172335600907
9545,3.51009325871055E-6,0.21643990929705215
9546,3.512468704912795E-6,0.2164625850340136
9547,3.5147145801283496E-6,0.21648526077097505
9548,3.516830965876086E-6,0.2165079365079365
9549,3.518817948304588E-6,0.21653061224489795
9550,3.5206756181873377E-6,0.2165532879818594
9551,3.5224040709177412E-6,0.21657596371882087
9552,3.5240034065039862E-6,0.2165986394557823
9553,3.525473729563709E-6,0.21662131519274377
9554,3.5268151493185213E-6,0.2166439909297052
9555,3.528027779588339E-6,0.21666666666666667
9556,3.5291117387855517E-6,0.2166893424036281
9557,3.530067149909023E-6,0.21671201814058957
9558,3.5308941405379107E-6,0.216734693877551
9559,3.531592842825336E-6,0.21675736961451247
9560,3.5321633934918614E-6,0.2167800453514739
9561,3.532605933818808E-6,0.21680272108843537
9562,3.532920609641414E-6,0.21682539682539684
9563,3.533107571341807E-6,0.21684807256235827
9564,3.5331669738418146E-6,0.21687074829931974
9565,3.533098976595612E-6,0.21689342403628117
9566,3.5329037435821914E-6,0.21691609977324264
9567,3.5325814432976757E-6,0.21693877551020407
9568,3.5321322487474504E-6,0.21696145124716554
9569,3.5315563374381444E-6,0.21698412698412697
9570,3.5308538913694263E-6,0.21700680272108844
9571,3.530025097025648E-6,0.21702947845804987
9572,3.529070145367317E-6,0.21705215419501134
9573,3.527989231822405E-6,0.2170748299319728
9574,3.526782556277485E-6,0.21709750566893424
9575,3.5254503230687103E-6,0.2171201814058957
9576,3.5239927409726238E-6,0.21714285714285714
9577,3.5224100231968072E-6,0.2171655328798186
9578,3.520702387370362E-6,0.21718820861678004
9579,3.518870055534227E-6,0.2172108843537415
9580,3.5169132541313347E-6,0.21723356009070294
9581,3.514832213996609E-6,0.2172562358276644
9582,3.512627170346784E-6,0.21727891156462584
9583,3.5102983627700833E-6,0.2173015873015873
9584,3.5078460352157197E-6,0.21732426303854877
9585,3.5052704359832377E-6,0.2173469387755102
9586,3.502571817711704E-6,0.21736961451247166
9587,3.499750437368725E-6,0.2173922902494331
9588,3.496806556239313E-6,0.21741496598639456
9589,3.4937404399145867E-6,0.217437641723356
9590,3.490552358280318E-6,0.21746031746031746
9591,3.487242585505316E-6,0.2174829931972789
9592,3.4838114000296502E-6,0.21750566893424036
9593,3.4802590845527273E-6,0.2175283446712018
9594,3.4765859260211973E-6,0.21755102040816326
9595,3.4727922156167084E-6,0.21757369614512473
9596,3.4688782487435067E-6,0.21759637188208616
9597,3.4648443250158764E-6,0.21761904761904763
9598,3.460690748245431E-6,0.21764172335600906
9599,3.4564178264282363E-6,0.21766439909297053
9600,3.452025871731787E-6,0.21768707482993196
9601,3.447515200481864E-6,0.21770975056689343
9602,3.4428861331491465E-6,0.21773242630385486
9603,3.4381389943357647E-6,0.21775510204081633
9604,3.433274112761657E-6,0.21777777777777776
9605,3.428291821250784E-6,0.21780045351473923
9606,3.423192456717185E-6,0.2178231292517007
9607,3.4179763601508895E-6,0.21784580498866213
9608,3.4126438766036766E-6,0.2178684807256236
9609,3.407195355174686E-6,0.21789115646258503
9610,3.4016311489958758E-6,0.2179138321995465
9611,3.395951615217336E-6,0.21793650793650793
9612,3.390157114992452E-6,0.2179591836734694
9613,3.3842480134629206E-6,0.21798185941043083
9614,3.378224679743619E-6,0.2180045351473923
9615,3.372087486907328E-6,0.21802721088435373
9616,3.36583681196931E-6,0.2180498866213152
9617,3.3594730358717353E-6,0.21807256235827666
9618,3.352996543467977E-6,0.2180952380952381
9619,3.3464077235067514E-6,0.21811791383219956
9620,3.3397069686161142E-6,0.218140589569161
9621,3.332894675287324E-6,0.21816326530612246
9622,3.32597124385855E-6,0.2181859410430839
9623,3.318937078498455E-6,0.21820861678004536
9624,3.3117925871896173E-6,0.2182312925170068
9625,3.3045381817118297E-6,0.21825396825396826
9626,3.2971742776252515E-6,0.2182766439909297
9627,3.289701294253419E-6,0.21829931972789116
9628,3.2821196546661243E-6,0.21832199546485262
9629,3.274429785662154E-6,0.21834467120181406
9630,3.2666321177518833E-6,0.21836734693877552
9631,3.258727085139751E-6,0.21839002267573696
9632,3.250715125706576E-6,0.21841269841269842
9633,3.242596680991762E-6,0.21843537414965986
9634,3.234372196175354E-6,0.21845804988662132
9635,3.2260421200599577E-6,0.21848072562358276
9636,3.217606905052539E-6,0.21850340136054422
9637,3.2090670071460875E-6,0.21852607709750566
9638,3.2004228859011387E-6,0.21854875283446712
9639,3.1916750044271755E-6,0.21857142857142858
9640,3.182823829363897E-6,0.21859410430839002
9641,3.17386983086236E-6,0.21861678004535148
9642,3.1648134825659838E-6,0.21863945578231292
9643,3.155655261591438E-6,0.21866213151927438
9644,3.1463956485093933E-6,0.21868480725623582
9645,3.1370351273251563E-6,0.21870748299319728
9646,3.127574185459163E-6,0.21873015873015872
9647,3.1180133137273726E-6,0.21875283446712018
9648,3.108353006321503E-6,0.21877551020408162
9649,3.0985937607891735E-6,0.21879818594104308
9650,3.0887360780139112E-6,0.21882086167800455
9651,3.078780462195034E-6,0.21884353741496598
9652,3.0687274208274147E-6,0.21886621315192745
9653,3.05857746468113E-6,0.21888888888888888
9654,3.0483311077809796E-6,0.21891156462585035
9655,3.037988867385898E-6,0.21893424036281178
9656,3.027551263968236E-6,0.21895691609977325
9657,3.0170188211929385E-6,0.21897959183673468
9658,3.006392065896591E-6,0.21900226757369615
9659,2.995671528066364E-6,0.21902494331065758
9660,2.984857740818833E-6,0.21904761904761905
9661,2.9739512403786915E-6,0.2190702947845805
9662,2.9629525660573436E-6,0.21909297052154195
9663,2.9518622602313916E-6,0.2191156462585034
9664,2.9406808683210027E-6,0.21913832199546485
9665,2.929408938768182E-6,0.2191609977324263
9666,2.918047023014912E-6,0.21918367346938775
9667,2.9065956754811993E-6,0.2192063492063492
9668,2.8950554535430096E-6,0.21922902494331065
9669,2.8834269175100954E-6,0.2192517006802721
9670,2.8717106306037174E-6,0.21927437641723355
9671,2.859907158934254E-6,0.219297052154195
9672,2.848017071478716E-6,0.21931972789115647
9673,2.836040940058151E-6,0.2193424036281179
9674,2.823979339314943E-6,0.21936507936507937
9675,2.8118328466900174E-6,0.2193877551020408
9676,2.7996020423999375E-6,0.21941043083900227
9677,2.7872875094139017E-6,0.2194331065759637
9678,2.7748898334306436E-6,0.21945578231292517
9679,2.762409602855233E-6,0.2194784580498866
9680,2.7498474087757775E-6,0.21950113378684807
9681,2.73720384494002E-6,0.2195238095238095
9682,2.7244795077318613E-6,0.21954648526077097
9683,2.7116749961477638E-6,0.21956916099773244
9684,2.6987909117730726E-6,0.21959183673469387
9685,2.685827858758243E-6,0.21961451247165534
9686,2.672786443794972E-6,0.21963718820861677
9687,2.659667276092243E-6,0.21965986394557824
9688,2.6464709673522736E-6,0.21968253968253967
9689,2.633198131746375E-6,0.21970521541950114
9690,2.6198493858907337E-6,0.21972789115646257
9691,2.6064253488220846E-6,0.21975056689342404
9692,2.5929266419733147E-6,0.2197732426303855
9693,2.579353889148973E-6,0.21979591836734694
9694,2.5657077165006976E-6,0.2198185941043084
9695,2.5519887525025567E-6,0.21984126984126984
9696,2.538197627926306E-6,0.2198639455782313
9697,2.52433497581657E-6,0.21988662131519274
9698,2.510401431465929E-6,0.2199092970521542
9699,2.4963976323899407E-6,0.21993197278911564
9700,2.4823242183020735E-6,0.2199546485260771
9701,2.4681818310885575E-6,0.21997732426303854
9702,2.4539711147831728E-6,0.22
9703,2.439692715541944E-6,0.22002267573696146
9704,2.42534728161777E-6,0.2200453514739229
9705,2.4109354633349758E-6,0.22006802721088436
9706,2.396457913063792E-6,0.2200907029478458
9707,2.3819152851947556E-6,0.22011337868480726
9708,2.367308236113049E-6,0.2201360544217687
9709,2.3526374241727574E-6,0.22015873015873016
9710,2.337903509671067E-6,0.2201814058956916
9711,2.323107154822388E-6,0.22020408163265306
9712,2.308249023732407E-6,0.2202267573696145
9713,2.2933297823720804E-6,0.22024943310657596
9714,2.278350098551556E-6,0.22027210884353743
9715,2.263310641894034E-6,0.22029478458049886
9716,2.248212083809557E-6,0.22031746031746033
9717,2.233055097468747E-6,0.22034013605442176
9718,2.217840357776472E-6,0.22036281179138323
9719,2.2025685413454548E-6,0.22038548752834466
9720,2.187240326469824E-6,0.22040816326530613
9721,2.171856393098604E-6,0.22043083900226756
9722,2.156417422809146E-6,0.22045351473922903
9723,2.1409240987805024E-6,0.22047619047619046
9724,2.1253771057667498E-6,0.22049886621315193
9725,2.1097771300702486E-6,0.2205215419501134
9726,2.0941248595148597E-6,0.22054421768707483
9727,2.0784209834190974E-6,0.2205668934240363
9728,2.0626661925692446E-6,0.22058956916099773
9729,2.0468611791923804E-6,0.2206122448979592
9730,2.03100663692943E-6,0.22063492063492063
9731,2.015103260808085E-6,0.2206575963718821
9732,1.9991517472157302E-6,0.22068027210884353
9733,1.983152793872299E-6,0.220702947845805
9734,1.9671070998030938E-6,0.22072562358276643
9735,1.951015365311554E-6,0.2207482993197279
9736,1.934878291951991E-6,0.22077097505668936
9737,1.918696582502268E-6,0.2207936507936508
9738,1.9024709409364483E-6,0.22081632653061226
9739,1.8862020723973969E-6,0.2208390022675737
9740,1.8698906831693478E-6,0.22086167800453516
9741,1.8535374806504261E-6,0.2208843537414966
9742,1.8371431733251427E-6,0.22090702947845806
9743,1.8207084707368414E-6,0.2209297052154195
9744,1.8042340834601194E-6,0.22095238095238096
9745,1.7877207230732063E-6,0.2209750566893424
9746,1.771169102130322E-6,0.22099773242630386
9747,1.7545799341339853E-6,0.22102040816326532
9748,1.737953933507306E-6,0.22104308390022676
9749,1.7212918155662403E-6,0.22106575963718822
9750,1.7045942964918176E-6,0.22108843537414966
9751,1.6878620933023433E-6,0.22111111111111112
9752,1.6710959238255676E-6,0.22113378684807256
9753,1.6542965066708334E-6,0.22115646258503402
9754,1.637464561201205E-6,0.22117913832199546
9755,1.620600807505555E-6,0.22120181405895692
9756,1.603705966370652E-6,0.22122448979591836
9757,1.5867807592532071E-6,0.22124716553287982
9758,1.569825908251912E-6,0.22126984126984128
9759,1.5528421360794537E-6,0.22129251700680272
9760,1.5358301660345072E-6,0.22131519274376418
9761,1.5187907219737176E-6,0.22133786848072562
9762,1.5017245282836622E-6,0.22136054421768708
9763,1.4846323098527946E-6,0.22138321995464852
9764,1.4675147920433831E-6,0.22140589569160998
9765,1.4503727006634258E-6,0.22142857142857142
9766,1.4332067619385629E-6,0.22145124716553288
9767,1.4160177024839717E-6,0.22147392290249432
9768,1.3988062492762528E-6,0.22149659863945578
9769,1.3815731296253114E-6,0.22151927437641725
9770,1.3643190711462259E-6,0.22154195011337868
9771,1.3470448017311124E-6,0.22156462585034015
9772,1.3297510495209847E-6,0.22158730158730158
9773,1.3124385428776049E-6,0.22160997732426305
9774,1.2951080103553343E-6,0.22163265306122448
9775,1.2777601806729883E-6,0.22165532879818595
9776,1.2603957826856717E-6,0.22167800453514738
9777,1.243015545356632E-6,0.22170068027210885
9778,1.2256201977291074E-6,0.22172335600907028
9779,1.2082104688981723E-6,0.22174603174603175
9780,1.1907870879825895E-6,0.2217687074829932
9781,1.1733507840966666E-6,0.22179138321995465
9782,1.1559022863221201E-6,0.2218140589569161
9783,1.1384423236799365E-6,0.22183673469387755
9784,1.120971625102252E-6,0.221859410430839
9785,1.103490919404229E-6,0.22188208616780045
9786,1.0860009352559574E-6,0.2219047619047619
9787,1.0685024011543431E-6,0.22192743764172335
9788,1.0509960453950355E-6,0.2219501133786848
9789,1.0334825960443425E-6,0.22197278911564625
9790,1.0159627809111777E-6,0.2219954648526077
9791,9.984373275190108E-7,0.22201814058956917
9792,9.809069630778374E-7,0.2220408163265306
9793,9.633724144561688E-7,0.22206349206349207
9794,9.458344081530341E-7,0.2220861678004535
9795,9.282936702700017E-7,0.22210884353741497
9796,9.107509264832271E-7,0.2221315192743764
9797,8.932069020155132E-7,0.22215419501133787
9798,8.756623216083987E-7,0.2221768707482993
9799,8.581179094942691E-7,0.22219954648526077
9800,8.405743893684858E-7,0.2222222222222222
9801,8.230324843615487E-7,0.22224489795918367
9802,8.054929170112808E-7,0.22226757369614514
9803,7.879564092350373E-7,0.22229024943310657
9804,7.704236823019524E-7,0.22231292517006804
9805,7.528954568052014E-7,0.22233560090702947
9806,7.353724526343108E-7,0.22235827664399094
9807,7.178553889474829E-7,0.22238095238095237
9808,7.003449841439651E-7,0.22240362811791384
9809,6.82841955836442E-7,0.22242630385487527
9810,6.653470208234792E-7,0.22244897959183674
9811,6.478608950619815E-7,0.22247165532879817
9812,6.303842936397041E-7,0.22249433106575964
9813,6.12917930747793E-7,0.2225170068027211
9814,5.954625196533704E-7,0.22253968253968254
9815,5.780187726721525E-7,0.222562358276644
9816,5.605874011411167E-7,0.22258503401360544
9817,5.431691153912001E-7,0.2226077097505669
9818,5.257646247200577E-7,0.22263038548752834
9819,5.083746373648407E-7,0.2226530612244898
9820,4.90999860475044E-7,0.22267573696145124
9821,4.7364100008538333E-7,0.2226984126984127
9822,4.5629876108872864E-7,0.22272108843537414
9823,4.389738472090791E-7,0.2227437641723356
9824,4.216669609745903E-7,0.22276643990929706
9825,4.0437880369065433E-7,0.2227891156462585
9826,3.87110075413025E-7,0.22281179138321996
9827,3.698614749209995E-7,0.2228344671201814
9828,3.526336996906535E-7,0.22285714285714286
9829,3.3542744586812547E-7,0.2228798185941043
9830,3.182434082429639E-7,0.22290249433106576
9831,3.0108228022152374E-7,0.2229251700680272
9832,2.839447538004245E-7,0.22294784580498866
9833,2.668315195400646E-7,0.2229705215419501
9834,2.497432665381962E-7,0.22299319727891156
9835,2.326806824035565E-7,0.22301587301587303
9836,2.1564445322956742E-7,0.22303854875283446
9837,1.9863526356808827E-7,0.22306122448979593
9838,1.8165379640324273E-7,0.22308390022675736
9839,1.647007331253002E-7,0.22310657596371883
9840,1.4777675350462405E-7,0.22312925170068026
9841,1.3088253566569225E-7,0.22315192743764173
9842,1.1401875606118071E-7,0.22317460317460316
9843,9.718608944611143E-8,0.22319727891156463
9844,8.0385208852076E-8,0.22321995464852606
9845,6.361678556152728E-8,0.22324263038548753
9846,4.688148908213849E-8,0.223265306122449
9847,3.017998712123972E-8,0.22328798185941043
9848,1.3512945560324797E-8,0.2233106575963719
9849,-3.1189715703728395E-9,0.22333333333333333
9850,-1.9715102117211507E-8,0.2233560090702948
9851,-3.627478582842775E-8,0.22337868480725623
9852,-5.2797364379309735E-8,0.2234013605442177
9853,-6.928218139732618E-8,0.22342403628117913
9854,-8.572858248714983E-8,0.2234467120181406
9855,-1.0213591525562077E-7,0.22346938775510203
9856,-1.1850352933661365E-7,0.2234920634920635
9857,-1.3483077641583834E-7,0.22351473922902496
9858,-1.5111701025554497E-7,0.2235374149659864
9859,-1.6736158671915519E-7,0.22356009070294786
9860,-1.835638637958007E-7,0.2235827664399093
9861,-1.997232016247882E-7,0.22360544217687076
9862,-2.15838962519959E-7,0.2236281179138322
9863,-2.319105109939856E-7,0.22365079365079366
9864,-2.4793721378255975E-7,0.2236734693877551
9865,-2.639184398685025E-7,0.22369614512471656
9866,-2.7985356050578344E-7,0.223718820861678
9867,-2.9574194924344405E-7,0.22374149659863946
9868,-3.115829819494334E-7,0.22376417233560092
9869,-3.273760368343549E-7,0.22378684807256236
9870,-3.431204944751056E-7,0.22380952380952382
9871,-3.588157378384424E-7,0.22383219954648526
9872,-3.744611523044322E-7,0.22385487528344672
9873,-3.900561256898222E-7,0.22387755102040816
9874,-4.0560004827129803E-7,0.22390022675736962
9875,-4.210923128086604E-7,0.22392290249433106
9876,-4.365323145678874E-7,0.22394557823129252
9877,-4.5191945134411074E-7,0.22396825396825396
9878,-4.672531234844813E-7,0.22399092970521542
9879,-4.825327339109366E-7,0.22401360544217688
9880,-4.977576881428694E-7,0.22403628117913832
9881,-5.129273943196879E-7,0.22405895691609978
9882,-5.280412632232755E-7,0.22408163265306122
9883,-5.430987083003459E-7,0.22410430839002268
9884,-5.580991456846885E-7,0.22412698412698412
9885,-5.730419942193145E-7,0.22414965986394558
9886,-5.879266754784866E-7,0.22417233560090702
9887,-6.027526137896498E-7,0.22419501133786848
9888,-6.175192362552452E-7,0.22421768707482992
9889,-6.322259727744213E-7,0.22424036281179138
9890,-6.468722560646293E-7,0.22426303854875285
9891,-6.614575216831066E-7,0.22428571428571428
9892,-6.759812080482555E-7,0.22430839002267575
9893,-6.904427564608997E-7,0.22433106575963718
9894,-7.048416111254306E-7,0.22435374149659865
9895,-7.191772191708426E-7,0.22437641723356008
9896,-7.33449030671647E-7,0.22439909297052155
9897,-7.476564986686728E-7,0.22442176870748298
9898,-7.617990791897504E-7,0.22444444444444445
9899,-7.758762312702767E-7,0.22446712018140588
9900,-7.898874169736635E-7,0.22448979591836735
9901,-8.038321014116653E-7,0.2245124716553288
9902,-8.177097527645841E-7,0.22453514739229025
9903,-8.315198423013597E-7,0.2245578231292517
9904,-8.452618443995322E-7,0.22458049886621315
9905,-8.589352365650856E-7,0.2246031746031746
9906,-8.72539499452169E-7,0.22462585034013605
9907,-8.860741168826922E-7,0.2246485260770975
9908,-8.99538575865795E-7,0.22467120181405895
9909,-9.129323666171957E-7,0.2246938775510204
9910,-9.262549825784073E-7,0.22471655328798185
9911,-9.395059204358361E-7,0.2247392290249433
9912,-9.526846801397436E-7,0.22476190476190477
9913,-9.657907649230847E-7,0.2247845804988662
9914,-9.788236813202158E-7,0.22480725623582767
9915,-9.917829391854778E-7,0.2248299319727891
9916,-1.0046680517116357E-6,0.22485260770975057
9917,-1.0174785354482098E-6,0.224875283446712
9918,-1.0302139103196454E-6,0.22489795918367347
9919,-1.0428736996433823E-6,0.2249206349206349
9920,-1.0554574301477622E-6,0.22494331065759637
9921,-1.0679646319898257E-6,0.2249659863945578
9922,-1.0803948387729565E-6,0.22498866213151927
9923,-1.0927475875644048E-6,0.22501133786848074
9924,-1.1050224189126643E-6,0.22503401360544217
9925,-1.1172188768647206E-6,0.22505668934240364
9926,-1.1293365089831586E-6,0.22507936507936507
9927,-1.1413748663631305E-6,0.22510204081632654
9928,-1.1533335036491912E-6,0.22512471655328797
9929,-1.1652119790519928E-6,0.22514739229024944
9930,-1.1770098543648284E-6,0.22517006802721087
9931,-1.1887266949800618E-6,0.22519274376417234
9932,-1.2003620699053833E-6,0.22521541950113377
9933,-1.2119155517799538E-6,0.22523809523809524
9934,-1.2233867168903867E-6,0.2252607709750567
9935,-1.2347751451865958E-6,0.22528344671201814
9936,-1.2460804202975008E-6,0.2253061224489796
9937,-1.257302129546585E-6,0.22532879818594104
9938,-1.268439863967309E-6,0.2253514739229025
9939,-1.279493218318384E-6,0.22537414965986394
9940,-1.2904617910988934E-6,0.2253968253968254
9941,-1.3013451845632737E-6,0.22541950113378684
9942,-1.3121430047361439E-6,0.2254421768707483
9943,-1.3228548614269916E-6,0.22546485260770974
9944,-1.3334803682447074E-6,0.2254875283446712
9945,-1.3440191426119766E-6,0.22551020408163266
9946,-1.3544708057795149E-6,0.2255328798185941
9947,-1.3648349828401645E-6,0.22555555555555556
9948,-1.3751113027428232E-6,0.225578231292517
9949,-1.3852993983062454E-6,0.22560090702947846
9950,-1.3953989062326756E-6,0.2256235827664399
9951,-1.405409467121333E-6,0.22564625850340136
9952,-1.4153307254817549E-6,0.2256689342403628
9953,-1.4251623297469678E-6,0.22569160997732426
9954,-1.4349039322865266E-6,0.2257142857142857
9955,-1.444555189419386E-6,0.22573696145124716
9956,-1.454115761426623E-6,0.22575963718820863
9957,-1.463585312564007E-6,0.22578231292517006
9958,-1.4729635110744097E-6,0.22580498866213153
9959,-1.4822500292000642E-6,0.22582766439909296
9960,-1.491444543194664E-6,0.22585034013605443
9961,-1.5005467333353127E-6,0.22587301587301586
9962,-1.5095562839343077E-6,0.22589569160997733
9963,-1.5184728833507758E-6,0.22591836734693876
9964,-1.527296224002143E-6,0.22594104308390023
9965,-1.5360260023754519E-6,0.22596371882086166
9966,-1.544661919038519E-6,0.22598639455782313
9967,-1.5532036786509349E-6,0.2260090702947846
9968,-1.5616509899748974E-6,0.22603174603174603
9969,-1.5700035658858968E-6,0.2260544217687075
9970,-1.5782611233832315E-6,0.22607709750566893
9971,-1.5864233836003676E-6,0.2260997732426304
9972,-1.594490071815139E-6,0.22612244897959183
9973,-1.6024609174597774E-6,0.2261451247165533
9974,-1.6103356541307963E-6,0.22616780045351473
9975,-1.6181140195986926E-6,0.2261904761904762
9976,-1.625795755817511E-6,0.22621315192743763
9977,-1.6333806089342183E-6,0.2262358276643991
9978,-1.6408683292979337E-6,0.22625850340136056
9979,-1.6482586714689937E-6,0.226281179138322
9980,-1.6555513942278416E-6,0.22630385487528346
9981,-1.6627462605837673E-6,0.2263265306122449
9982,-1.6698430377834727E-6,0.22634920634920636
9983,-1.6768414973194786E-6,0.2263718820861678
9984,-1.6837414149383627E-6,0.22639455782312926
9985,-1.690542570648825E-6,0.2264172335600907
9986,-1.6972447487296119E-6,0.22643990929705216
9987,-1.7038477377372485E-6,0.22646258503401362
9988,-1.7103513305136154E-6,0.22648526077097506
9989,-1.7167553241933572E-6,0.22650793650793652
9990,-1.7230595202111278E-6,0.22653061224489796
9991,-1.7292637243086654E-6,0.22655328798185942
9992,-1.735367746541698E-6,0.22657596371882086
9993,-1.7413714012866841E-6,0.22659863945578232
9994,-1.747274507247391E-6,0.22662131519274376
9995,-1.7530768874612932E-6,0.22664399092970522
9996,-1.7587783693058092E-6,0.22666666666666666
9997,-1.7643787845043756E-6,0.22668934240362812
9998,-1.7698779691323347E-6,0.22671201814058958
9999,-1.7752757636226777E-6,0.22673469387755102
